timestamp,total_clients,total_kbps,bitrate,psnr,ssim
2026-09-14T15:08:57.769Z,camera_0,0,0.00,0.00,0.00,110592.00,100.0,2000,null,null,120,640,480
2026-09-14T15:08:57.779Z,camera_1,0,0.00,0.00,0.00,110592.00,100.0,2000,null,null,120,640,480
2026-09-14T15:08:57.781Z,camera_0,0,0.00,0.00,0.00,110592.00,100.0,2000,null,null,120,640,480
2026-09-14T15:09:00.772Z,camera_0,0,0.00,0.00,0.00,110592.00,100.0,2000,null,null,120,640,480
2026-09-14T15:09:00.772Z,camera_1,0,0.00,0.00,0.00,110592.00,100.0,2000,null,null,120,640,480
2026-09-14T15:09:00.773Z,camera_0,0,0.00,0.00,0.00,110592.00,100.0,2000,null,null,120,640,480
2026-09-14T15:09:03.775Z,camera_0,0,0.00,0.00,0.00,110592.00,100.0,2000,null,null,120,640,480
2026-09-14T15:09:03.775Z,camera_1,0,0.00,0.00,0.00,110592.00,100.0,2000,null,null,120,640,480
2026-09-14T15:09:03.776Z,camera_0,0,0.00,0.00,0.00,110592.00,100.0,2000,null,null,120,640,480
2026-09-14T15:09:06.776Z,camera_0,0,0.00,0.00,0.00,110592.00,100.0,2000,null,null,120,640,480
2026-09-14T15:09:06.776Z,camera_1,0,0.00,0.00,0.00,110592.00,100.0,2000,null,null,120,640,480
2026-09-14T15:09:06.776Z,camera_0,0,0.00,0.00,0.00,110592.00,100.0,2000,null,null,120,640,480
2026-09-14T15:09:09.779Z,camera_0,0,0.00,0.00,0.00,110592.00,100.0,2000,null,null,120,640,480
2026-09-14T15:09:09.779Z,camera_0,0,0.00,0.00,0.00,110592.00,100.0,2000,null,null,120,640,480
2026-09-14T15:09:09.779Z,camera_1,0,0.00,0.00,0.00,110592.00,100.0,2000,null,null,120,640,480
2026-09-14T15:09:12.782Z,camera_0,0,0.00,0.00,0.00,110592.00,100.0,2000,null,null,120,640,480
2026-09-14T15:09:12.782Z,camera_1,0,0.00,0.00,0.00,110592.00,100.0,2000,null,null,120,640,480
2026-09-14T15:09:12.782Z,camera_0,0,0.00,0.00,0.00,110592.00,100.0,2000,null,null,120,640,480
2026-09-14T15:09:15.783Z,camera_0,0,0.00,0.00,0.00,110592.00,100.0,2000,null,null,120,640,480
2026-09-14T15:09:15.783Z,camera_1,0,0.00,0.00,0.00,110592.00,100.0,2000,null,null,120,640,480
2026-09-14T15:09:15.784Z,camera_0,0,0.00,0.00,0.00,110592.00,100.0,2000,null,null,120,640,480
2026-09-14T15:09:18.786Z,camera_0,0,0.00,0.00,0.00,110592.00,100.0,2000,null,null,120,640,480
2026-09-14T15:09:18.786Z,camera_1,0,0.00,0.00,0.00,110592.00,100.0,2000,null,null,120,640,480
2026-09-14T15:09:18.786Z,camera_0,0,0.00,0.00,0.00,110592.00,100.0,2000,null,null,120,640,480
2026-09-14T15:09:21.789Z,camera_0,0,0.00,0.00,0.00,110592.00,100.0,2000,null,null,120,640,480
2026-09-14T15:09:21.789Z,camera_0,0,0.00,0.00,0.00,110592.00,100.0,2000,null,null,120,640,480
2026-09-14T15:09:21.789Z,camera_1,0,0.00,0.00,0.00,110592.00,100.0,2000,null,null,120,640,480
2026-09-14T15:09:24.792Z,camera_1,0,0.00,0.00,0.00,110592.00,100.0,2000,null,null,120,640,480
2026-09-14T15:09:24.792Z,camera_0,0,0.00,0.00,0.00,110592.00,100.0,2000,null,null,120,640,480
2026-09-14T15:09:24.793Z,camera_0,0,0.00,0.00,0.00,110592.00,100.0,2000,null,null,120,640,480
2026-09-14T15:09:27.798Z,camera_0,0,0.00,0.00,0.00,110592.00,100.0,2000,null,null,120,640,480
2026-09-14T15:09:27.798Z,camera_1,0,0.00,0.00,0.00,110592.00,100.0,2000,null,null,120,640,480
2026-09-14T15:09:27.798Z,camera_0,0,0.00,0.00,0.00,110592.00,100.0,2000,null,null,120,640,480
2026-09-14T15:09:30.801Z,camera_0,0,0.00,0.00,0.00,110592.00,100.0,2000,null,null,120,640,480
2026-09-14T15:09:30.801Z,camera_1,0,0.00,0.00,0.00,110592.00,100.0,2000,null,null,120,640,480
2026-09-14T15:09:30.801Z,camera_0,0,0.00,0.00,0.00,110592.00,100.0,2000,null,null,120,640,480
2026-09-14T15:09:33.804Z,camera_0,0,0.00,0.00,0.00,110592.00,100.0,2000,null,null,120,640,480
2026-09-14T15:09:33.804Z,camera_1,0,0.00,0.00,0.00,110592.00,100.0,2000,null,null,120,640,480
2026-09-14T15:09:33.804Z,camera_0,0,0.00,0.00,0.00,110592.00,100.0,2000,null,null,120,640,480
2026-09-14T15:09:36.807Z,camera_0,0,0.00,0.00,0.00,110592.00,100.0,2000,null,null,120,640,480
2026-09-14T15:09:36.807Z,camera_1,0,0.00,0.00,0.00,110592.00,100.0,2000,null,null,120,640,480
2026-09-14T15:09:36.807Z,camera_0,0,0.00,0.00,0.00,110592.00,100.0,2000,null,null,120,640,480
2026-09-14T15:09:39.810Z,camera_0,0,0.00,0.00,0.00,110592.00,100.0,2000,null,null,120,640,480
2026-09-14T15:09:39.810Z,camera_1,0,0.00,0.00,0.00,110592.00,100.0,2000,null,null,120,640,480
2026-09-14T15:09:39.810Z,camera_0,0,0.00,0.00,0.00,110592.00,100.0,2000,null,null,120,640,480
2026-09-14T15:09:42.813Z,camera_0,0,0.00,0.00,0.00,110592.00,100.0,2000,null,null,120,640,480
2026-09-14T15:09:42.813Z,camera_1,0,0.00,0.00,0.00,110592.00,100.0,2000,null,null,120,640,480
2026-09-14T15:09:42.813Z,camera_0,0,0.00,0.00,0.00,110592.00,100.0,2000,null,null,120,640,480
2026-09-14T15:09:45.816Z,camera_0,0,0.00,0.00,0.00,110592.00,100.0,2000,null,null,120,640,480
2026-09-14T15:09:45.816Z,camera_1,0,0.00,0.00,0.00,110592.00,100.0,2000,null,null,120,640,480
2026-09-14T15:09:45.816Z,camera_0,0,0.00,0.00,0.00,110592.00,100.0,2000,null,null,120,640,480
2026-09-14T15:09:48.819Z,camera_0,0,0.00,0.00,0.00,110592.00,100.0,2000,null,null,120,640,480
2026-09-14T15:09:48.819Z,camera_1,0,0.00,0.00,0.00,110592.00,100.0,2000,null,null,120,640,480
2026-09-14T15:09:48.819Z,camera_0,0,0.00,0.00,0.00,110592.00,100.0,2000,null,null,120,640,480
2026-09-14T15:09:51.822Z,camera_0,0,0.00,0.00,0.00,110592.00,100.0,2000,null,null,120,640,480
2026-09-14T15:09:51.822Z,camera_1,0,0.00,0.00,0.00,110592.00,100.0,2000,null,null,120,640,480
2026-09-14T15:09:51.822Z,camera_0,0,0.00,0.00,0.00,110592.00,100.0,2000,null,null,120,640,480
2026-09-14T15:09:54.825Z,camera_0,0,0.00,0.00,0.00,110592.00,100.0,2000,null,null,120,640,480
2026-09-14T15:09:54.825Z,camera_1,0,0.00,0.00,0.00,110592.00,100.0,2000,null,null,120,640,480
2026-09-14T15:09:54.825Z,camera_0,0,0.00,0.00,0.00,110592.00,100.0,2000,null,null,120,640,480
2026-09-14T15:09:57.825Z,camera_1,0,0.00,0.00,0.00,110592.00,100.0,2000,null,null,120,640,480
2026-09-14T15:09:57.825Z,camera_0,0,0.00,0.00,0.00,110592.00,100.0,2000,null,null,120,640,480
2026-09-14T15:09:57.826Z,camera_0,0,0.00,0.00,0.00,110592.00,100.0,2000,null,null,120,640,480
2026-09-14T15:10:00.828Z,camera_0,0,0.00,0.00,0.00,110592.00,100.0,2000,null,null,120,640,480
2026-09-14T15:10:00.828Z,camera_1,0,0.00,0.00,0.00,110592.00,100.0,2000,null,null,120,640,480
2026-09-14T15:10:00.828Z,camera_0,0,0.00,0.00,0.00,110592.00,100.0,2000,null,null,120,640,480
2026-09-14T15:10:03.831Z,camera_0,0,0.00,0.00,0.00,110592.00,100.0,2000,null,null,120,640,480
2026-09-14T15:10:03.831Z,camera_1,0,0.00,0.00,0.00,110592.00,100.0,2000,null,null,120,640,480
2026-09-14T15:10:03.832Z,camera_0,0,0.00,0.00,0.00,110592.00,100.0,2000,null,null,120,640,480
2026-09-14T15:10:06.834Z,camera_0,0,0.00,0.00,0.00,110592.00,100.0,2000,null,null,120,640,480
2026-09-14T15:10:06.834Z,camera_1,0,0.00,0.00,0.00,110592.00,100.0,2000,null,null,120,640,480
2026-09-14T15:10:06.834Z,camera_0,0,0.00,0.00,0.00,110592.00,100.0,2000,null,null,120,640,480
2026-09-14T15:10:09.837Z,camera_0,0,0.00,0.00,0.00,110592.00,100.0,2000,null,null,120,640,480
2026-09-14T15:10:09.837Z,camera_1,0,0.00,0.00,0.00,110592.00,100.0,2000,null,null,120,640,480
2026-09-14T15:10:09.838Z,camera_0,0,0.00,0.00,0.00,110592.00,100.0,2000,null,null,120,640,480
2026-09-14T15:10:12.840Z,camera_0,0,0.00,0.00,0.00,110592.00,100.0,2000,null,null,120,640,480
2026-09-14T15:10:12.840Z,camera_1,0,0.00,0.00,0.00,110592.00,100.0,2000,null,null,120,640,480
2026-09-14T15:10:12.840Z,camera_0,0,0.00,0.00,0.00,110592.00,100.0,2000,null,null,120,640,480
2026-09-14T15:10:15.843Z,camera_0,0,0.00,0.00,0.00,110592.00,100.0,2000,null,null,120,640,480
2026-09-14T15:10:15.843Z,camera_1,0,0.00,0.00,0.00,110592.00,100.0,2000,null,null,120,640,480
2026-09-14T15:10:15.843Z,camera_0,0,0.00,0.00,0.00,110592.00,100.0,2000,null,null,120,640,480
2026-09-14T15:10:18.846Z,camera_0,0,0.00,0.00,0.00,110592.00,100.0,2000,null,null,120,640,480
2026-09-14T15:10:18.846Z,camera_0,0,0.00,0.00,0.00,110592.00,100.0,2000,null,null,120,640,480
2026-09-14T15:10:18.846Z,camera_1,0,0.00,0.00,0.00,110592.00,100.0,2000,null,null,120,640,480
2026-09-14T15:10:21.849Z,camera_1,0,0.00,0.00,0.00,110592.00,100.0,2000,null,null,120,640,480
2026-09-14T15:10:21.849Z,camera_0,0,0.00,0.00,0.00,110592.00,100.0,2000,null,null,120,640,480
2026-09-14T15:10:21.850Z,camera_0,0,0.00,0.00,0.00,110592.00,100.0,2000,null,null,120,640,480
2026-09-14T15:10:24.852Z,camera_0,0,0.00,0.00,0.00,110592.00,100.0,2000,null,null,120,640,480
2026-09-14T15:10:24.853Z,camera_0,0,0.00,0.00,0.00,110592.00,100.0,2000,null,null,120,640,480
2026-09-14T15:10:24.852Z,camera_1,0,0.00,0.00,0.00,110592.00,100.0,2000,null,null,120,640,480
2026-09-14T15:10:27.853Z,camera_0,0,0.00,0.00,0.00,110592.00,100.0,2000,null,null,120,640,480
2026-09-14T15:10:27.853Z,camera_1,0,0.00,0.00,0.00,110592.00,100.0,2000,null,null,120,640,480
2026-09-14T15:10:27.853Z,camera_0,0,0.00,0.00,0.00,110592.00,100.0,2000,null,null,120,640,480
2026-09-14T15:10:30.856Z,camera_0,0,0.00,0.00,0.00,110592.00,100.0,2000,null,null,120,640,480
2026-09-14T15:10:30.856Z,camera_1,0,0.00,0.00,0.00,110592.00,100.0,2000,null,null,120,640,480
2026-09-14T15:10:30.856Z,camera_0,0,0.00,0.00,0.00,110592.00,100.0,2000,null,null,120,640,480
2026-09-14T15:10:33.859Z,camera_0,0,0.00,0.00,0.00,110592.00,100.0,2000,null,null,120,640,480
2026-09-14T15:10:33.859Z,camera_1,0,0.00,0.00,0.00,110592.00,100.0,2000,null,null,120,640,480
2026-09-14T15:10:33.859Z,camera_0,0,0.00,0.00,0.00,110592.00,100.0,2000,null,null,120,640,480
2026-09-14T15:10:36.862Z,camera_0,0,0.00,0.00,0.00,110592.00,100.0,2000,null,null,120,640,480
2026-09-14T15:10:36.863Z,camera_1,0,0.00,0.00,0.00,110592.00,100.0,2000,null,null,120,640,480
2026-09-14T15:10:36.863Z,camera_0,0,0.00,0.00,0.00,110592.00,100.0,2000,null,null,120,640,480
2026-09-14T15:10:39.864Z,camera_0,0,0.00,0.00,0.00,110592.00,100.0,2000,null,null,120,640,480
2026-09-14T15:10:39.864Z,camera_1,0,0.00,0.00,0.00,110592.00,100.0,2000,null,null,120,640,480
2026-09-14T15:10:39.864Z,camera_0,0,0.00,0.00,0.00,110592.00,100.0,2000,null,null,120,640,480
2026-09-14T15:10:42.867Z,camera_1,0,0.00,0.00,0.00,110592.00,100.0,2000,null,null,120,640,480
2026-09-14T15:10:42.867Z,camera_0,0,0.00,0.00,0.00,110592.00,100.0,2000,null,null,120,640,480
2026-09-14T15:10:42.867Z,camera_0,0,0.00,0.00,0.00,110592.00,100.0,2000,null,null,120,640,480
2026-09-14T15:10:45.870Z,camera_0,0,0.00,0.00,0.00,110592.00,100.0,2000,null,null,120,640,480
2026-09-14T15:10:45.870Z,camera_1,0,0.00,0.00,0.00,110592.00,100.0,2000,null,null,120,640,480
2026-09-14T15:10:45.870Z,camera_0,0,0.00,0.00,0.00,110592.00,100.0,2000,null,null,120,640,480
2026-09-14T15:10:48.873Z,camera_0,0,0.00,0.00,0.00,110592.00,100.0,2000,null,null,120,640,480
2026-09-14T15:10:48.873Z,camera_1,0,0.00,0.00,0.00,110592.00,100.0,2000,null,null,120,640,480
2026-09-14T15:10:48.873Z,camera_0,0,0.00,0.00,0.00,110592.00,100.0,2000,null,null,120,640,480
2026-09-14T15:10:51.877Z,camera_0,0,0.00,0.00,0.00,110592.00,100.0,2000,null,null,120,640,480
2026-09-14T15:10:51.878Z,camera_1,0,0.00,0.00,0.00,110592.00,100.0,2000,null,null,120,640,480
2026-09-14T15:10:51.878Z,camera_0,0,0.00,0.00,0.00,110592.00,100.0,2000,null,null,120,640,480
2026-09-14T15:10:54.882Z,camera_0,0,0.00,0.00,0.00,110592.00,100.0,2000,null,null,120,640,480
2026-09-14T15:10:54.882Z,camera_1,0,0.00,0.00,0.00,110592.00,100.0,2000,null,null,120,640,480
2026-09-14T15:10:54.882Z,camera_0,0,0.00,0.00,0.00,110592.00,100.0,2000,null,null,120,640,480
2026-09-14T15:10:57.882Z,camera_0,0,0.00,0.00,0.00,110592.00,100.0,2000,null,null,120,640,480
2026-09-14T15:10:57.882Z,camera_1,0,0.00,0.00,0.00,110592.00,100.0,2000,null,null,120,640,480
2026-09-14T15:10:57.882Z,camera_0,0,0.00,0.00,0.00,110592.00,100.0,2000,null,null,120,640,480
2026-09-14T15:11:00.885Z,camera_0,0,0.00,0.00,0.00,110592.00,100.0,2000,null,null,120,640,480
2026-09-14T15:11:00.885Z,camera_1,0,0.00,0.00,0.00,110592.00,100.0,2000,null,null,120,640,480
2026-09-14T15:11:00.885Z,camera_0,0,0.00,0.00,0.00,110592.00,100.0,2000,null,null,120,640,480
2026-09-14T15:11:03.888Z,camera_0,0,0.00,0.00,0.00,110592.00,100.0,2000,null,null,120,640,480
2026-09-14T15:11:03.888Z,camera_1,0,0.00,0.00,0.00,110592.00,100.0,2000,null,null,120,640,480
2026-09-14T15:11:03.888Z,camera_0,0,0.00,0.00,0.00,110592.00,100.0,2000,null,null,120,640,480
2026-09-14T15:11:06.892Z,camera_0,0,0.00,0.00,0.00,110592.00,100.0,2000,null,null,120,640,480
2026-09-14T15:11:06.892Z,camera_1,0,0.00,0.00,0.00,110592.00,100.0,2000,null,null,120,640,480
2026-09-14T15:11:06.892Z,camera_0,0,0.00,0.00,0.00,110592.00,100.0,2000,null,null,120,640,480
2026-09-14T15:11:09.895Z,camera_0,0,0.00,0.00,0.00,110592.00,100.0,2000,null,null,120,640,480
2026-09-14T15:11:09.895Z,camera_1,0,0.00,0.00,0.00,110592.00,100.0,2000,null,null,120,640,480
2026-09-14T15:11:09.895Z,camera_0,0,0.00,0.00,0.00,110592.00,100.0,2000,null,null,120,640,480
2026-09-14T15:11:12.898Z,camera_0,0,0.00,0.00,0.00,110592.00,100.0,2000,null,null,120,640,480
2026-09-14T15:11:12.899Z,camera_1,0,0.00,0.00,0.00,110592.00,100.0,2000,null,null,120,640,480
2026-09-14T15:11:12.899Z,camera_0,0,0.00,0.00,0.00,110592.00,100.0,2000,null,null,120,640,480
2026-09-14T15:11:15.901Z,camera_0,0,0.00,0.00,0.00,110592.00,100.0,2000,null,null,120,640,480
2026-09-14T15:11:15.901Z,camera_1,0,0.00,0.00,0.00,110592.00,100.0,2000,null,null,120,640,480
2026-09-14T15:11:15.901Z,camera_0,0,0.00,0.00,0.00,110592.00,100.0,2000,null,null,120,640,480
2026-09-14T15:11:18.904Z,camera_0,0,0.00,0.00,0.00,110592.00,100.0,2000,null,null,120,640,480
2026-09-14T15:11:18.905Z,camera_1,0,0.00,0.00,0.00,110592.00,100.0,2000,null,null,120,640,480
2026-09-14T15:11:18.905Z,camera_0,0,0.00,0.00,0.00,110592.00,100.0,2000,null,null,120,640,480
2026-09-14T15:11:21.907Z,camera_0,0,0.00,0.00,0.00,110592.00,100.0,2000,null,null,120,640,480
2026-09-14T15:11:21.907Z,camera_1,0,0.00,0.00,0.00,110592.00,100.0,2000,null,null,120,640,480
2026-09-14T15:11:21.907Z,camera_0,0,0.00,0.00,0.00,110592.00,100.0,2000,null,null,120,640,480
2026-09-14T15:11:24.910Z,camera_1,0,0.00,0.00,0.00,110592.00,100.0,2000,null,null,120,640,480
2026-09-14T15:11:24.910Z,camera_0,0,0.00,0.00,0.00,110592.00,100.0,2000,null,null,120,640,480
2026-09-14T15:11:24.910Z,camera_0,0,0.00,0.00,0.00,110592.00,100.0,2000,null,null,120,640,480
2026-09-14T15:11:27.911Z,camera_1,0,0.00,0.00,0.00,110592.00,100.0,2000,null,null,120,640,480
2026-09-14T15:11:27.911Z,camera_0,0,0.00,0.00,0.00,110592.00,100.0,2000,null,null,120,640,480
2026-09-14T15:11:27.911Z,camera_0,0,0.00,0.00,0.00,110592.00,100.0,2000,null,null,120,640,480
2026-09-14T15:11:30.914Z,camera_0,0,0.00,0.00,0.00,110592.00,100.0,2000,null,null,120,640,480
2026-09-14T15:11:30.914Z,camera_1,0,0.00,0.00,0.00,110592.00,100.0,2000,null,null,120,640,480
2026-09-14T15:11:30.914Z,camera_0,0,0.00,0.00,0.00,110592.00,100.0,2000,null,null,120,640,480
2026-09-14T15:11:33.917Z,camera_0,0,0.00,0.00,0.00,110592.00,100.0,2000,null,null,120,640,480
2026-09-14T15:11:33.917Z,camera_1,0,0.00,0.00,0.00,110592.00,100.0,2000,null,null,120,640,480
2026-09-14T15:11:33.917Z,camera_0,0,0.00,0.00,0.00,110592.00,100.0,2000,null,null,120,640,480
2026-09-14T15:11:36.921Z,camera_1,0,0.00,0.00,0.00,110592.00,100.0,2000,null,null,120,640,480
2026-09-14T15:11:36.920Z,camera_0,0,0.00,0.00,0.00,110592.00,100.0,2000,null,null,120,640,480
2026-09-14T15:11:36.921Z,camera_0,0,0.00,0.00,0.00,110592.00,100.0,2000,null,null,120,640,480
2026-09-14T15:11:39.923Z,camera_1,0,0.00,0.00,0.00,110592.00,100.0,2000,null,null,120,640,480
2026-09-14T15:11:39.923Z,camera_0,0,0.00,0.00,0.00,110592.00,100.0,2000,null,null,120,640,480
2026-09-14T15:11:39.923Z,camera_0,0,0.00,0.00,0.00,110592.00,100.0,2000,null,null,120,640,480
2026-09-14T15:11:42.923Z,camera_1,0,0.00,0.00,0.00,110592.00,100.0,2000,null,null,120,640,480
2026-09-14T15:11:42.923Z,camera_0,0,0.00,0.00,0.00,110592.00,100.0,2000,null,null,120,640,480
2026-09-14T15:11:42.923Z,camera_0,0,0.00,0.00,0.00,110592.00,100.0,2000,null,null,120,640,480
2026-09-14T15:11:45.924Z,camera_0,0,0.00,0.00,0.00,110592.00,100.0,2000,null,null,120,640,480
2026-09-14T15:11:45.924Z,camera_1,0,0.00,0.00,0.00,110592.00,100.0,2000,null,null,120,640,480
2026-09-14T15:11:45.924Z,camera_0,0,0.00,0.00,0.00,110592.00,100.0,2000,null,null,120,640,480
2026-09-14T15:11:48.927Z,camera_0,0,0.00,0.00,0.00,110592.00,100.0,2000,null,null,120,640,480
2026-09-14T15:11:48.927Z,camera_1,0,0.00,0.00,0.00,110592.00,100.0,2000,null,null,120,640,480
2026-09-14T15:11:48.927Z,camera_0,0,0.00,0.00,0.00,110592.00,100.0,2000,null,null,120,640,480
2026-09-14T15:11:51.930Z,camera_0,0,0.00,0.00,0.00,110592.00,100.0,2000,null,null,120,640,480
2026-09-14T15:11:51.930Z,camera_1,0,0.00,0.00,0.00,110592.00,100.0,2000,null,null,120,640,480
2026-09-14T15:11:51.931Z,camera_0,0,0.00,0.00,0.00,110592.00,100.0,2000,null,null,120,640,480
2026-09-14T15:11:54.932Z,camera_0,0,0.00,0.00,0.00,110592.00,100.0,2000,null,null,120,640,480
2026-09-14T15:11:54.932Z,camera_1,0,0.00,0.00,0.00,110592.00,100.0,2000,null,null,120,640,480
2026-09-14T15:11:54.932Z,camera_0,0,0.00,0.00,0.00,110592.00,100.0,2000,null,null,120,640,480
2026-09-14T15:11:57.932Z,camera_0,0,0.00,0.00,0.00,110592.00,100.0,2000,null,null,120,640,480
2026-09-14T15:11:57.932Z,camera_1,0,0.00,0.00,0.00,110592.00,100.0,2000,null,null,120,640,480
2026-09-14T15:11:57.933Z,camera_0,0,0.00,0.00,0.00,110592.00,100.0,2000,null,null,120,640,480
2026-09-14T15:12:00.933Z,camera_0,0,0.00,0.00,0.00,110592.00,100.0,2000,null,null,120,640,480
2026-09-14T15:12:00.933Z,camera_1,0,0.00,0.00,0.00,110592.00,100.0,2000,null,null,120,640,480
2026-09-14T15:12:00.934Z,camera_0,0,0.00,0.00,0.00,110592.00,100.0,2000,null,null,120,640,480
2026-09-14T15:12:03.937Z,camera_1,0,0.00,0.00,0.00,110592.00,100.0,2000,null,null,120,640,480
2026-09-14T15:12:03.937Z,camera_0,0,0.00,0.00,0.00,110592.00,100.0,2000,null,null,120,640,480
2026-09-14T15:12:03.937Z,camera_0,0,0.00,0.00,0.00,110592.00,100.0,2000,null,null,120,640,480
2026-09-14T15:12:06.940Z,camera_1,0,0.00,0.00,0.00,110592.00,100.0,2000,null,null,120,640,480
2026-09-14T15:12:06.940Z,camera_0,0,0.00,0.00,0.00,110592.00,100.0,2000,null,null,120,640,480
2026-09-14T15:12:06.940Z,camera_0,0,0.00,0.00,0.00,110592.00,100.0,2000,null,null,120,640,480
2026-09-14T15:12:09.942Z,camera_0,0,0.00,0.00,0.00,110592.00,100.0,2000,null,null,120,640,480
2026-09-14T15:12:09.942Z,camera_1,0,0.00,0.00,0.00,110592.00,100.0,2000,null,null,120,640,480
2026-09-14T15:12:09.942Z,camera_0,0,0.00,0.00,0.00,110592.00,100.0,2000,null,null,120,640,480
2026-09-14T15:12:12.945Z,camera_0,0,0.00,0.00,0.00,110592.00,100.0,2000,null,null,120,640,480
2026-09-14T15:12:12.945Z,camera_1,0,0.00,0.00,0.00,110592.00,100.0,2000,null,null,120,640,480
2026-09-14T15:12:12.945Z,camera_0,0,0.00,0.00,0.00,110592.00,100.0,2000,null,null,120,640,480
2026-09-14T15:12:15.949Z,camera_0,0,0.00,0.00,0.00,110592.00,100.0,2000,null,null,120,640,480
2026-09-14T15:12:15.949Z,camera_0,0,0.00,0.00,0.00,110592.00,100.0,2000,null,null,120,640,480
2026-09-14T15:12:15.949Z,camera_1,0,0.00,0.00,0.00,110592.00,100.0,2000,null,null,120,640,480
2026-09-14T15:12:18.952Z,camera_0,0,0.00,0.00,0.00,110592.00,100.0,2000,null,null,120,640,480
2026-09-14T15:12:18.952Z,camera_1,0,0.00,0.00,0.00,110592.00,100.0,2000,null,null,120,640,480
2026-09-14T15:12:18.952Z,camera_0,0,0.00,0.00,0.00,110592.00,100.0,2000,null,null,120,640,480
2026-09-14T15:12:21.955Z,camera_0,0,0.00,0.00,0.00,110592.00,100.0,2000,null,null,120,640,480
2026-09-14T15:12:21.955Z,camera_1,0,0.00,0.00,0.00,110592.00,100.0,2000,null,null,120,640,480
2026-09-14T15:12:21.955Z,camera_0,0,0.00,0.00,0.00,110592.00,100.0,2000,null,null,120,640,480
2026-09-14T15:12:24.958Z,camera_0,0,0.00,0.00,0.00,110592.00,100.0,2000,null,null,120,640,480
2026-09-14T15:12:24.958Z,camera_1,0,0.00,0.00,0.00,110592.00,100.0,2000,null,null,120,640,480
2026-09-14T15:12:24.958Z,camera_0,0,0.00,0.00,0.00,110592.00,100.0,2000,null,null,120,640,480
2026-09-14T15:12:27.958Z,camera_0,0,0.00,0.00,0.00,110592.00,100.0,2000,null,null,120,640,480
2026-09-14T15:12:27.958Z,camera_1,0,0.00,0.00,0.00,110592.00,100.0,2000,null,null,120,640,480
2026-09-14T15:12:27.958Z,camera_0,0,0.00,0.00,0.00,110592.00,100.0,2000,null,null,120,640,480
2026-09-14T15:12:30.961Z,camera_0,0,0.00,0.00,0.00,110592.00,100.0,2000,null,null,120,640,480
2026-09-14T15:12:30.961Z,camera_1,0,0.00,0.00,0.00,110592.00,100.0,2000,null,null,120,640,480
2026-09-14T15:12:30.961Z,camera_0,0,0.00,0.00,0.00,110592.00,100.0,2000,null,null,120,640,480
2026-09-14T15:12:33.964Z,camera_1,0,0.00,0.00,0.00,110592.00,100.0,2000,null,null,120,640,480
2026-09-14T15:12:33.964Z,camera_0,0,0.00,0.00,0.00,110592.00,100.0,2000,null,null,120,640,480
2026-09-14T15:12:33.965Z,camera_0,0,0.00,0.00,0.00,110592.00,100.0,2000,null,null,120,640,480
2026-09-14T15:12:36.966Z,camera_0,1,0.00,0.00,0.00,110592.00,100.0,2000,null,null,120,640,480
2026-09-14T15:12:36.966Z,camera_1,1,0.00,0.00,0.00,110592.00,100.0,2000,null,null,120,640,480
2026-09-14T15:12:36.966Z,camera_0,1,0.00,0.00,0.00,110592.00,100.0,2000,null,null,120,640,480
2026-09-14T15:12:39.969Z,camera_0,1,0.00,0.00,0.00,110592.00,100.0,2000,null,null,120,640,480
2026-09-14T15:12:39.969Z,camera_1,1,0.00,0.00,0.00,110592.00,100.0,2000,null,null,120,640,480
2026-09-14T15:12:39.969Z,camera_0,1,0.00,0.00,0.00,110592.00,100.0,2000,null,null,120,640,480
2026-09-14T15:12:42.970Z,camera_0,1,0.00,0.00,0.00,110592.00,100.0,2000,null,null,120,640,480
2026-09-14T15:12:42.970Z,camera_1,1,0.00,0.00,0.00,110592.00,100.0,2000,null,null,120,640,480
2026-09-14T15:12:42.970Z,camera_0,1,0.00,0.00,0.00,110592.00,100.0,2000,null,null,120,640,480
2026-09-14T15:12:45.973Z,camera_0,1,0.00,0.00,0.00,110592.00,100.0,2000,null,null,120,640,480
2026-09-14T15:12:45.973Z,camera_1,1,0.00,0.00,0.00,110592.00,100.0,2000,null,null,120,640,480
2026-09-14T15:12:45.973Z,camera_0,1,0.00,0.00,0.00,110592.00,100.0,2000,null,null,120,640,480
2026-09-14T15:12:48.976Z,camera_0,1,0.00,0.00,0.00,110592.00,100.0,2000,null,null,30,640,480
2026-09-14T15:12:48.976Z,camera_1,1,0.00,0.00,0.00,110592.00,100.0,2000,null,null,30,640,480
2026-09-14T15:12:48.976Z,camera_0,1,243.17,243.17,0.00,110592.00,100.0,2000,null,null,30,640,480
2026-09-14T15:12:51.977Z,camera_0,1,256.18,0.00,256.18,147571.20,99.8,2000,null,null,30,854,480
2026-09-14T15:12:51.977Z,camera_1,1,0.00,0.00,0.00,147571.20,100.0,2000,null,null,30,854,480
2026-09-14T15:12:51.977Z,camera_0,1,808.01,551.83,256.18,147571.20,99.8,2000,null,null,30,854,480
2026-09-14T15:12:54.999Z,camera_0,1,488.30,0.00,488.30,147571.20,99.7,2000,null,null,30,854,480
2026-09-14T15:12:54.999Z,camera_1,1,0.00,0.00,0.00,147571.20,100.0,2000,null,null,30,854,480
2026-09-14T15:12:54.999Z,camera_0,1,3959.14,3470.84,488.30,147571.20,99.7,2000,null,null,30,854,480
2026-09-14T15:12:58.000Z,camera_0,1,582.05,0.00,582.05,147571.20,99.6,2000,null,null,30,854,480
2026-09-14T15:12:58.000Z,camera_1,1,0.00,0.00,0.00,147571.20,100.0,2000,null,null,30,854,480
2026-09-14T15:12:58.002Z,camera_0,1,2631.32,2049.27,582.05,147571.20,99.6,2000,null,null,30,854,480
2026-09-14T15:13:01.001Z,camera_0,1,709.89,0.00,709.89,147571.20,99.5,2000,null,null,30,854,480
2026-09-14T15:13:01.001Z,camera_1,1,0.00,0.00,0.00,147571.20,100.0,2000,null,null,30,854,480
2026-09-14T15:13:01.002Z,camera_0,1,1991.05,1281.16,709.89,147571.20,99.5,2000,null,null,30,854,480
2026-09-14T15:13:04.001Z,camera_0,1,770.05,0.00,770.05,110592.00,99.3,2000,null,null,120,640,480
2026-09-14T15:13:04.001Z,camera_1,1,0.00,0.00,0.00,110592.00,100.0,2000,null,null,120,640,480
2026-09-14T15:13:04.001Z,camera_0,1,2045.19,1275.14,770.05,110592.00,99.3,2000,null,null,120,640,480
2026-09-14T15:13:07.000Z,camera_0,1,437.66,0.00,437.66,147571.20,99.7,2000,null,null,30,854,480
2026-09-14T15:13:07.000Z,camera_1,1,0.00,0.00,0.00,147571.20,100.0,2000,null,null,30,854,480
2026-09-14T15:13:07.001Z,camera_0,1,4087.36,3649.70,437.66,147571.20,99.7,2000,null,null,30,854,480
2026-09-14T15:13:10.001Z,camera_0,1,676.30,0.00,676.30,147571.20,99.5,2000,null,null,30,854,480
2026-09-14T15:13:10.001Z,camera_1,1,0.00,0.00,0.00,147571.20,100.0,2000,null,null,30,854,480
2026-09-14T15:13:10.003Z,camera_0,1,2868.71,2192.42,676.30,147571.20,99.5,2000,null,null,30,854,480
2026-09-14T15:13:13.004Z,camera_0,1,1030.24,0.00,1030.24,147571.20,99.3,2000,null,null,30,854,480
2026-09-14T15:13:13.004Z,camera_1,1,0.00,0.00,0.00,147571.20,100.0,2000,null,null,30,854,480
2026-09-14T15:13:13.004Z,camera_0,1,3582.33,2552.09,1030.24,147571.20,99.3,2000,null,null,30,854,480
2026-09-14T15:13:16.002Z,camera_0,1,1149.06,0.00,1149.06,147571.20,99.2,2000,null,null,30,854,480
2026-09-14T15:13:16.002Z,camera_1,1,0.00,0.00,0.00,147571.20,100.0,2000,null,null,30,854,480
2026-09-14T15:13:16.003Z,camera_0,1,4222.77,3073.71,1149.06,147571.20,99.2,2000,null,null,30,854,480
2026-09-14T15:13:19.002Z,camera_0,1,1007.68,0.00,1007.68,147571.20,99.3,2000,null,null,30,854,480
2026-09-14T15:13:19.002Z,camera_1,1,0.00,0.00,0.00,147571.20,100.0,2000,null,null,30,854,480
2026-09-14T15:13:19.004Z,camera_0,1,3935.60,2927.92,1007.68,147571.20,99.3,2000,null,null,30,854,480
2026-09-14T15:13:22.003Z,camera_0,1,1066.84,0.00,1066.84,147571.20,99.3,2000,null,null,30,854,480
2026-09-14T15:13:22.003Z,camera_1,1,0.00,0.00,0.00,147571.20,100.0,2000,null,null,30,854,480
2026-09-14T15:13:22.003Z,camera_0,1,4224.62,3157.78,1066.84,147571.20,99.3,2000,null,null,30,854,480
2026-09-14T15:13:25.004Z,camera_0,1,815.17,0.00,815.17,147571.20,99.4,2000,null,null,30,854,480
2026-09-14T15:13:25.004Z,camera_1,1,0.00,0.00,0.00,147571.20,100.0,2000,null,null,30,854,480
2026-09-14T15:13:25.004Z,camera_0,1,3028.31,2213.14,815.17,147571.20,99.4,2000,null,null,30,854,480
2026-09-14T15:13:28.003Z,camera_0,1,832.71,0.00,832.71,147571.20,99.4,2000,null,null,30,854,480
2026-09-14T15:13:28.003Z,camera_1,1,0.00,0.00,0.00,147571.20,100.0,2000,null,null,30,854,480
2026-09-14T15:13:28.004Z,camera_0,1,2903.14,2070.43,832.71,147571.20,99.4,2000,null,null,30,854,480
2026-09-14T15:13:31.004Z,camera_0,1,932.98,0.00,932.98,147571.20,99.4,2000,null,null,30,854,480
2026-09-14T15:13:31.004Z,camera_1,1,0.00,0.00,0.00,147571.20,100.0,2000,null,null,30,854,480
2026-09-14T15:13:31.004Z,camera_0,1,3636.14,2703.16,932.98,147571.20,99.4,2000,null,null,30,854,480
2026-09-14T15:13:34.003Z,camera_0,1,624.16,0.00,624.16,147571.20,99.6,2000,null,null,30,854,480
2026-09-14T15:13:34.004Z,camera_1,1,0.00,0.00,0.00,147571.20,100.0,2000,null,null,30,854,480
2026-09-14T15:13:34.004Z,camera_0,1,2271.92,1647.76,624.16,147571.20,99.6,2000,null,null,30,854,480
2026-09-14T15:13:37.003Z,camera_0,1,733.95,0.00,733.95,147571.20,99.5,2000,null,null,30,854,480
2026-09-14T15:13:37.004Z,camera_1,1,0.00,0.00,0.00,147571.20,100.0,2000,null,null,30,854,480
2026-09-14T15:13:37.004Z,camera_0,1,2884.63,2150.68,733.95,147571.20,99.5,2000,null,null,30,854,480
2026-09-14T15:13:40.006Z,camera_0,1,633.18,0.00,633.18,147571.20,99.6,2000,null,null,30,854,480
2026-09-14T15:13:40.006Z,camera_1,1,0.00,0.00,0.00,147571.20,100.0,2000,null,null,30,854,480
2026-09-14T15:13:40.006Z,camera_0,1,2278.50,1645.31,633.18,147571.20,99.6,2000,null,null,30,854,480
2026-09-14T15:13:43.006Z,camera_0,1,754.51,0.00,754.51,147571.20,99.5,2000,null,null,30,854,480
2026-09-14T15:13:43.006Z,camera_1,1,0.00,0.00,0.00,147571.20,100.0,2000,null,null,30,854,480
2026-09-14T15:13:43.008Z,camera_0,1,2938.00,2183.50,754.51,147571.20,99.5,2000,null,null,30,854,480
2026-09-14T15:13:46.007Z,camera_0,1,649.23,0.00,649.23,147571.20,99.6,2000,null,null,30,854,480
2026-09-14T15:13:46.007Z,camera_1,1,0.00,0.00,0.00,147571.20,100.0,2000,null,null,30,854,480
2026-09-14T15:13:46.007Z,camera_0,1,2458.02,1808.79,649.23,147571.20,99.6,2000,null,null,30,854,480
2026-09-14T15:13:49.019Z,camera_0,1,874.33,0.00,874.33,147571.20,99.4,2000,null,null,30,854,480
2026-09-14T15:13:49.022Z,camera_1,1,0.00,0.00,0.00,147571.20,100.0,2000,null,null,30,854,480
2026-09-14T15:13:49.022Z,camera_0,1,3434.16,2559.83,874.33,147571.20,99.4,2000,null,null,30,854,480
2026-09-14T15:13:52.021Z,camera_0,1,762.03,0.00,762.03,147571.20,99.5,2000,null,null,30,854,480
2026-09-14T15:13:52.023Z,camera_1,1,0.00,0.00,0.00,147571.20,100.0,2000,null,null,30,854,480
2026-09-14T15:13:52.023Z,camera_0,1,2739.34,1977.31,762.03,147571.20,99.5,2000,null,null,30,854,480
2026-09-14T15:13:55.021Z,camera_0,1,669.78,0.00,669.78,147571.20,99.5,2000,null,null,30,854,480
2026-09-14T15:13:55.021Z,camera_1,1,0.00,0.00,0.00,147571.20,100.0,2000,null,null,30,854,480
2026-09-14T15:13:55.027Z,camera_0,1,2467.23,1797.45,669.78,147571.20,99.5,2000,null,null,30,854,480
2026-09-14T15:13:58.022Z,camera_0,1,794.61,0.00,794.61,147571.20,99.5,2000,null,null,30,854,480
2026-09-14T15:13:58.022Z,camera_1,1,0.00,0.00,0.00,147571.20,100.0,2000,null,null,30,854,480
2026-09-14T15:13:58.022Z,camera_0,1,2734.23,1939.62,794.61,147571.20,99.5,2000,null,null,30,854,480
2026-09-14T15:14:01.022Z,camera_0,1,925.96,0.00,925.96,147571.20,99.4,2000,null,null,30,854,480
2026-09-14T15:14:01.022Z,camera_1,1,0.00,0.00,0.00,147571.20,100.0,2000,null,null,30,854,480
2026-09-14T15:14:01.022Z,camera_0,1,1056.19,130.23,925.96,147571.20,99.4,2000,null,null,30,854,480
2026-09-14T15:14:04.156Z,camera_0,1,0.00,0.00,0.00,746496.00,100.0,2000,null,null,10,1920,1080
2026-09-14T15:14:04.158Z,camera_1,1,0.00,0.00,0.00,746496.00,100.0,2000,null,null,10,1920,1080
2026-09-14T15:14:04.158Z,camera_0,1,2065.14,2065.14,0.00,746496.00,100.0,2000,null,null,10,1920,1080
2026-09-14T15:14:07.158Z,camera_0,1,0.00,0.00,0.00,746496.00,100.0,2000,null,null,10,1920,1080
2026-09-14T15:14:07.159Z,camera_1,1,0.00,0.00,0.00,746496.00,100.0,2000,null,null,10,1920,1080
2026-09-14T15:14:07.159Z,camera_0,1,1406.10,1406.10,0.00,746496.00,100.0,2000,null,null,10,1920,1080
2026-09-14T15:14:10.172Z,camera_0,1,144.38,0.00,144.38,746496.00,100.0,2000,null,null,10,1920,1080
2026-09-14T15:14:10.172Z,camera_1,1,0.00,0.00,0.00,746496.00,100.0,2000,null,null,10,1920,1080
2026-09-14T15:14:10.172Z,camera_0,1,577.76,433.38,144.38,746496.00,100.0,2000,null,null,10,1920,1080
2026-09-14T15:14:13.198Z,camera_0,1,84.22,0.00,84.22,746496.00,100.0,2000,null,null,10,1920,1080
2026-09-14T15:14:13.198Z,camera_1,1,0.00,0.00,0.00,746496.00,100.0,2000,null,null,10,1920,1080
2026-09-14T15:14:13.199Z,camera_0,1,666.20,581.97,84.22,746496.00,100.0,2000,null,null,10,1920,1080
2026-09-14T15:14:16.198Z,camera_0,1,262.70,0.00,262.70,746496.00,100.0,2000,null,null,10,1920,1080
2026-09-14T15:14:16.198Z,camera_1,1,0.00,0.00,0.00,746496.00,100.0,2000,null,null,10,1920,1080
2026-09-14T15:14:16.199Z,camera_0,1,1265.81,1003.11,262.70,746496.00,100.0,2000,null,null,10,1920,1080
2026-09-14T15:14:19.199Z,camera_0,1,262.20,0.00,262.20,746496.00,100.0,2000,null,null,10,1920,1080
2026-09-14T15:14:19.199Z,camera_1,1,0.00,0.00,0.00,746496.00,100.0,2000,null,null,10,1920,1080
2026-09-14T15:14:19.200Z,camera_0,1,1176.10,913.90,262.20,746496.00,100.0,2000,null,null,10,1920,1080
2026-09-14T15:14:22.199Z,camera_0,1,266.21,0.00,266.21,746496.00,100.0,2000,null,null,10,1920,1080
2026-09-14T15:14:22.199Z,camera_1,1,0.00,0.00,0.00,746496.00,100.0,2000,null,null,10,1920,1080
2026-09-14T15:14:22.199Z,camera_0,1,1280.91,1014.70,266.21,746496.00,100.0,2000,null,null,10,1920,1080
2026-09-14T15:14:25.202Z,camera_0,1,449.19,0.00,449.19,746496.00,99.9,2000,null,null,10,1920,1080
2026-09-14T15:14:25.202Z,camera_1,1,0.00,0.00,0.00,746496.00,100.0,2000,null,null,10,1920,1080
2026-09-14T15:14:25.202Z,camera_0,1,1713.08,1263.88,449.19,746496.00,99.9,2000,null,null,10,1920,1080
2026-09-14T15:14:28.203Z,camera_0,1,524.90,0.00,524.90,746496.00,99.9,2000,null,null,10,1920,1080
2026-09-14T15:14:28.203Z,camera_1,1,0.00,0.00,0.00,746496.00,100.0,2000,null,null,10,1920,1080
2026-09-14T15:14:28.203Z,camera_0,1,1625.85,1100.95,524.90,746496.00,99.9,2000,null,null,10,1920,1080
2026-09-14T15:14:31.203Z,camera_1,1,0.00,0.00,0.00,746496.00,100.0,2000,null,null,10,1920,1080
2026-09-14T15:14:31.204Z,camera_0,1,483.09,138.67,344.42,746496.00,100.0,2000,null,null,10,1920,1080
2026-09-14T15:14:31.203Z,camera_0,1,344.42,0.00,344.42,746496.00,100.0,2000,null,null,10,1920,1080
2026-09-14T15:14:34.204Z,camera_0,1,0.00,0.00,0.00,147571.20,100.0,2000,null,null,30,854,480
2026-09-14T15:14:34.204Z,camera_1,1,0.00,0.00,0.00,147571.20,100.0,2000,null,null,30,854,480
2026-09-14T15:14:34.205Z,camera_0,1,3411.99,3411.99,0.00,147571.20,100.0,2000,null,null,30,854,480
2026-09-14T15:14:37.205Z,camera_0,1,630.18,0.00,630.18,147571.20,99.6,2000,null,null,30,854,480
2026-09-14T15:14:37.205Z,camera_1,1,0.00,0.00,0.00,147571.20,100.0,2000,null,null,30,854,480
2026-09-14T15:14:37.205Z,camera_0,1,2063.82,1433.65,630.18,147571.20,99.6,2000,null,null,30,854,480
2026-09-14T15:14:40.206Z,camera_0,1,581.55,0.00,581.55,147571.20,99.6,2000,null,null,30,854,480
2026-09-14T15:14:40.206Z,camera_1,1,0.00,0.00,0.00,147571.20,100.0,2000,null,null,30,854,480
2026-09-14T15:14:40.206Z,camera_0,1,2406.60,1825.05,581.55,147571.20,99.6,2000,null,null,30,854,480
2026-09-14T15:14:43.209Z,camera_0,1,709.89,0.00,709.89,147571.20,99.5,2000,null,null,30,854,480
2026-09-14T15:14:43.209Z,camera_1,1,0.00,0.00,0.00,147571.20,100.0,2000,null,null,30,854,480
2026-09-14T15:14:43.210Z,camera_0,1,2538.78,1828.89,709.89,147571.20,99.5,2000,null,null,30,854,480
2026-09-14T15:14:46.209Z,camera_0,1,433.65,0.00,433.65,147571.20,99.7,2000,null,null,30,854,480
2026-09-14T15:14:46.209Z,camera_1,1,0.00,0.00,0.00,147571.20,100.0,2000,null,null,30,854,480
2026-09-14T15:14:46.210Z,camera_0,1,1786.63,1352.98,433.65,147571.20,99.7,2000,null,null,30,854,480
2026-09-14T15:14:49.211Z,camera_0,1,665.77,0.00,665.77,147571.20,99.5,2000,null,null,30,854,480
2026-09-14T15:14:49.211Z,camera_1,1,0.00,0.00,0.00,147571.20,100.0,2000,null,null,30,854,480
2026-09-14T15:14:49.211Z,camera_0,1,2495.86,1830.09,665.77,147571.20,99.5,2000,null,null,30,854,480
2026-09-14T15:14:52.211Z,camera_0,1,786.09,0.00,786.09,147571.20,99.5,2000,null,null,30,854,480
2026-09-14T15:14:52.211Z,camera_1,1,0.00,0.00,0.00,147571.20,100.0,2000,null,null,30,854,480
2026-09-14T15:14:52.212Z,camera_0,1,2478.62,1692.53,786.09,147571.20,99.5,2000,null,null,30,854,480
2026-09-14T15:14:55.213Z,camera_0,1,539.94,0.00,539.94,147571.20,99.6,2000,null,null,30,854,480
2026-09-14T15:14:55.214Z,camera_1,1,0.00,0.00,0.00,147571.20,100.0,2000,null,null,30,854,480
2026-09-14T15:14:55.214Z,camera_0,1,539.94,0.00,539.94,147571.20,99.6,2000,null,null,30,854,480
2026-09-14T15:14:58.212Z,camera_0,1,0.00,0.00,0.00,746496.00,100.0,2000,null,null,10,1920,1080
2026-09-14T15:14:58.212Z,camera_1,1,0.00,0.00,0.00,746496.00,100.0,2000,null,null,10,1920,1080
2026-09-14T15:14:58.212Z,camera_0,1,2003.71,2003.71,0.00,746496.00,100.0,2000,null,null,10,1920,1080
2026-09-14T15:15:01.212Z,camera_0,1,0.00,0.00,0.00,746496.00,100.0,2000,null,null,10,1920,1080
2026-09-14T15:15:01.212Z,camera_1,1,0.00,0.00,0.00,746496.00,100.0,2000,null,null,10,1920,1080
2026-09-14T15:15:01.212Z,camera_0,1,1708.41,1708.41,0.00,746496.00,100.0,2000,null,null,10,1920,1080
2026-09-14T15:15:04.214Z,camera_0,1,148.90,0.00,148.90,746496.00,100.0,2000,null,null,10,1920,1080
2026-09-14T15:15:04.215Z,camera_1,1,0.00,0.00,0.00,746496.00,100.0,2000,null,null,10,1920,1080
2026-09-14T15:15:04.215Z,camera_0,1,292.64,143.74,148.90,746496.00,100.0,2000,null,null,10,1920,1080
2026-09-14T15:15:07.220Z,camera_0,1,34.59,0.00,34.59,746496.00,100.0,2000,null,null,10,1920,1080
2026-09-14T15:15:07.220Z,camera_1,1,0.00,0.00,0.00,746496.00,100.0,2000,null,null,10,1920,1080
2026-09-14T15:15:07.220Z,camera_0,1,596.88,562.29,34.59,746496.00,100.0,2000,null,null,10,1920,1080
2026-09-14T15:15:10.222Z,camera_0,1,0.00,0.00,0.00,746496.00,100.0,2000,null,null,10,1920,1080
2026-09-14T15:15:10.222Z,camera_1,1,0.00,0.00,0.00,746496.00,100.0,2000,null,null,10,1920,1080
2026-09-14T15:15:10.222Z,camera_0,1,0.00,0.00,0.00,746496.00,100.0,2000,null,null,10,1920,1080
2026-09-14T15:15:13.223Z,camera_0,1,140.37,0.00,140.37,746496.00,100.0,2000,null,null,10,1920,1080
2026-09-14T15:15:13.225Z,camera_1,1,0.00,0.00,0.00,746496.00,100.0,2000,null,null,10,1920,1080
2026-09-14T15:15:13.226Z,camera_0,1,701.98,561.61,140.37,746496.00,100.0,2000,null,null,10,1920,1080
2026-09-14T15:15:16.223Z,camera_0,1,162.43,0.00,162.43,147571.20,99.9,2000,null,null,30,854,480
2026-09-14T15:15:16.223Z,camera_1,1,0.00,0.00,0.00,147571.20,100.0,2000,null,null,30,854,480
2026-09-14T15:15:16.224Z,camera_0,1,802.34,639.91,162.43,147571.20,99.9,2000,null,null,30,854,480
2026-09-14T15:15:19.228Z,camera_0,1,0.00,0.00,0.00,147571.20,100.0,2000,null,null,30,854,480
2026-09-14T15:15:19.228Z,camera_1,1,0.00,0.00,0.00,147571.20,100.0,2000,null,null,30,854,480
2026-09-14T15:15:19.228Z,camera_0,1,1311.67,1311.67,0.00,147571.20,100.0,2000,null,null,30,854,480
2026-09-14T15:15:22.229Z,camera_0,1,0.00,0.00,0.00,147571.20,100.0,2000,null,null,30,854,480
2026-09-14T15:15:22.229Z,camera_1,1,0.00,0.00,0.00,147571.20,100.0,2000,null,null,30,854,480
2026-09-14T15:15:22.231Z,camera_0,1,1443.57,1443.57,0.00,147571.20,100.0,2000,null,null,30,854,480
2026-09-14T15:15:25.230Z,camera_0,1,406.08,0.00,406.08,147571.20,99.7,2000,null,null,30,854,480
2026-09-14T15:15:25.230Z,camera_1,1,0.00,0.00,0.00,147571.20,100.0,2000,null,null,30,854,480
2026-09-14T15:15:25.230Z,camera_0,1,1062.74,656.66,406.08,147571.20,99.7,2000,null,null,30,854,480
2026-09-14T15:15:28.231Z,camera_0,1,231.11,0.00,231.11,147571.20,99.8,2000,null,null,30,854,480
2026-09-14T15:15:28.231Z,camera_1,1,0.00,0.00,0.00,147571.20,100.0,2000,null,null,30,854,480
2026-09-14T15:15:28.231Z,camera_0,1,1050.30,819.19,231.11,147571.20,99.8,2000,null,null,30,854,480
2026-09-14T15:15:31.233Z,camera_0,1,274.23,0.00,274.23,147571.20,99.8,2000,null,null,30,854,480
2026-09-14T15:15:31.233Z,camera_1,1,0.00,0.00,0.00,147571.20,100.0,2000,null,null,30,854,480
2026-09-14T15:15:31.236Z,camera_0,1,1075.49,801.26,274.23,147571.20,99.8,2000,null,null,30,854,480
2026-09-14T15:15:34.235Z,camera_0,1,198.53,0.00,198.53,147571.20,99.9,2000,null,null,30,854,480
2026-09-14T15:15:34.236Z,camera_1,1,0.00,0.00,0.00,147571.20,100.0,2000,null,null,30,854,480
2026-09-14T15:15:34.236Z,camera_0,1,863.93,665.41,198.53,147571.20,99.9,2000,null,null,30,854,480
2026-09-14T15:15:37.235Z,camera_0,1,363.47,0.00,363.47,147571.20,99.8,2000,null,null,30,854,480
2026-09-14T15:15:37.235Z,camera_1,1,0.00,0.00,0.00,147571.20,100.0,2000,null,null,30,854,480
2026-09-14T15:15:37.236Z,camera_0,1,1300.34,936.87,363.47,147571.20,99.8,2000,null,null,30,854,480
2026-09-14T15:15:40.239Z,camera_0,1,545.45,0.00,545.45,147571.20,99.6,2000,null,null,30,854,480
2026-09-14T15:15:40.239Z,camera_1,1,0.00,0.00,0.00,147571.20,100.0,2000,null,null,30,854,480
2026-09-14T15:15:40.239Z,camera_0,1,1885.27,1339.82,545.45,147571.20,99.6,2000,null,null,30,854,480
2026-09-14T15:15:43.244Z,camera_1,1,0.00,0.00,0.00,147571.20,100.0,2000,null,null,30,854,480
2026-09-14T15:15:43.244Z,camera_0,1,1757.46,1354.39,403.07,147571.20,99.7,2000,null,null,30,854,480
2026-09-14T15:15:43.244Z,camera_0,1,403.07,0.00,403.07,147571.20,99.7,2000,null,null,30,854,480
2026-09-14T15:15:46.245Z,camera_0,1,209.06,0.00,209.06,147571.20,99.9,2000,null,null,30,854,480
2026-09-14T15:15:46.246Z,camera_1,1,0.00,0.00,0.00,147571.20,100.0,2000,null,null,30,854,480
2026-09-14T15:15:46.247Z,camera_0,1,857.10,648.05,209.06,147571.20,99.9,2000,null,null,30,854,480
2026-09-14T15:15:49.247Z,camera_0,1,525.40,0.00,525.40,147571.20,99.6,2000,null,null,30,854,480
2026-09-14T15:15:49.247Z,camera_1,1,0.00,0.00,0.00,147571.20,100.0,2000,null,null,30,854,480
2026-09-14T15:15:49.247Z,camera_0,1,2024.83,1499.44,525.40,147571.20,99.6,2000,null,null,30,854,480
2026-09-14T15:15:52.249Z,camera_0,1,565.50,0.00,565.50,147571.20,99.6,2000,null,null,30,854,480
2026-09-14T15:15:52.249Z,camera_1,1,0.00,0.00,0.00,147571.20,100.0,2000,null,null,30,854,480
2026-09-14T15:15:52.249Z,camera_0,1,2225.33,1659.82,565.50,147571.20,99.6,2000,null,null,30,854,480
2026-09-14T15:15:55.249Z,camera_0,1,536.43,0.00,536.43,147571.20,99.6,2000,null,null,30,854,480
2026-09-14T15:15:55.249Z,camera_1,1,0.00,0.00,0.00,147571.20,100.0,2000,null,null,30,854,480
2026-09-14T15:15:55.249Z,camera_0,1,2075.60,1539.17,536.43,147571.20,99.6,2000,null,null,30,854,480
2026-09-14T15:15:58.265Z,camera_0,1,836.73,0.00,836.73,147571.20,99.4,2000,null,null,30,854,480
2026-09-14T15:15:58.265Z,camera_1,1,0.00,0.00,0.00,147571.20,100.0,2000,null,null,30,854,480
2026-09-14T15:15:58.266Z,camera_0,1,2677.29,1840.56,836.73,147571.20,99.4,2000,null,null,30,854,480
2026-09-14T15:16:01.268Z,camera_0,1,589.57,0.00,589.57,147571.20,99.6,2000,null,null,30,854,480
2026-09-14T15:16:01.268Z,camera_1,1,0.00,0.00,0.00,147571.20,100.0,2000,null,null,30,854,480
2026-09-14T15:16:01.269Z,camera_0,1,2284.62,1695.06,589.57,147571.20,99.6,2000,null,null,30,854,480
2026-09-14T15:16:04.275Z,camera_0,1,580.54,0.00,580.54,147571.20,99.6,2000,null,null,30,854,480
2026-09-14T15:16:04.275Z,camera_0,1,2074.52,1493.98,580.54,147571.20,99.6,2000,null,null,30,854,480
2026-09-14T15:16:04.275Z,camera_1,1,0.00,0.00,0.00,147571.20,100.0,2000,null,null,30,854,480
2026-09-14T15:16:07.290Z,camera_0,1,521.39,0.00,521.39,147571.20,99.6,2000,null,null,30,854,480
2026-09-14T15:16:07.290Z,camera_1,1,0.00,0.00,0.00,147571.20,100.0,2000,null,null,30,854,480
2026-09-14T15:16:07.290Z,camera_0,1,1926.26,1404.87,521.39,147571.20,99.6,2000,null,null,30,854,480
2026-09-14T15:16:10.291Z,camera_0,1,490.30,0.00,490.30,147571.20,99.7,2000,null,null,30,854,480
2026-09-14T15:16:10.291Z,camera_1,1,0.00,0.00,0.00,147571.20,100.0,2000,null,null,30,854,480
2026-09-14T15:16:10.294Z,camera_0,1,1892.28,1401.97,490.30,147571.20,99.7,2000,null,null,30,854,480
2026-09-14T15:16:13.291Z,camera_0,1,638.20,0.00,638.20,147571.20,99.6,2000,null,null,30,854,480
2026-09-14T15:16:13.291Z,camera_1,1,0.00,0.00,0.00,147571.20,100.0,2000,null,null,30,854,480
2026-09-14T15:16:13.291Z,camera_0,1,2016.08,1377.88,638.20,147571.20,99.6,2000,null,null,30,854,480
2026-09-14T15:16:16.292Z,camera_0,1,400.57,0.00,400.57,147571.20,99.7,2000,null,null,30,854,480
2026-09-14T15:16:16.292Z,camera_1,1,0.00,0.00,0.00,147571.20,100.0,2000,null,null,30,854,480
2026-09-14T15:16:16.293Z,camera_0,1,1344.76,944.20,400.57,147571.20,99.7,2000,null,null,30,854,480
2026-09-14T15:16:19.294Z,camera_0,1,357.45,0.00,357.45,147571.20,99.8,2000,null,null,30,854,480
2026-09-14T15:16:19.294Z,camera_1,1,0.00,0.00,0.00,147571.20,100.0,2000,null,null,30,854,480
2026-09-14T15:16:19.295Z,camera_0,1,1584.60,1227.15,357.45,147571.20,99.8,2000,null,null,30,854,480
2026-09-14T15:16:22.301Z,camera_0,1,506.85,0.00,506.85,147571.20,99.7,2000,null,null,30,854,480
2026-09-14T15:16:22.301Z,camera_1,1,0.00,0.00,0.00,147571.20,100.0,2000,null,null,30,854,480
2026-09-14T15:16:22.304Z,camera_0,1,1591.01,1084.16,506.85,147571.20,99.7,2000,null,null,30,854,480
2026-09-14T15:16:25.301Z,camera_0,1,317.85,0.00,317.85,147571.20,99.8,2000,null,null,30,854,480
2026-09-14T15:16:25.301Z,camera_1,1,0.00,0.00,0.00,147571.20,100.0,2000,null,null,30,854,480
2026-09-14T15:16:25.301Z,camera_0,1,1406.66,1088.82,317.85,147571.20,99.8,2000,null,null,30,854,480
2026-09-14T15:16:28.302Z,camera_0,1,456.21,0.00,456.21,147571.20,99.7,2000,null,null,30,854,480
2026-09-14T15:16:28.302Z,camera_1,1,0.00,0.00,0.00,147571.20,100.0,2000,null,null,30,854,480
2026-09-14T15:16:28.303Z,camera_0,1,1535.06,1078.85,456.21,147571.20,99.7,2000,null,null,30,854,480
2026-09-14T15:16:31.303Z,camera_0,1,533.92,0.00,533.92,147571.20,99.6,2000,null,null,30,854,480
2026-09-14T15:16:31.303Z,camera_1,1,0.00,0.00,0.00,147571.20,100.0,2000,null,null,30,854,480
2026-09-14T15:16:31.303Z,camera_0,1,2032.26,1498.34,533.92,147571.20,99.6,2000,null,null,30,854,480
2026-09-14T15:16:34.310Z,camera_0,1,590.07,0.00,590.07,147571.20,99.6,2000,null,null,30,854,480
2026-09-14T15:16:34.310Z,camera_1,1,0.00,0.00,0.00,147571.20,100.0,2000,null,null,30,854,480
2026-09-14T15:16:34.310Z,camera_0,1,2204.92,1614.85,590.07,147571.20,99.6,2000,null,null,30,854,480
2026-09-14T15:16:37.309Z,camera_0,1,325.87,0.00,325.87,147571.20,99.8,2000,null,null,30,854,480
2026-09-14T15:16:37.309Z,camera_1,1,0.00,0.00,0.00,147571.20,100.0,2000,null,null,30,854,480
2026-09-14T15:16:37.313Z,camera_0,1,1557.83,1231.97,325.87,147571.20,99.8,2000,null,null,30,854,480
2026-09-14T15:16:40.308Z,camera_0,1,461.23,0.00,461.23,147571.20,99.7,2000,null,null,30,854,480
2026-09-14T15:16:40.309Z,camera_1,1,0.00,0.00,0.00,147571.20,100.0,2000,null,null,30,854,480
2026-09-14T15:16:40.309Z,camera_0,1,1681.79,1220.57,461.23,147571.20,99.7,2000,null,null,30,854,480
2026-09-14T15:16:43.309Z,camera_0,1,560.49,0.00,560.49,147571.20,99.6,2000,null,null,30,854,480
2026-09-14T15:16:43.309Z,camera_1,1,0.00,0.00,0.00,147571.20,100.0,2000,null,null,30,854,480
2026-09-14T15:16:43.309Z,camera_0,1,2179.72,1619.23,560.49,147571.20,99.6,2000,null,null,30,854,480
2026-09-14T15:16:46.309Z,camera_0,1,513.87,0.00,513.87,147571.20,99.7,2000,null,null,30,854,480
2026-09-14T15:16:46.309Z,camera_1,1,0.00,0.00,0.00,147571.20,100.0,2000,null,null,30,854,480
2026-09-14T15:16:46.309Z,camera_0,1,2139.47,1625.60,513.87,147571.20,99.7,2000,null,null,30,854,480
2026-09-14T15:16:49.311Z,camera_0,1,423.63,0.00,423.63,147571.20,99.7,2000,null,null,30,854,480
2026-09-14T15:16:49.311Z,camera_1,1,0.00,0.00,0.00,147571.20,100.0,2000,null,null,30,854,480
2026-09-14T15:16:49.311Z,camera_0,1,1574.01,1150.38,423.63,147571.20,99.7,2000,null,null,30,854,480
2026-09-14T15:16:52.312Z,camera_0,1,510.36,0.00,510.36,147571.20,99.7,2000,null,null,30,854,480
2026-09-14T15:16:52.312Z,camera_1,1,0.00,0.00,0.00,147571.20,100.0,2000,null,null,30,854,480
2026-09-14T15:16:52.313Z,camera_0,1,2185.34,1674.98,510.36,147571.20,99.7,2000,null,null,30,854,480
2026-09-14T15:16:55.312Z,camera_0,1,489.30,0.00,489.30,147571.20,99.7,2000,null,null,30,854,480
2026-09-14T15:16:55.312Z,camera_1,1,0.00,0.00,0.00,147571.20,100.0,2000,null,null,30,854,480
2026-09-14T15:16:55.312Z,camera_0,1,2017.28,1527.98,489.30,147571.20,99.7,2000,null,null,30,854,480
2026-09-14T15:16:58.312Z,camera_0,1,611.13,0.00,611.13,147571.20,99.6,2000,null,null,30,854,480
2026-09-14T15:16:58.312Z,camera_1,1,0.00,0.00,0.00,147571.20,100.0,2000,null,null,30,854,480
2026-09-14T15:16:58.313Z,camera_0,1,2296.37,1685.24,611.13,147571.20,99.6,2000,null,null,30,854,480
2026-09-14T15:17:01.313Z,camera_0,1,549.46,0.00,549.46,147571.20,99.6,2000,null,null,30,854,480
2026-09-14T15:17:01.313Z,camera_1,1,0.00,0.00,0.00,147571.20,100.0,2000,null,null,30,854,480
2026-09-14T15:17:01.313Z,camera_0,1,2291.62,1742.15,549.46,147571.20,99.6,2000,null,null,30,854,480
2026-09-14T15:17:04.312Z,camera_0,1,412.60,0.00,412.60,147571.20,99.7,2000,null,null,30,854,480
2026-09-14T15:17:04.312Z,camera_1,1,0.00,0.00,0.00,147571.20,100.0,2000,null,null,30,854,480
2026-09-14T15:17:04.313Z,camera_0,1,1786.37,1373.77,412.60,147571.20,99.7,2000,null,null,30,854,480
2026-09-14T15:17:07.312Z,camera_0,1,667.78,0.00,667.78,147571.20,99.5,2000,null,null,30,854,480
2026-09-14T15:17:07.312Z,camera_1,1,0.00,0.00,0.00,147571.20,100.0,2000,null,null,30,854,480
2026-09-14T15:17:07.313Z,camera_0,1,2320.04,1652.26,667.78,147571.20,99.5,2000,null,null,30,854,480
2026-09-14T15:17:10.313Z,camera_0,1,469.75,0.00,469.75,147571.20,99.7,2000,null,null,30,854,480
2026-09-14T15:17:10.313Z,camera_1,1,0.00,0.00,0.00,147571.20,100.0,2000,null,null,30,854,480
2026-09-14T15:17:10.313Z,camera_0,1,1990.32,1520.57,469.75,147571.20,99.7,2000,null,null,30,854,480
2026-09-14T15:17:13.314Z,camera_0,1,399.06,0.00,399.06,147571.20,99.7,2000,null,null,30,854,480
2026-09-14T15:17:13.314Z,camera_1,1,0.00,0.00,0.00,147571.20,100.0,2000,null,null,30,854,480
2026-09-14T15:17:13.316Z,camera_0,1,1634.64,1235.58,399.06,147571.20,99.7,2000,null,null,30,854,480
2026-09-14T15:17:16.314Z,camera_0,1,395.55,0.00,395.55,147571.20,99.7,2000,null,null,30,854,480
2026-09-14T15:17:16.314Z,camera_1,1,0.00,0.00,0.00,147571.20,100.0,2000,null,null,30,854,480
2026-09-14T15:17:16.315Z,camera_0,1,1630.40,1234.85,395.55,147571.20,99.7,2000,null,null,30,854,480
2026-09-14T15:17:19.320Z,camera_0,1,446.69,0.00,446.69,147571.20,99.7,2000,null,null,30,854,480
2026-09-14T15:17:19.321Z,camera_1,1,0.00,0.00,0.00,147571.20,100.0,2000,null,null,30,854,480
2026-09-14T15:17:19.321Z,camera_0,1,1968.38,1521.69,446.69,147571.20,99.7,2000,null,null,30,854,480
2026-09-14T15:17:22.321Z,camera_0,1,375.00,0.00,375.00,147571.20,99.7,2000,null,null,30,854,480
2026-09-14T15:17:22.321Z,camera_1,1,0.00,0.00,0.00,147571.20,100.0,2000,null,null,30,854,480
2026-09-14T15:17:22.321Z,camera_0,1,1735.15,1360.15,375.00,147571.20,99.7,2000,null,null,30,854,480
2026-09-14T15:17:25.322Z,camera_0,1,657.25,0.00,657.25,110592.00,99.4,2000,null,null,120,640,480
2026-09-14T15:17:25.322Z,camera_1,1,0.00,0.00,0.00,110592.00,100.0,2000,null,null,120,640,480
2026-09-14T15:17:25.322Z,camera_0,1,957.65,300.41,657.25,110592.00,99.4,2000,null,null,120,640,480
2026-09-14T15:17:28.323Z,camera_0,1,339.40,0.00,339.40,147571.20,99.8,2000,null,null,30,854,480
2026-09-14T15:17:28.323Z,camera_1,1,0.00,0.00,0.00,147571.20,100.0,2000,null,null,30,854,480
2026-09-14T15:17:28.324Z,camera_0,1,3541.94,3202.54,339.40,147571.20,99.8,2000,null,null,30,854,480
2026-09-14T15:17:31.323Z,camera_0,1,571.52,0.00,571.52,147571.20,99.6,2000,null,null,30,854,480
2026-09-14T15:17:31.323Z,camera_1,1,0.00,0.00,0.00,147571.20,100.0,2000,null,null,30,854,480
2026-09-14T15:17:31.323Z,camera_0,1,2507.25,1935.73,571.52,147571.20,99.6,2000,null,null,30,854,480
2026-09-14T15:17:34.334Z,camera_0,1,529.91,0.00,529.91,147571.20,99.6,2000,null,null,30,854,480
2026-09-14T15:17:34.334Z,camera_1,1,0.00,0.00,0.00,147571.20,100.0,2000,null,null,30,854,480
2026-09-14T15:17:34.334Z,camera_0,1,2776.73,2246.82,529.91,147571.20,99.6,2000,null,null,30,854,480
2026-09-14T15:17:37.335Z,camera_0,1,590.07,0.00,590.07,147571.20,99.6,2000,null,null,30,854,480
2026-09-14T15:17:37.335Z,camera_1,1,0.00,0.00,0.00,147571.20,100.0,2000,null,null,30,854,480
2026-09-14T15:17:37.335Z,camera_0,1,2500.38,1910.31,590.07,147571.20,99.6,2000,null,null,30,854,480
2026-09-14T15:17:40.337Z,camera_0,1,500.33,0.00,500.33,147571.20,99.7,2000,null,null,30,854,480
2026-09-14T15:17:40.337Z,camera_0,1,2452.55,1952.22,500.33,147571.20,99.7,2000,null,null,30,854,480
2026-09-14T15:17:40.337Z,camera_1,1,0.00,0.00,0.00,147571.20,100.0,2000,null,null,30,854,480
2026-09-14T15:17:43.338Z,camera_0,1,447.19,0.00,447.19,147571.20,99.7,2000,null,null,30,854,480
2026-09-14T15:17:43.338Z,camera_1,1,0.00,0.00,0.00,147571.20,100.0,2000,null,null,30,854,480
2026-09-14T15:17:43.338Z,camera_0,1,2221.60,1774.41,447.19,147571.20,99.7,2000,null,null,30,854,480
2026-09-14T15:17:46.338Z,camera_0,1,745.98,0.00,745.98,147571.20,99.5,2000,null,null,30,854,480
2026-09-14T15:17:46.338Z,camera_1,1,0.00,0.00,0.00,147571.20,100.0,2000,null,null,30,854,480
2026-09-14T15:17:46.338Z,camera_0,1,3118.52,2372.53,745.98,147571.20,99.5,2000,null,null,30,854,480
2026-09-14T15:17:49.337Z,camera_0,1,532.92,0.00,532.92,147571.20,99.6,2000,null,null,30,854,480
2026-09-14T15:17:49.338Z,camera_1,1,0.00,0.00,0.00,147571.20,100.0,2000,null,null,30,854,480
2026-09-14T15:17:49.338Z,camera_0,1,2459.70,1926.78,532.92,147571.20,99.6,2000,null,null,30,854,480
2026-09-14T15:17:52.338Z,camera_0,1,403.57,0.00,403.57,147571.20,99.7,2000,null,null,30,854,480
2026-09-14T15:17:52.338Z,camera_1,1,0.00,0.00,0.00,147571.20,100.0,2000,null,null,30,854,480
2026-09-14T15:17:52.341Z,camera_0,1,1836.02,1432.45,403.57,147571.20,99.7,2000,null,null,30,854,480
2026-09-14T15:17:55.338Z,camera_0,1,592.07,0.00,592.07,147571.20,99.6,2000,null,null,30,854,480
2026-09-14T15:17:55.338Z,camera_1,1,0.00,0.00,0.00,147571.20,100.0,2000,null,null,30,854,480
2026-09-14T15:17:55.338Z,camera_0,1,2531.09,1939.01,592.07,147571.20,99.6,2000,null,null,30,854,480
2026-09-14T15:17:58.339Z,camera_0,1,459.22,0.00,459.22,147571.20,99.7,2000,null,null,30,854,480
2026-09-14T15:17:58.339Z,camera_1,1,0.00,0.00,0.00,147571.20,100.0,2000,null,null,30,854,480
2026-09-14T15:17:58.339Z,camera_0,1,2233.33,1774.11,459.22,147571.20,99.7,2000,null,null,30,854,480
2026-09-14T15:18:01.341Z,camera_0,1,560.49,0.00,560.49,147571.20,99.6,2000,null,null,30,854,480
2026-09-14T15:18:01.341Z,camera_1,1,0.00,0.00,0.00,147571.20,100.0,2000,null,null,30,854,480
2026-09-14T15:18:01.342Z,camera_0,1,2176.24,1615.75,560.49,147571.20,99.6,2000,null,null,30,854,480
2026-09-14T15:18:04.340Z,camera_0,1,511.86,0.00,511.86,147571.20,99.7,2000,null,null,30,854,480
2026-09-14T15:18:04.341Z,camera_1,1,0.00,0.00,0.00,147571.20,100.0,2000,null,null,30,854,480
2026-09-14T15:18:04.341Z,camera_0,1,2430.22,1918.36,511.86,147571.20,99.7,2000,null,null,30,854,480
2026-09-14T15:18:07.341Z,camera_0,1,609.62,0.00,609.62,147571.20,99.6,2000,null,null,30,854,480
2026-09-14T15:18:07.341Z,camera_1,1,0.00,0.00,0.00,147571.20,100.0,2000,null,null,30,854,480
2026-09-14T15:18:07.346Z,camera_0,1,2378.09,1768.47,609.62,147571.20,99.6,2000,null,null,30,854,480
2026-09-14T15:18:10.341Z,camera_0,1,607.11,0.00,607.11,147571.20,99.6,2000,null,null,30,854,480
2026-09-14T15:18:10.341Z,camera_1,1,0.00,0.00,0.00,147571.20,100.0,2000,null,null,30,854,480
2026-09-14T15:18:10.341Z,camera_0,1,2824.89,2217.78,607.11,147571.20,99.6,2000,null,null,30,854,480
2026-09-14T15:18:13.344Z,camera_0,1,563.50,0.00,563.50,147571.20,99.6,2000,null,null,30,854,480
2026-09-14T15:18:13.344Z,camera_1,1,0.00,0.00,0.00,147571.20,100.0,2000,null,null,30,854,480
2026-09-14T15:18:13.344Z,camera_0,1,2440.92,1877.42,563.50,147571.20,99.6,2000,null,null,30,854,480
2026-09-14T15:18:16.345Z,camera_0,1,592.07,0.00,592.07,147571.20,99.6,2000,null,null,30,854,480
2026-09-14T15:18:16.345Z,camera_1,1,0.00,0.00,0.00,147571.20,100.0,2000,null,null,30,854,480
2026-09-14T15:18:16.345Z,camera_0,1,2348.84,1756.77,592.07,147571.20,99.6,2000,null,null,30,854,480
2026-09-14T15:18:19.346Z,camera_1,1,0.00,0.00,0.00,147571.20,100.0,2000,null,null,30,854,480
2026-09-14T15:18:19.346Z,camera_0,1,2055.57,1610.38,445.18,147571.20,99.7,2000,null,null,30,854,480
2026-09-14T15:18:19.345Z,camera_0,1,445.18,0.00,445.18,147571.20,99.7,2000,null,null,30,854,480
2026-09-14T15:18:22.348Z,camera_0,1,457.72,0.00,457.72,147571.20,99.7,2000,null,null,30,854,480
2026-09-14T15:18:22.348Z,camera_0,1,2192.51,1734.79,457.72,147571.20,99.7,2000,null,null,30,854,480
2026-09-14T15:18:22.348Z,camera_1,1,0.00,0.00,0.00,147571.20,100.0,2000,null,null,30,854,480
2026-09-14T15:18:25.349Z,camera_0,1,786.09,0.00,786.09,147571.20,99.5,2000,null,null,30,854,480
2026-09-14T15:18:25.349Z,camera_1,1,0.00,0.00,0.00,147571.20,100.0,2000,null,null,30,854,480
2026-09-14T15:18:25.351Z,camera_0,1,3121.65,2335.56,786.09,147571.20,99.5,2000,null,null,30,854,480
2026-09-14T15:18:28.350Z,camera_1,1,0.00,0.00,0.00,147571.20,100.0,2000,null,null,30,854,480
2026-09-14T15:18:28.349Z,camera_0,1,584.05,0.00,584.05,147571.20,99.6,2000,null,null,30,854,480
2026-09-14T15:18:28.353Z,camera_0,1,2403.27,1819.22,584.05,147571.20,99.6,2000,null,null,30,854,480
2026-09-14T15:18:31.351Z,camera_0,1,625.66,0.00,625.66,147571.20,99.6,2000,null,null,30,854,480
2026-09-14T15:18:31.351Z,camera_1,1,0.00,0.00,0.00,147571.20,100.0,2000,null,null,30,854,480
2026-09-14T15:18:31.351Z,camera_0,1,2251.99,1626.33,625.66,147571.20,99.6,2000,null,null,30,854,480
2026-09-14T15:18:34.350Z,camera_0,1,559.49,0.00,559.49,147571.20,99.6,2000,null,null,30,854,480
2026-09-14T15:18:34.350Z,camera_1,1,0.00,0.00,0.00,147571.20,100.0,2000,null,null,30,854,480
2026-09-14T15:18:34.350Z,camera_0,1,2370.29,1810.80,559.49,147571.20,99.6,2000,null,null,30,854,480
2026-09-14T15:18:37.376Z,camera_0,1,666.27,0.00,666.27,147571.20,99.5,2000,null,null,30,854,480
2026-09-14T15:18:37.376Z,camera_1,1,0.00,0.00,0.00,147571.20,100.0,2000,null,null,30,854,480
2026-09-14T15:18:37.378Z,camera_0,1,2633.55,1967.28,666.27,147571.20,99.5,2000,null,null,30,854,480
2026-09-14T15:18:40.375Z,camera_0,1,671.79,0.00,671.79,147571.20,99.5,2000,null,null,30,854,480
2026-09-14T15:18:40.375Z,camera_1,1,0.00,0.00,0.00,147571.20,100.0,2000,null,null,30,854,480
2026-09-14T15:18:40.375Z,camera_0,1,2137.41,1465.62,671.79,147571.20,99.5,2000,null,null,30,854,480
2026-09-14T15:18:43.390Z,camera_1,1,0.00,0.00,0.00,746496.00,100.0,2000,null,null,10,1920,1080
2026-09-14T15:18:43.390Z,camera_0,1,763.63,339.01,424.63,746496.00,99.9,2000,null,null,10,1920,1080
2026-09-14T15:18:43.390Z,camera_0,1,424.63,0.00,424.63,746496.00,99.9,2000,null,null,10,1920,1080
2026-09-14T15:18:46.395Z,camera_0,1,0.00,0.00,0.00,746496.00,100.0,2000,null,null,10,1920,1080
2026-09-14T15:18:46.395Z,camera_1,1,0.00,0.00,0.00,746496.00,100.0,2000,null,null,10,1920,1080
2026-09-14T15:18:46.396Z,camera_0,1,2067.38,2067.38,0.00,746496.00,100.0,2000,null,null,10,1920,1080
2026-09-14T15:18:49.396Z,camera_0,1,0.00,0.00,0.00,746496.00,100.0,2000,null,null,10,1920,1080
2026-09-14T15:18:49.396Z,camera_1,1,0.00,0.00,0.00,746496.00,100.0,2000,null,null,10,1920,1080
2026-09-14T15:18:49.396Z,camera_0,1,740.11,740.11,0.00,746496.00,100.0,2000,null,null,10,1920,1080
2026-09-14T15:18:52.397Z,camera_0,1,0.00,0.00,0.00,746496.00,100.0,2000,null,null,10,1920,1080
2026-09-14T15:18:52.397Z,camera_1,1,0.00,0.00,0.00,746496.00,100.0,2000,null,null,10,1920,1080
2026-09-14T15:18:52.397Z,camera_0,1,0.00,0.00,0.00,746496.00,100.0,2000,null,null,10,1920,1080
2026-09-14T15:18:55.401Z,camera_0,1,118.82,0.00,118.82,746496.00,100.0,2000,null,null,10,1920,1080
2026-09-14T15:18:55.401Z,camera_1,1,0.00,0.00,0.00,746496.00,100.0,2000,null,null,10,1920,1080
2026-09-14T15:18:55.404Z,camera_0,1,363.04,244.23,118.82,746496.00,100.0,2000,null,null,10,1920,1080
2026-09-14T15:18:58.427Z,camera_0,1,52.64,0.00,52.64,147571.20,100.0,2000,null,null,30,854,480
2026-09-14T15:18:58.430Z,camera_1,1,0.00,0.00,0.00,147571.20,100.0,2000,null,null,30,854,480
2026-09-14T15:18:58.430Z,camera_0,1,518.93,466.29,52.64,147571.20,100.0,2000,null,null,30,854,480
2026-09-14T15:19:01.666Z,camera_0,1,0.00,0.00,0.00,147571.20,100.0,2000,null,null,30,854,480
2026-09-14T15:19:01.667Z,camera_1,1,0.00,0.00,0.00,147571.20,100.0,2000,null,null,30,854,480
2026-09-14T15:19:01.668Z,camera_0,1,1327.56,1327.56,0.00,147571.20,100.0,2000,null,null,30,854,480
2026-09-14T15:19:04.667Z,camera_0,1,0.00,0.00,0.00,147571.20,100.0,2000,null,null,30,854,480
2026-09-14T15:19:04.667Z,camera_1,1,0.00,0.00,0.00,147571.20,100.0,2000,null,null,30,854,480
2026-09-14T15:19:04.667Z,camera_0,1,871.97,871.97,0.00,147571.20,100.0,2000,null,null,30,854,480
2026-09-14T15:19:07.670Z,camera_0,1,0.00,0.00,0.00,147571.20,100.0,2000,null,null,30,854,480
2026-09-14T15:19:07.670Z,camera_1,1,0.00,0.00,0.00,147571.20,100.0,2000,null,null,30,854,480
2026-09-14T15:19:07.674Z,camera_0,1,324.44,324.44,0.00,147571.20,100.0,2000,null,null,30,854,480
2026-09-14T15:22:35.879Z,camera_0,1,0.00,0.00,0.00,110592.00,100.0,2000,null,null,120,640,480
2026-09-14T15:22:35.881Z,camera_1,1,0.00,0.00,0.00,110592.00,100.0,2000,null,null,120,640,480
2026-09-14T15:22:35.881Z,camera_0,1,0.00,0.00,0.00,110592.00,100.0,2000,null,null,120,640,480
2026-09-14T15:22:38.879Z,camera_0,1,0.00,0.00,0.00,110592.00,100.0,2000,null,null,30,640,480
2026-09-14T15:22:38.880Z,camera_1,1,0.00,0.00,0.00,110592.00,100.0,2000,null,null,30,640,480
2026-09-14T15:22:38.880Z,camera_0,1,178.84,178.84,0.00,110592.00,100.0,2000,null,null,30,640,480
2026-09-14T15:22:41.880Z,camera_0,1,165.94,0.00,165.94,147571.20,99.9,2000,null,null,30,854,480
2026-09-14T15:22:41.880Z,camera_1,1,0.00,0.00,0.00,147571.20,100.0,2000,null,null,30,854,480
2026-09-14T15:22:41.885Z,camera_0,1,387.52,221.58,165.94,147571.20,99.9,2000,null,null,30,854,480
2026-09-14T15:22:44.881Z,camera_0,1,0.00,0.00,0.00,147571.20,100.0,2000,null,null,30,854,480
2026-09-14T15:22:44.881Z,camera_1,1,0.00,0.00,0.00,147571.20,100.0,2000,null,null,30,854,480
2026-09-14T15:22:44.881Z,camera_0,1,2246.34,2246.34,0.00,147571.20,100.0,2000,null,null,30,854,480
2026-09-14T15:22:47.920Z,camera_0,1,495.82,0.00,495.82,147571.20,99.7,2000,null,null,30,854,480
2026-09-14T15:22:47.920Z,camera_1,1,0.00,0.00,0.00,147571.20,100.0,2000,null,null,30,854,480
2026-09-14T15:22:47.921Z,camera_0,1,1949.66,1453.85,495.82,147571.20,99.7,2000,null,null,30,854,480
2026-09-14T15:22:50.923Z,camera_0,1,465.24,0.00,465.24,147571.20,99.7,2000,null,null,30,854,480
2026-09-14T15:22:50.923Z,camera_1,1,0.00,0.00,0.00,147571.20,100.0,2000,null,null,30,854,480
2026-09-14T15:22:50.923Z,camera_0,1,1808.49,1343.25,465.24,147571.20,99.7,2000,null,null,30,854,480
2026-09-14T15:22:53.924Z,camera_0,1,479.78,0.00,479.78,147571.20,99.7,2000,null,null,30,854,480
2026-09-14T15:22:53.924Z,camera_1,1,0.00,0.00,0.00,147571.20,100.0,2000,null,null,30,854,480
2026-09-14T15:22:53.924Z,camera_0,1,1620.11,1140.33,479.78,147571.20,99.7,2000,null,null,30,854,480
2026-09-14T15:22:56.925Z,camera_0,1,600.10,0.00,600.10,147571.20,99.6,2000,null,null,30,854,480
2026-09-14T15:22:56.927Z,camera_1,1,0.00,0.00,0.00,147571.20,100.0,2000,null,null,30,854,480
2026-09-14T15:22:56.928Z,camera_0,1,2027.45,1427.35,600.10,147571.20,99.6,2000,null,null,30,854,480
2026-09-14T15:22:59.923Z,camera_0,1,509.86,0.00,509.86,147571.20,99.7,2000,null,null,30,854,480
2026-09-14T15:22:59.923Z,camera_1,1,0.00,0.00,0.00,147571.20,100.0,2000,null,null,30,854,480
2026-09-14T15:22:59.924Z,camera_0,1,1925.63,1415.78,509.86,147571.20,99.7,2000,null,null,30,854,480
2026-09-14T15:23:02.923Z,camera_0,1,693.34,0.00,693.34,147571.20,99.5,2000,null,null,30,854,480
2026-09-14T15:23:02.923Z,camera_1,1,0.00,0.00,0.00,147571.20,100.0,2000,null,null,30,854,480
2026-09-14T15:23:02.923Z,camera_0,1,2232.81,1539.46,693.34,147571.20,99.5,2000,null,null,30,854,480
2026-09-14T15:23:05.926Z,camera_0,1,546.45,0.00,546.45,147571.20,99.6,2000,null,null,30,854,480
2026-09-14T15:23:05.926Z,camera_1,1,0.00,0.00,0.00,147571.20,100.0,2000,null,null,30,854,480
2026-09-14T15:23:05.926Z,camera_0,1,2066.06,1519.61,546.45,147571.20,99.6,2000,null,null,30,854,480
2026-09-14T15:23:08.927Z,camera_0,1,611.13,0.00,611.13,147571.20,99.6,2000,null,null,30,854,480
2026-09-14T15:23:08.929Z,camera_1,1,0.00,0.00,0.00,147571.20,100.0,2000,null,null,30,854,480
2026-09-14T15:23:08.930Z,camera_0,1,1804.51,1193.39,611.13,147571.20,99.6,2000,null,null,30,854,480
2026-09-14T15:23:11.928Z,camera_0,1,502.34,0.00,502.34,147571.20,99.7,2000,null,null,30,854,480
2026-09-14T15:23:11.928Z,camera_1,1,0.00,0.00,0.00,147571.20,100.0,2000,null,null,30,854,480
2026-09-14T15:23:11.928Z,camera_0,1,1785.53,1283.19,502.34,147571.20,99.7,2000,null,null,30,854,480
2026-09-14T15:23:14.927Z,camera_0,1,441.67,0.00,441.67,147571.20,99.7,2000,null,null,30,854,480
2026-09-14T15:23:14.929Z,camera_1,1,0.00,0.00,0.00,147571.20,100.0,2000,null,null,30,854,480
2026-09-14T15:23:14.929Z,camera_0,1,1694.61,1252.94,441.67,147571.20,99.7,2000,null,null,30,854,480
2026-09-14T15:23:17.974Z,camera_0,1,608.12,0.00,608.12,147571.20,99.6,2000,null,null,30,854,480
2026-09-14T15:23:17.974Z,camera_1,1,0.00,0.00,0.00,147571.20,100.0,2000,null,null,30,854,480
2026-09-14T15:23:17.975Z,camera_0,1,1967.01,1358.89,608.12,147571.20,99.6,2000,null,null,30,854,480
2026-09-14T15:23:20.974Z,camera_0,1,564.00,0.00,564.00,147571.20,99.6,2000,null,null,30,854,480
2026-09-14T15:23:20.975Z,camera_1,1,0.00,0.00,0.00,147571.20,100.0,2000,null,null,30,854,480
2026-09-14T15:23:20.975Z,camera_0,1,1907.19,1343.19,564.00,147571.20,99.6,2000,null,null,30,854,480
2026-09-14T15:23:23.977Z,camera_0,1,562.50,0.00,562.50,147571.20,99.6,2000,null,null,30,854,480
2026-09-14T15:23:23.977Z,camera_1,1,0.00,0.00,0.00,147571.20,100.0,2000,null,null,30,854,480
2026-09-14T15:23:23.977Z,camera_0,1,1829.72,1267.22,562.50,147571.20,99.6,2000,null,null,30,854,480
2026-09-14T15:23:26.977Z,camera_0,1,469.25,0.00,469.25,147571.20,99.7,2000,null,null,30,854,480
2026-09-14T15:23:26.977Z,camera_1,1,0.00,0.00,0.00,147571.20,100.0,2000,null,null,30,854,480
2026-09-14T15:23:26.978Z,camera_0,1,1654.01,1184.76,469.25,147571.20,99.7,2000,null,null,30,854,480
2026-09-14T15:23:29.984Z,camera_0,1,322.36,0.00,322.36,147571.20,99.8,2000,null,null,30,854,480
2026-09-14T15:23:29.984Z,camera_1,1,0.00,0.00,0.00,147571.20,100.0,2000,null,null,30,854,480
2026-09-14T15:23:29.985Z,camera_0,1,1281.90,959.54,322.36,147571.20,99.8,2000,null,null,30,854,480
2026-09-14T15:23:32.984Z,camera_0,1,378.51,0.00,378.51,147571.20,99.7,2000,null,null,30,854,480
2026-09-14T15:23:32.984Z,camera_1,1,0.00,0.00,0.00,147571.20,100.0,2000,null,null,30,854,480
2026-09-14T15:23:32.984Z,camera_0,1,1326.66,948.16,378.51,147571.20,99.7,2000,null,null,30,854,480
2026-09-14T15:23:35.985Z,camera_0,1,333.39,0.00,333.39,147571.20,99.8,2000,null,null,30,854,480
2026-09-14T15:23:35.985Z,camera_1,1,0.00,0.00,0.00,147571.20,100.0,2000,null,null,30,854,480
2026-09-14T15:23:35.986Z,camera_0,1,1043.85,710.46,333.39,147571.20,99.8,2000,null,null,30,854,480
2026-09-14T15:23:39.044Z,camera_0,1,239.64,0.00,239.64,147571.20,99.8,2000,null,null,30,854,480
2026-09-14T15:23:39.044Z,camera_1,1,0.00,0.00,0.00,147571.20,100.0,2000,null,null,30,854,480
2026-09-14T15:23:39.044Z,camera_0,1,827.82,588.18,239.64,147571.20,99.8,2000,null,null,30,854,480
2026-09-14T15:23:42.043Z,camera_0,1,187.50,0.00,187.50,147571.20,99.9,2000,null,null,30,854,480
2026-09-14T15:23:42.044Z,camera_1,1,0.00,0.00,0.00,147571.20,100.0,2000,null,null,30,854,480
2026-09-14T15:23:42.044Z,camera_0,1,660.25,472.75,187.50,147571.20,99.9,2000,null,null,30,854,480
2026-09-14T15:23:45.044Z,camera_0,1,181.98,0.00,181.98,147571.20,99.9,2000,null,null,30,854,480
2026-09-14T15:23:45.044Z,camera_1,1,0.00,0.00,0.00,147571.20,100.0,2000,null,null,30,854,480
2026-09-14T15:23:45.044Z,camera_0,1,654.03,472.05,181.98,147571.20,99.9,2000,null,null,30,854,480
2026-09-14T15:23:48.065Z,camera_1,1,0.00,0.00,0.00,147571.20,100.0,2000,null,null,30,854,480
2026-09-14T15:23:48.065Z,camera_0,1,319.35,0.00,319.35,147571.20,99.8,2000,null,null,30,854,480
2026-09-14T15:23:48.065Z,camera_0,1,1143.29,823.94,319.35,147571.20,99.8,2000,null,null,30,854,480
2026-09-14T15:23:51.054Z,camera_0,1,181.98,0.00,181.98,147571.20,99.9,2000,null,null,30,854,480
2026-09-14T15:23:51.054Z,camera_1,1,0.00,0.00,0.00,147571.20,100.0,2000,null,null,30,854,480
2026-09-14T15:23:51.055Z,camera_0,1,535.17,353.18,181.98,147571.20,99.9,2000,null,null,30,854,480
2026-09-14T15:23:54.054Z,camera_0,1,270.22,0.00,270.22,147571.20,99.8,2000,null,null,30,854,480
2026-09-14T15:23:54.054Z,camera_1,1,0.00,0.00,0.00,147571.20,100.0,2000,null,null,30,854,480
2026-09-14T15:23:54.055Z,camera_0,1,741.43,471.21,270.22,147571.20,99.8,2000,null,null,30,854,480
2026-09-14T15:23:57.055Z,camera_0,1,242.65,0.00,242.65,147571.20,99.8,2000,null,null,30,854,480
2026-09-14T15:23:57.055Z,camera_1,1,0.00,0.00,0.00,147571.20,100.0,2000,null,null,30,854,480
2026-09-14T15:23:57.055Z,camera_0,1,714.71,472.06,242.65,147571.20,99.8,2000,null,null,30,854,480
2026-09-14T15:24:00.055Z,camera_0,1,277.24,0.00,277.24,147571.20,99.8,2000,null,null,30,854,480
2026-09-14T15:24:00.055Z,camera_1,1,0.00,0.00,0.00,147571.20,100.0,2000,null,null,30,854,480
2026-09-14T15:24:00.056Z,camera_0,1,1112.32,835.09,277.24,147571.20,99.8,2000,null,null,30,854,480
2026-09-14T15:24:03.056Z,camera_0,1,232.12,0.00,232.12,147571.20,99.8,2000,null,null,30,854,480
2026-09-14T15:24:03.056Z,camera_1,1,0.00,0.00,0.00,147571.20,100.0,2000,null,null,30,854,480
2026-09-14T15:24:03.059Z,camera_0,1,826.97,594.86,232.12,147571.20,99.8,2000,null,null,30,854,480
2026-09-14T15:24:06.056Z,camera_0,1,296.29,0.00,296.29,147571.20,99.8,2000,null,null,30,854,480
2026-09-14T15:24:06.056Z,camera_1,1,0.00,0.00,0.00,147571.20,100.0,2000,null,null,30,854,480
2026-09-14T15:24:06.056Z,camera_0,1,1006.22,709.93,296.29,147571.20,99.8,2000,null,null,30,854,480
2026-09-14T15:24:09.055Z,camera_0,1,255.18,0.00,255.18,147571.20,99.8,2000,null,null,30,854,480
2026-09-14T15:24:09.055Z,camera_1,1,0.00,0.00,0.00,147571.20,100.0,2000,null,null,30,854,480
2026-09-14T15:24:09.056Z,camera_0,1,949.38,694.21,255.18,147571.20,99.8,2000,null,null,30,854,480
2026-09-14T15:24:12.057Z,camera_0,1,383.02,0.00,383.02,147571.20,99.7,2000,null,null,30,854,480
2026-09-14T15:24:12.057Z,camera_1,1,0.00,0.00,0.00,147571.20,100.0,2000,null,null,30,854,480
2026-09-14T15:24:12.057Z,camera_0,1,1051.91,668.89,383.02,147571.20,99.7,2000,null,null,30,854,480
2026-09-14T15:24:15.057Z,camera_0,1,361.96,0.00,361.96,147571.20,99.8,2000,null,null,30,854,480
2026-09-14T15:24:15.057Z,camera_1,1,0.00,0.00,0.00,147571.20,100.0,2000,null,null,30,854,480
2026-09-14T15:24:15.057Z,camera_0,1,1515.30,1153.34,361.96,147571.20,99.8,2000,null,null,30,854,480
2026-09-14T15:24:18.115Z,camera_0,1,350.93,0.00,350.93,147571.20,99.8,2000,null,null,30,854,480
2026-09-14T15:24:18.115Z,camera_1,1,0.00,0.00,0.00,147571.20,100.0,2000,null,null,30,854,480
2026-09-14T15:24:18.115Z,camera_0,1,1109.78,758.85,350.93,147571.20,99.8,2000,null,null,30,854,480
2026-09-14T15:24:21.115Z,camera_0,1,344.92,0.00,344.92,147571.20,99.8,2000,null,null,30,854,480
2026-09-14T15:24:21.115Z,camera_1,1,0.00,0.00,0.00,147571.20,100.0,2000,null,null,30,854,480
2026-09-14T15:24:21.116Z,camera_0,1,1130.91,785.99,344.92,147571.20,99.8,2000,null,null,30,854,480
2026-09-14T15:24:24.174Z,camera_0,1,447.19,0.00,447.19,147571.20,99.7,2000,null,null,30,854,480
2026-09-14T15:24:24.174Z,camera_1,1,0.00,0.00,0.00,147571.20,100.0,2000,null,null,30,854,480
2026-09-14T15:24:24.178Z,camera_0,1,1247.71,800.52,447.19,147571.20,99.7,2000,null,null,30,854,480
2026-09-14T15:24:27.177Z,camera_0,1,340.41,0.00,340.41,147571.20,99.8,2000,null,null,30,854,480
2026-09-14T15:24:27.177Z,camera_1,1,0.00,0.00,0.00,147571.20,100.0,2000,null,null,30,854,480
2026-09-14T15:24:27.177Z,camera_0,1,1130.25,789.85,340.41,147571.20,99.8,2000,null,null,30,854,480
2026-09-14T15:24:30.177Z,camera_0,1,183.99,0.00,183.99,147571.20,99.9,2000,null,null,30,854,480
2026-09-14T15:24:30.178Z,camera_1,1,0.00,0.00,0.00,147571.20,100.0,2000,null,null,30,854,480
2026-09-14T15:24:30.178Z,camera_0,1,631.90,447.91,183.99,147571.20,99.9,2000,null,null,30,854,480
2026-09-14T15:24:33.178Z,camera_0,1,216.58,0.00,216.58,147571.20,99.9,2000,null,null,30,854,480
2026-09-14T15:24:33.178Z,camera_1,1,0.00,0.00,0.00,147571.20,100.0,2000,null,null,30,854,480
2026-09-14T15:24:33.178Z,camera_0,1,755.17,538.59,216.58,147571.20,99.9,2000,null,null,30,854,480
2026-09-14T15:24:36.180Z,camera_1,1,0.00,0.00,0.00,147571.20,100.0,2000,null,null,30,854,480
2026-09-14T15:24:36.183Z,camera_0,1,758.77,545.70,213.07,147571.20,99.9,2000,null,null,30,854,480
2026-09-14T15:24:36.178Z,camera_0,1,213.07,0.00,213.07,147571.20,99.9,2000,null,null,30,854,480
2026-09-14T15:24:39.181Z,camera_0,1,306.82,0.00,306.82,147571.20,99.8,2000,null,null,30,854,480
2026-09-14T15:24:39.181Z,camera_1,1,0.00,0.00,0.00,147571.20,100.0,2000,null,null,30,854,480
2026-09-14T15:24:39.181Z,camera_0,1,974.21,667.39,306.82,147571.20,99.8,2000,null,null,30,854,480
2026-09-14T15:24:42.181Z,camera_1,1,0.00,0.00,0.00,147571.20,100.0,2000,null,null,30,854,480
2026-09-14T15:24:42.181Z,camera_0,1,273.73,0.00,273.73,147571.20,99.8,2000,null,null,30,854,480
2026-09-14T15:24:42.182Z,camera_0,1,827.27,553.54,273.73,147571.20,99.8,2000,null,null,30,854,480
2026-09-14T15:24:45.180Z,camera_0,1,263.20,0.00,263.20,147571.20,99.8,2000,null,null,30,854,480
2026-09-14T15:24:45.180Z,camera_1,1,0.00,0.00,0.00,147571.20,100.0,2000,null,null,30,854,480
2026-09-14T15:24:45.187Z,camera_0,1,1041.77,778.57,263.20,147571.20,99.8,2000,null,null,30,854,480
2026-09-14T15:24:48.180Z,camera_0,1,403.07,0.00,403.07,147571.20,99.7,2000,null,null,30,854,480
2026-09-14T15:24:48.181Z,camera_1,1,0.00,0.00,0.00,147571.20,100.0,2000,null,null,30,854,480
2026-09-14T15:24:48.181Z,camera_0,1,1482.89,1079.82,403.07,147571.20,99.7,2000,null,null,30,854,480
2026-09-14T15:24:51.181Z,camera_0,1,237.13,0.00,237.13,147571.20,99.8,2000,null,null,30,854,480
2026-09-14T15:24:51.186Z,camera_1,1,0.00,0.00,0.00,147571.20,100.0,2000,null,null,30,854,480
2026-09-14T15:24:51.187Z,camera_0,1,949.77,712.64,237.13,147571.20,99.8,2000,null,null,30,854,480
2026-09-14T15:24:54.213Z,camera_0,1,463.73,0.00,463.73,147571.20,99.7,2000,null,null,30,854,480
2026-09-14T15:24:54.214Z,camera_1,1,0.00,0.00,0.00,147571.20,100.0,2000,null,null,30,854,480
2026-09-14T15:24:54.217Z,camera_0,1,1413.03,949.30,463.73,147571.20,99.7,2000,null,null,30,854,480
2026-09-14T15:24:57.210Z,camera_0,1,294.28,0.00,294.28,147571.20,99.8,2000,null,null,30,854,480
2026-09-14T15:24:57.211Z,camera_1,1,0.00,0.00,0.00,147571.20,100.0,2000,null,null,30,854,480
2026-09-14T15:24:57.214Z,camera_0,1,1117.07,822.79,294.28,147571.20,99.8,2000,null,null,30,854,480
2026-09-14T15:25:00.246Z,camera_0,1,332.38,0.00,332.38,147571.20,99.8,2000,null,null,30,854,480
2026-09-14T15:25:00.249Z,camera_1,1,0.00,0.00,0.00,147571.20,100.0,2000,null,null,30,854,480
2026-09-14T15:25:00.252Z,camera_0,1,1161.44,829.06,332.38,147571.20,99.8,2000,null,null,30,854,480
2026-09-14T15:25:03.283Z,camera_0,1,226.60,0.00,226.60,147571.20,99.8,2000,null,null,30,854,480
2026-09-14T15:25:03.286Z,camera_1,1,0.00,0.00,0.00,147571.20,100.0,2000,null,null,30,854,480
2026-09-14T15:25:03.287Z,camera_0,1,940.64,714.04,226.60,147571.20,99.8,2000,null,null,30,854,480
2026-09-14T15:25:06.283Z,camera_0,1,407.08,0.00,407.08,147571.20,99.7,2000,null,null,30,854,480
2026-09-14T15:25:06.283Z,camera_0,1,1357.94,950.85,407.08,147571.20,99.7,2000,null,null,30,854,480
2026-09-14T15:25:06.283Z,camera_1,1,0.00,0.00,0.00,147571.20,100.0,2000,null,null,30,854,480
2026-09-14T15:25:09.283Z,camera_0,1,369.48,0.00,369.48,147571.20,99.7,2000,null,null,30,854,480
2026-09-14T15:25:09.283Z,camera_1,1,0.00,0.00,0.00,147571.20,100.0,2000,null,null,30,854,480
2026-09-14T15:25:09.284Z,camera_0,1,1424.78,1055.30,369.48,147571.20,99.7,2000,null,null,30,854,480
2026-09-14T15:25:12.283Z,camera_0,1,435.16,0.00,435.16,147571.20,99.7,2000,null,null,30,854,480
2026-09-14T15:25:12.283Z,camera_1,1,0.00,0.00,0.00,147571.20,100.0,2000,null,null,30,854,480
2026-09-14T15:25:12.283Z,camera_0,1,1556.03,1120.87,435.16,147571.20,99.7,2000,null,null,30,854,480
2026-09-14T15:25:15.282Z,camera_0,1,432.15,0.00,432.15,147571.20,99.7,2000,null,null,30,854,480
2026-09-14T15:25:15.283Z,camera_1,1,0.00,0.00,0.00,147571.20,100.0,2000,null,null,30,854,480
2026-09-14T15:25:15.283Z,camera_0,1,1400.38,968.23,432.15,147571.20,99.7,2000,null,null,30,854,480
2026-09-14T15:25:18.284Z,camera_0,1,439.17,0.00,439.17,147571.20,99.7,2000,null,null,30,854,480
2026-09-14T15:25:18.284Z,camera_1,1,0.00,0.00,0.00,147571.20,100.0,2000,null,null,30,854,480
2026-09-14T15:25:18.285Z,camera_0,1,1512.51,1073.34,439.17,147571.20,99.7,2000,null,null,30,854,480
2026-09-14T15:25:21.313Z,camera_0,1,388.03,0.00,388.03,147571.20,99.7,2000,null,null,30,854,480
2026-09-14T15:25:21.314Z,camera_1,1,0.00,0.00,0.00,147571.20,100.0,2000,null,null,30,854,480
2026-09-14T15:25:21.314Z,camera_0,1,1404.11,1016.08,388.03,147571.20,99.7,2000,null,null,30,854,480
2026-09-14T15:25:24.315Z,camera_0,1,444.18,0.00,444.18,147571.20,99.7,2000,null,null,30,854,480
2026-09-14T15:25:24.315Z,camera_1,1,0.00,0.00,0.00,147571.20,100.0,2000,null,null,30,854,480
2026-09-14T15:25:24.315Z,camera_0,1,1446.39,1002.21,444.18,147571.20,99.7,2000,null,null,30,854,480
2026-09-14T15:25:27.315Z,camera_0,1,419.11,0.00,419.11,147571.20,99.7,2000,null,null,30,854,480
2026-09-14T15:25:27.315Z,camera_1,1,0.00,0.00,0.00,147571.20,100.0,2000,null,null,30,854,480
2026-09-14T15:25:27.316Z,camera_0,1,1549.52,1130.41,419.11,147571.20,99.7,2000,null,null,30,854,480
2026-09-14T15:25:30.316Z,camera_0,1,434.66,0.00,434.66,147571.20,99.7,2000,null,null,30,854,480
2026-09-14T15:25:30.316Z,camera_1,1,0.00,0.00,0.00,147571.20,100.0,2000,null,null,30,854,480
2026-09-14T15:25:30.316Z,camera_0,1,1702.94,1268.29,434.66,147571.20,99.7,2000,null,null,30,854,480
2026-09-14T15:25:33.317Z,camera_0,1,435.66,0.00,435.66,147571.20,99.7,2000,null,null,30,854,480
2026-09-14T15:25:33.318Z,camera_1,1,0.00,0.00,0.00,147571.20,100.0,2000,null,null,30,854,480
2026-09-14T15:25:33.318Z,camera_0,1,1356.92,921.26,435.66,147571.20,99.7,2000,null,null,30,854,480
2026-09-14T15:25:36.316Z,camera_0,1,310.83,0.00,310.83,147571.20,99.8,2000,null,null,30,854,480
2026-09-14T15:25:36.317Z,camera_1,1,0.00,0.00,0.00,147571.20,100.0,2000,null,null,30,854,480
2026-09-14T15:25:36.317Z,camera_0,1,1111.00,800.18,310.83,147571.20,99.8,2000,null,null,30,854,480
2026-09-14T15:25:39.319Z,camera_0,1,288.77,0.00,288.77,147571.20,99.8,2000,null,null,30,854,480
2026-09-14T15:25:39.319Z,camera_1,1,0.00,0.00,0.00,147571.20,100.0,2000,null,null,30,854,480
2026-09-14T15:25:39.319Z,camera_0,1,1061.08,772.31,288.77,147571.20,99.8,2000,null,null,30,854,480
2026-09-14T15:25:42.317Z,camera_0,1,540.94,0.00,540.94,147571.20,99.6,2000,null,null,30,854,480
2026-09-14T15:25:42.318Z,camera_1,1,0.00,0.00,0.00,147571.20,100.0,2000,null,null,30,854,480
2026-09-14T15:25:42.318Z,camera_0,1,1988.40,1447.46,540.94,147571.20,99.6,2000,null,null,30,854,480
2026-09-14T15:25:45.317Z,camera_0,1,696.35,0.00,696.35,147571.20,99.5,2000,null,null,30,854,480
2026-09-14T15:25:45.318Z,camera_1,1,0.00,0.00,0.00,147571.20,100.0,2000,null,null,30,854,480
2026-09-14T15:25:45.318Z,camera_0,1,2150.77,1454.42,696.35,147571.20,99.5,2000,null,null,30,854,480
2026-09-14T15:25:48.345Z,camera_0,1,529.41,0.00,529.41,147571.20,99.6,2000,null,null,30,854,480
2026-09-14T15:25:48.347Z,camera_1,1,0.00,0.00,0.00,147571.20,100.0,2000,null,null,30,854,480
2026-09-14T15:25:48.350Z,camera_0,1,2189.53,1660.12,529.41,147571.20,99.6,2000,null,null,30,854,480
2026-09-14T15:25:51.343Z,camera_0,1,480.28,0.00,480.28,147571.20,99.7,2000,null,null,30,854,480
2026-09-14T15:25:51.343Z,camera_1,1,0.00,0.00,0.00,147571.20,100.0,2000,null,null,30,854,480
2026-09-14T15:25:51.344Z,camera_0,1,1654.55,1174.27,480.28,147571.20,99.7,2000,null,null,30,854,480
2026-09-14T15:25:54.343Z,camera_0,1,402.57,0.00,402.57,147571.20,99.7,2000,null,null,30,854,480
2026-09-14T15:25:54.344Z,camera_1,1,0.00,0.00,0.00,147571.20,100.0,2000,null,null,30,854,480
2026-09-14T15:25:54.344Z,camera_0,1,1437.89,1035.32,402.57,147571.20,99.7,2000,null,null,30,854,480
2026-09-14T15:25:57.344Z,camera_0,1,431.15,0.00,431.15,147571.20,99.7,2000,null,null,30,854,480
2026-09-14T15:25:57.344Z,camera_1,1,0.00,0.00,0.00,147571.20,100.0,2000,null,null,30,854,480
2026-09-14T15:25:57.344Z,camera_0,1,1596.43,1165.29,431.15,147571.20,99.7,2000,null,null,30,854,480
2026-09-14T15:26:00.400Z,camera_0,1,521.39,0.00,521.39,147571.20,99.6,2000,null,null,30,854,480
2026-09-14T15:26:00.400Z,camera_1,1,0.00,0.00,0.00,147571.20,100.0,2000,null,null,30,854,480
2026-09-14T15:26:00.400Z,camera_0,1,1761.95,1240.56,521.39,147571.20,99.6,2000,null,null,30,854,480
2026-09-14T15:26:03.491Z,camera_1,1,0.00,0.00,0.00,147571.20,100.0,2000,null,null,30,854,480
2026-09-14T15:26:03.496Z,camera_0,1,1735.06,1216.68,518.38,147571.20,99.6,2000,null,null,30,854,480
2026-09-14T15:26:03.490Z,camera_0,1,518.38,0.00,518.38,147571.20,99.6,2000,null,null,30,854,480
2026-09-14T15:26:06.491Z,camera_0,1,485.79,0.00,485.79,147571.20,99.7,2000,null,null,30,854,480
2026-09-14T15:26:06.491Z,camera_1,1,0.00,0.00,0.00,147571.20,100.0,2000,null,null,30,854,480
2026-09-14T15:26:06.491Z,camera_0,1,1849.95,1364.15,485.79,147571.20,99.7,2000,null,null,30,854,480
2026-09-14T15:26:09.490Z,camera_0,1,517.88,0.00,517.88,147571.20,99.6,2000,null,null,30,854,480
2026-09-14T15:26:09.491Z,camera_1,1,0.00,0.00,0.00,147571.20,100.0,2000,null,null,30,854,480
2026-09-14T15:26:09.491Z,camera_0,1,1623.80,1105.93,517.88,147571.20,99.6,2000,null,null,30,854,480
2026-09-14T15:26:12.536Z,camera_0,1,501.33,0.00,501.33,147571.20,99.7,2000,null,null,30,854,480
2026-09-14T15:26:12.536Z,camera_1,1,0.00,0.00,0.00,147571.20,100.0,2000,null,null,30,854,480
2026-09-14T15:26:12.536Z,camera_0,1,1758.97,1257.63,501.33,147571.20,99.7,2000,null,null,30,854,480
2026-09-14T15:26:15.538Z,camera_0,1,417.61,0.00,417.61,147571.20,99.7,2000,null,null,30,854,480
2026-09-14T15:26:15.538Z,camera_1,1,0.00,0.00,0.00,147571.20,100.0,2000,null,null,30,854,480
2026-09-14T15:26:15.538Z,camera_0,1,1575.24,1157.63,417.61,147571.20,99.7,2000,null,null,30,854,480
2026-09-14T15:26:18.539Z,camera_0,1,702.37,0.00,702.37,147571.20,99.5,2000,null,null,30,854,480
2026-09-14T15:26:18.539Z,camera_1,1,0.00,0.00,0.00,147571.20,100.0,2000,null,null,30,854,480
2026-09-14T15:26:18.539Z,camera_0,1,2212.57,1510.21,702.37,147571.20,99.5,2000,null,null,30,854,480
2026-09-14T15:26:21.539Z,camera_0,1,537.43,0.00,537.43,147571.20,99.6,2000,null,null,30,854,480
2026-09-14T15:26:21.540Z,camera_1,1,0.00,0.00,0.00,147571.20,100.0,2000,null,null,30,854,480
2026-09-14T15:26:21.540Z,camera_0,1,1954.65,1417.22,537.43,147571.20,99.6,2000,null,null,30,854,480
2026-09-14T15:26:24.546Z,camera_0,1,543.95,0.00,543.95,147571.20,99.6,2000,null,null,30,854,480
2026-09-14T15:26:24.546Z,camera_1,1,0.00,0.00,0.00,147571.20,100.0,2000,null,null,30,854,480
2026-09-14T15:26:24.546Z,camera_0,1,1870.02,1326.07,543.95,147571.20,99.6,2000,null,null,30,854,480
2026-09-14T15:26:27.548Z,camera_0,1,498.33,0.00,498.33,147571.20,99.7,2000,null,null,30,854,480
2026-09-14T15:26:27.549Z,camera_1,1,0.00,0.00,0.00,147571.20,100.0,2000,null,null,30,854,480
2026-09-14T15:26:27.549Z,camera_0,1,1683.50,1185.17,498.33,147571.20,99.7,2000,null,null,30,854,480
2026-09-14T15:26:30.579Z,camera_0,1,609.62,0.00,609.62,147571.20,99.6,2000,null,null,30,854,480
2026-09-14T15:26:30.579Z,camera_1,1,0.00,0.00,0.00,147571.20,100.0,2000,null,null,30,854,480
2026-09-14T15:26:30.580Z,camera_0,1,2009.13,1399.51,609.62,147571.20,99.6,2000,null,null,30,854,480
2026-09-14T15:26:33.599Z,camera_0,1,611.13,0.00,611.13,147571.20,99.6,2000,null,null,30,854,480
2026-09-14T15:26:33.599Z,camera_1,1,0.00,0.00,0.00,147571.20,100.0,2000,null,null,30,854,480
2026-09-14T15:26:33.600Z,camera_0,1,2043.49,1432.37,611.13,147571.20,99.6,2000,null,null,30,854,480
2026-09-14T15:26:36.601Z,camera_0,1,578.04,0.00,578.04,147571.20,99.6,2000,null,null,30,854,480
2026-09-14T15:26:36.601Z,camera_1,1,0.00,0.00,0.00,147571.20,100.0,2000,null,null,30,854,480
2026-09-14T15:26:36.602Z,camera_0,1,1993.17,1415.13,578.04,147571.20,99.6,2000,null,null,30,854,480
2026-09-14T15:26:39.601Z,camera_0,1,589.57,0.00,589.57,147571.20,99.6,2000,null,null,30,854,480
2026-09-14T15:26:39.602Z,camera_1,1,0.00,0.00,0.00,147571.20,100.0,2000,null,null,30,854,480
2026-09-14T15:26:39.602Z,camera_0,1,1858.30,1268.73,589.57,147571.20,99.6,2000,null,null,30,854,480
2026-09-14T15:26:42.616Z,camera_0,1,506.35,0.00,506.35,147571.20,99.7,2000,null,null,30,854,480
2026-09-14T15:26:42.617Z,camera_1,1,0.00,0.00,0.00,147571.20,100.0,2000,null,null,30,854,480
2026-09-14T15:26:42.618Z,camera_0,1,1892.05,1385.70,506.35,147571.20,99.7,2000,null,null,30,854,480
2026-09-14T15:26:45.616Z,camera_0,1,483.79,0.00,483.79,147571.20,99.7,2000,null,null,30,854,480
2026-09-14T15:26:45.617Z,camera_1,1,0.00,0.00,0.00,147571.20,100.0,2000,null,null,30,854,480
2026-09-14T15:26:45.617Z,camera_0,1,1780.24,1296.46,483.79,147571.20,99.7,2000,null,null,30,854,480
2026-09-14T15:26:48.617Z,camera_0,1,641.71,0.00,641.71,147571.20,99.6,2000,null,null,30,854,480
2026-09-14T15:26:48.617Z,camera_1,1,0.00,0.00,0.00,147571.20,100.0,2000,null,null,30,854,480
2026-09-14T15:26:48.617Z,camera_0,1,1827.05,1185.34,641.71,147571.20,99.6,2000,null,null,30,854,480
2026-09-14T15:26:51.616Z,camera_0,1,576.03,0.00,576.03,147571.20,99.6,2000,null,null,30,854,480
2026-09-14T15:26:51.617Z,camera_1,1,0.00,0.00,0.00,147571.20,100.0,2000,null,null,30,854,480
2026-09-14T15:26:51.617Z,camera_0,1,2174.11,1598.08,576.03,147571.20,99.6,2000,null,null,30,854,480
2026-09-14T15:26:54.617Z,camera_0,1,626.17,0.00,626.17,147571.20,99.6,2000,null,null,30,854,480
2026-09-14T15:26:54.617Z,camera_1,1,0.00,0.00,0.00,147571.20,100.0,2000,null,null,30,854,480
2026-09-14T15:26:54.618Z,camera_0,1,1853.05,1226.88,626.17,147571.20,99.6,2000,null,null,30,854,480
2026-09-14T15:26:57.617Z,camera_0,1,577.54,0.00,577.54,147571.20,99.6,2000,null,null,30,854,480
2026-09-14T15:26:57.620Z,camera_1,1,0.00,0.00,0.00,147571.20,100.0,2000,null,null,30,854,480
2026-09-14T15:26:57.620Z,camera_0,1,2144.26,1566.73,577.54,147571.20,99.6,2000,null,null,30,854,480
2026-09-14T15:27:00.643Z,camera_0,1,464.23,0.00,464.23,147571.20,99.7,2000,null,null,30,854,480
2026-09-14T15:27:00.643Z,camera_1,1,0.00,0.00,0.00,147571.20,100.0,2000,null,null,30,854,480
2026-09-14T15:27:00.644Z,camera_0,1,1682.05,1217.82,464.23,147571.20,99.7,2000,null,null,30,854,480
2026-09-14T15:27:03.643Z,camera_0,1,598.59,0.00,598.59,147571.20,99.6,2000,null,null,30,854,480
2026-09-14T15:27:03.644Z,camera_1,1,0.00,0.00,0.00,147571.20,100.0,2000,null,null,30,854,480
2026-09-14T15:27:03.644Z,camera_0,1,1723.35,1124.76,598.59,147571.20,99.6,2000,null,null,30,854,480
2026-09-14T15:27:06.643Z,camera_0,1,557.98,0.00,557.98,147571.20,99.6,2000,null,null,30,854,480
2026-09-14T15:27:06.644Z,camera_1,1,0.00,0.00,0.00,147571.20,100.0,2000,null,null,30,854,480
2026-09-14T15:27:06.647Z,camera_0,1,2023.93,1465.94,557.98,147571.20,99.6,2000,null,null,30,854,480
2026-09-14T15:27:09.643Z,camera_0,1,492.31,0.00,492.31,147571.20,99.7,2000,null,null,30,854,480
2026-09-14T15:27:09.644Z,camera_1,1,0.00,0.00,0.00,147571.20,100.0,2000,null,null,30,854,480
2026-09-14T15:27:09.644Z,camera_0,1,1731.43,1239.13,492.31,147571.20,99.7,2000,null,null,30,854,480
2026-09-14T15:27:12.684Z,camera_0,1,693.85,0.00,693.85,147571.20,99.5,2000,null,null,30,854,480
2026-09-14T15:27:12.685Z,camera_1,1,0.00,0.00,0.00,147571.20,100.0,2000,null,null,30,854,480
2026-09-14T15:27:12.685Z,camera_0,1,2146.87,1453.03,693.85,147571.20,99.5,2000,null,null,30,854,480
2026-09-14T15:27:15.687Z,camera_0,1,319.35,0.00,319.35,147571.20,99.8,2000,null,null,30,854,480
2026-09-14T15:27:15.687Z,camera_1,1,0.00,0.00,0.00,147571.20,100.0,2000,null,null,30,854,480
2026-09-14T15:27:15.687Z,camera_0,1,1120.25,800.90,319.35,147571.20,99.8,2000,null,null,30,854,480
2026-09-14T15:27:18.689Z,camera_0,1,215.57,0.00,215.57,147571.20,99.9,2000,null,null,30,854,480
2026-09-14T15:27:18.690Z,camera_1,1,0.00,0.00,0.00,147571.20,100.0,2000,null,null,30,854,480
2026-09-14T15:27:18.690Z,camera_0,1,908.11,692.54,215.57,147571.20,99.9,2000,null,null,30,854,480
2026-09-14T15:27:21.704Z,camera_0,1,433.15,0.00,433.15,147571.20,99.7,2000,null,null,30,854,480
2026-09-14T15:27:21.707Z,camera_1,1,0.00,0.00,0.00,147571.20,100.0,2000,null,null,30,854,480
2026-09-14T15:27:21.707Z,camera_0,1,1312.73,879.58,433.15,147571.20,99.7,2000,null,null,30,854,480
2026-09-14T15:27:24.707Z,camera_0,1,281.75,0.00,281.75,147571.20,99.8,2000,null,null,30,854,480
2026-09-14T15:27:24.707Z,camera_1,1,0.00,0.00,0.00,147571.20,100.0,2000,null,null,30,854,480
2026-09-14T15:27:24.708Z,camera_0,1,957.75,676.00,281.75,147571.20,99.8,2000,null,null,30,854,480
2026-09-14T15:27:27.712Z,camera_0,1,239.64,0.00,239.64,147571.20,99.8,2000,null,null,30,854,480
2026-09-14T15:27:27.759Z,camera_1,1,0.00,0.00,0.00,147571.20,100.0,2000,null,null,30,854,480
2026-09-14T15:27:27.759Z,camera_0,1,810.38,570.74,239.64,147571.20,99.8,2000,null,null,30,854,480
2026-09-14T15:27:30.718Z,camera_0,1,184.99,0.00,184.99,147571.20,99.9,2000,null,null,30,854,480
2026-09-14T15:27:30.746Z,camera_1,1,0.00,0.00,0.00,147571.20,100.0,2000,null,null,30,854,480
2026-09-14T15:27:30.747Z,camera_0,1,645.17,460.18,184.99,147571.20,99.9,2000,null,null,30,854,480
2026-09-14T15:27:33.718Z,camera_0,1,231.62,0.00,231.62,147571.20,99.8,2000,null,null,30,854,480
2026-09-14T15:27:33.719Z,camera_1,1,0.00,0.00,0.00,147571.20,100.0,2000,null,null,30,854,480
2026-09-14T15:27:33.719Z,camera_0,1,929.05,697.43,231.62,147571.20,99.8,2000,null,null,30,854,480
2026-09-14T15:27:36.738Z,camera_0,1,232.62,0.00,232.62,147571.20,99.8,2000,null,null,30,854,480
2026-09-14T15:27:36.738Z,camera_1,1,0.00,0.00,0.00,147571.20,100.0,2000,null,null,30,854,480
2026-09-14T15:27:36.738Z,camera_0,1,818.55,585.94,232.62,147571.20,99.8,2000,null,null,30,854,480
2026-09-14T15:27:39.750Z,camera_0,1,227.10,0.00,227.10,147571.20,99.8,2000,null,null,30,854,480
2026-09-14T15:27:39.750Z,camera_1,1,0.00,0.00,0.00,147571.20,100.0,2000,null,null,30,854,480
2026-09-14T15:27:39.750Z,camera_0,1,580.59,353.49,227.10,147571.20,99.8,2000,null,null,30,854,480
2026-09-14T15:27:42.757Z,camera_0,1,212.06,0.00,212.06,147571.20,99.9,2000,null,null,30,854,480
2026-09-14T15:27:42.758Z,camera_1,1,0.00,0.00,0.00,147571.20,100.0,2000,null,null,30,854,480
2026-09-14T15:27:42.779Z,camera_0,1,564.50,352.44,212.06,147571.20,99.9,2000,null,null,30,854,480
2026-09-14T15:27:45.757Z,camera_0,1,236.63,0.00,236.63,147571.20,99.8,2000,null,null,30,854,480
2026-09-14T15:27:45.758Z,camera_1,1,0.00,0.00,0.00,147571.20,100.0,2000,null,null,30,854,480
2026-09-14T15:27:45.758Z,camera_0,1,924.28,687.65,236.63,147571.20,99.8,2000,null,null,30,854,480
2026-09-14T15:27:48.758Z,camera_0,1,218.58,0.00,218.58,147571.20,99.9,2000,null,null,30,854,480
2026-09-14T15:27:48.759Z,camera_1,1,0.00,0.00,0.00,147571.20,100.0,2000,null,null,30,854,480
2026-09-14T15:27:48.762Z,camera_0,1,676.27,457.69,218.58,147571.20,99.9,2000,null,null,30,854,480
2026-09-14T15:27:51.762Z,camera_0,1,132.85,0.00,132.85,147571.20,99.9,2000,null,null,30,854,480
2026-09-14T15:27:51.763Z,camera_1,1,0.00,0.00,0.00,147571.20,100.0,2000,null,null,30,854,480
2026-09-14T15:27:51.763Z,camera_0,1,132.85,0.00,132.85,147571.20,99.9,2000,null,null,30,854,480
2026-09-14T15:27:54.764Z,camera_0,1,0.00,0.00,0.00,746496.00,100.0,2000,null,null,10,1920,1080
2026-09-14T15:27:54.765Z,camera_1,1,0.00,0.00,0.00,746496.00,100.0,2000,null,null,10,1920,1080
2026-09-14T15:27:54.765Z,camera_0,1,598.30,598.30,0.00,746496.00,100.0,2000,null,null,10,1920,1080
2026-09-14T15:27:57.765Z,camera_0,1,0.00,0.00,0.00,746496.00,100.0,2000,null,null,10,1920,1080
2026-09-14T15:27:57.765Z,camera_1,1,0.00,0.00,0.00,746496.00,100.0,2000,null,null,10,1920,1080
2026-09-14T15:27:57.765Z,camera_0,1,233.85,233.85,0.00,746496.00,100.0,2000,null,null,10,1920,1080
2026-09-14T15:28:00.766Z,camera_0,1,0.00,0.00,0.00,746496.00,100.0,2000,null,null,10,1920,1080
2026-09-14T15:28:00.766Z,camera_1,1,0.00,0.00,0.00,746496.00,100.0,2000,null,null,10,1920,1080
2026-09-14T15:28:00.767Z,camera_0,1,352.42,352.42,0.00,746496.00,100.0,2000,null,null,10,1920,1080
2026-09-14T15:28:03.769Z,camera_0,1,0.00,0.00,0.00,746496.00,100.0,2000,null,null,10,1920,1080
2026-09-14T15:28:03.769Z,camera_1,1,0.00,0.00,0.00,746496.00,100.0,2000,null,null,10,1920,1080
2026-09-14T15:28:03.770Z,camera_0,1,569.89,569.89,0.00,746496.00,100.0,2000,null,null,10,1920,1080
2026-09-14T15:28:06.771Z,camera_0,1,0.00,0.00,0.00,746496.00,100.0,2000,null,null,10,1920,1080
2026-09-14T15:28:06.771Z,camera_1,1,0.00,0.00,0.00,746496.00,100.0,2000,null,null,10,1920,1080
2026-09-14T15:28:06.773Z,camera_0,1,571.56,571.56,0.00,746496.00,100.0,2000,null,null,10,1920,1080
2026-09-14T15:28:09.776Z,camera_0,1,0.00,0.00,0.00,746496.00,100.0,2000,null,null,10,1920,1080
2026-09-14T15:28:09.776Z,camera_1,1,0.00,0.00,0.00,746496.00,100.0,2000,null,null,10,1920,1080
2026-09-14T15:28:09.776Z,camera_0,1,590.34,590.34,0.00,746496.00,100.0,2000,null,null,10,1920,1080
2026-09-14T15:28:12.779Z,camera_0,1,0.00,0.00,0.00,746496.00,100.0,2000,null,null,10,1920,1080
2026-09-14T15:28:12.779Z,camera_1,1,0.00,0.00,0.00,746496.00,100.0,2000,null,null,10,1920,1080
2026-09-14T15:28:12.779Z,camera_0,1,118.13,118.13,0.00,746496.00,100.0,2000,null,null,10,1920,1080
2026-09-14T15:28:15.780Z,camera_0,1,0.00,0.00,0.00,746496.00,100.0,2000,null,null,10,1920,1080
2026-09-14T15:28:15.780Z,camera_1,1,0.00,0.00,0.00,746496.00,100.0,2000,null,null,10,1920,1080
2026-09-14T15:28:15.781Z,camera_0,1,0.00,0.00,0.00,746496.00,100.0,2000,null,null,10,1920,1080
2026-09-14T15:28:18.781Z,camera_1,1,0.00,0.00,0.00,746496.00,100.0,2000,null,null,10,1920,1080
2026-09-14T15:28:18.781Z,camera_0,1,121.32,0.00,121.32,746496.00,100.0,2000,null,null,10,1920,1080
2026-09-14T15:28:18.781Z,camera_0,1,474.50,353.18,121.32,746496.00,100.0,2000,null,null,10,1920,1080
2026-09-14T15:28:21.784Z,camera_0,1,14.04,0.00,14.04,746496.00,100.0,2000,null,null,10,1920,1080
2026-09-14T15:28:21.784Z,camera_1,1,0.00,0.00,0.00,746496.00,100.0,2000,null,null,10,1920,1080
2026-09-14T15:28:21.785Z,camera_0,1,249.60,235.56,14.04,746496.00,100.0,2000,null,null,10,1920,1080
2026-09-14T15:28:24.785Z,camera_0,1,0.00,0.00,0.00,746496.00,100.0,2000,null,null,10,1920,1080
2026-09-14T15:28:24.785Z,camera_1,1,0.00,0.00,0.00,746496.00,100.0,2000,null,null,10,1920,1080
2026-09-14T15:28:24.786Z,camera_0,1,0.00,0.00,0.00,746496.00,100.0,2000,null,null,10,1920,1080
2026-09-14T15:28:27.787Z,camera_0,1,9.02,0.00,9.02,746496.00,100.0,2000,null,null,10,1920,1080
2026-09-14T15:28:27.787Z,camera_1,1,0.00,0.00,0.00,746496.00,100.0,2000,null,null,10,1920,1080
2026-09-14T15:28:27.787Z,camera_0,1,127.54,118.51,9.02,746496.00,100.0,2000,null,null,10,1920,1080
2026-09-14T15:28:30.788Z,camera_0,1,82.22,0.00,82.22,746496.00,100.0,2000,null,null,10,1920,1080
2026-09-14T15:28:30.788Z,camera_1,1,0.00,0.00,0.00,746496.00,100.0,2000,null,null,10,1920,1080
2026-09-14T15:28:30.789Z,camera_0,1,318.27,236.05,82.22,746496.00,100.0,2000,null,null,10,1920,1080
2026-09-14T15:28:33.792Z,camera_0,1,16.04,0.00,16.04,746496.00,100.0,2000,null,null,10,1920,1080
2026-09-14T15:28:33.792Z,camera_1,1,0.00,0.00,0.00,746496.00,100.0,2000,null,null,10,1920,1080
2026-09-14T15:28:33.792Z,camera_0,1,253.46,237.41,16.04,746496.00,100.0,2000,null,null,10,1920,1080
2026-09-14T15:28:36.793Z,camera_0,1,94.75,0.00,94.75,746496.00,100.0,2000,null,null,10,1920,1080
2026-09-14T15:28:36.793Z,camera_1,1,0.00,0.00,0.00,746496.00,100.0,2000,null,null,10,1920,1080
2026-09-14T15:28:36.793Z,camera_0,1,448.85,354.10,94.75,746496.00,100.0,2000,null,null,10,1920,1080
2026-09-14T15:28:39.795Z,camera_0,1,18.55,0.00,18.55,746496.00,100.0,2000,null,null,10,1920,1080
2026-09-14T15:28:39.796Z,camera_1,1,0.00,0.00,0.00,746496.00,100.0,2000,null,null,10,1920,1080
2026-09-14T15:28:39.799Z,camera_0,1,136.53,117.98,18.55,746496.00,100.0,2000,null,null,10,1920,1080
2026-09-14T15:28:42.796Z,camera_0,1,19.55,0.00,19.55,746496.00,100.0,2000,null,null,10,1920,1080
2026-09-14T15:28:42.797Z,camera_1,1,0.00,0.00,0.00,746496.00,100.0,2000,null,null,10,1920,1080
2026-09-14T15:28:42.797Z,camera_0,1,135.88,116.33,19.55,746496.00,100.0,2000,null,null,10,1920,1080
2026-09-14T15:28:45.799Z,camera_0,1,127.34,0.00,127.34,746496.00,100.0,2000,null,null,10,1920,1080
2026-09-14T15:28:45.799Z,camera_1,1,0.00,0.00,0.00,746496.00,100.0,2000,null,null,10,1920,1080
2026-09-14T15:28:45.800Z,camera_0,1,481.19,353.85,127.34,746496.00,100.0,2000,null,null,10,1920,1080
2026-09-14T15:28:48.800Z,camera_0,1,36.10,0.00,36.10,746496.00,100.0,2000,null,null,10,1920,1080
2026-09-14T15:28:48.800Z,camera_1,1,0.00,0.00,0.00,746496.00,100.0,2000,null,null,10,1920,1080
2026-09-14T15:28:48.801Z,camera_0,1,270.85,234.75,36.10,746496.00,100.0,2000,null,null,10,1920,1080
2026-09-14T15:28:51.804Z,camera_0,1,96.76,0.00,96.76,746496.00,100.0,2000,null,null,10,1920,1080
2026-09-14T15:28:51.804Z,camera_1,1,0.00,0.00,0.00,746496.00,100.0,2000,null,null,10,1920,1080
2026-09-14T15:28:51.804Z,camera_0,1,449.86,353.10,96.76,746496.00,100.0,2000,null,null,10,1920,1080
2026-09-14T15:28:54.801Z,camera_0,1,39.10,0.00,39.10,746496.00,100.0,2000,null,null,10,1920,1080
2026-09-14T15:28:54.802Z,camera_1,1,0.00,0.00,0.00,746496.00,100.0,2000,null,null,10,1920,1080
2026-09-14T15:28:54.802Z,camera_0,1,277.04,237.93,39.10,746496.00,100.0,2000,null,null,10,1920,1080
2026-09-14T15:28:57.802Z,camera_0,1,19.55,0.00,19.55,746496.00,100.0,2000,null,null,10,1920,1080
2026-09-14T15:28:57.802Z,camera_1,1,0.00,0.00,0.00,746496.00,100.0,2000,null,null,10,1920,1080
2026-09-14T15:28:57.803Z,camera_0,1,140.03,120.48,19.55,746496.00,100.0,2000,null,null,10,1920,1080
2026-09-14T15:29:00.804Z,camera_0,1,136.86,0.00,136.86,746496.00,100.0,2000,null,null,10,1920,1080
2026-09-14T15:29:00.806Z,camera_1,1,0.00,0.00,0.00,746496.00,100.0,2000,null,null,10,1920,1080
2026-09-14T15:29:00.806Z,camera_0,1,507.91,371.04,136.86,746496.00,100.0,2000,null,null,10,1920,1080
2026-09-14T15:29:03.805Z,camera_0,1,258.19,0.00,258.19,746496.00,100.0,2000,null,null,10,1920,1080
2026-09-14T15:29:03.805Z,camera_1,1,0.00,0.00,0.00,746496.00,100.0,2000,null,null,10,1920,1080
2026-09-14T15:29:03.805Z,camera_0,1,765.13,506.94,258.19,746496.00,100.0,2000,null,null,10,1920,1080
2026-09-14T15:29:06.805Z,camera_0,1,47.63,0.00,47.63,746496.00,100.0,2000,null,null,10,1920,1080
2026-09-14T15:29:06.805Z,camera_1,1,0.00,0.00,0.00,746496.00,100.0,2000,null,null,10,1920,1080
2026-09-14T15:29:06.806Z,camera_0,1,304.43,256.81,47.63,746496.00,100.0,2000,null,null,10,1920,1080
2026-09-14T15:29:09.807Z,camera_0,1,46.62,0.00,46.62,746496.00,100.0,2000,null,null,10,1920,1080
2026-09-14T15:29:09.808Z,camera_1,1,0.00,0.00,0.00,746496.00,100.0,2000,null,null,10,1920,1080
2026-09-14T15:29:09.808Z,camera_0,1,176.21,129.58,46.62,746496.00,100.0,2000,null,null,10,1920,1080
2026-09-14T15:29:12.809Z,camera_0,1,269.72,0.00,269.72,746496.00,100.0,2000,null,null,10,1920,1080
2026-09-14T15:29:12.810Z,camera_1,1,0.00,0.00,0.00,746496.00,100.0,2000,null,null,10,1920,1080
2026-09-14T15:29:12.810Z,camera_0,1,782.73,513.01,269.72,746496.00,100.0,2000,null,null,10,1920,1080
2026-09-14T15:29:15.812Z,camera_0,1,177.97,0.00,177.97,746496.00,100.0,2000,null,null,10,1920,1080
2026-09-14T15:29:15.813Z,camera_1,1,0.00,0.00,0.00,746496.00,100.0,2000,null,null,10,1920,1080
2026-09-14T15:29:15.821Z,camera_0,1,557.41,379.44,177.97,746496.00,100.0,2000,null,null,10,1920,1080
2026-09-14T15:29:18.812Z,camera_0,1,75.70,0.00,75.70,746496.00,100.0,2000,null,null,10,1920,1080
2026-09-14T15:29:18.812Z,camera_1,1,0.00,0.00,0.00,746496.00,100.0,2000,null,null,10,1920,1080
2026-09-14T15:29:18.816Z,camera_0,1,333.18,257.48,75.70,746496.00,100.0,2000,null,null,10,1920,1080
2026-09-14T15:29:21.818Z,camera_0,1,152.41,0.00,152.41,746496.00,100.0,2000,null,null,10,1920,1080
2026-09-14T15:29:21.819Z,camera_1,1,0.00,0.00,0.00,746496.00,100.0,2000,null,null,10,1920,1080
2026-09-14T15:29:21.819Z,camera_0,1,411.15,258.75,152.41,746496.00,100.0,2000,null,null,10,1920,1080
2026-09-14T15:29:24.819Z,camera_0,1,88.23,0.00,88.23,746496.00,100.0,2000,null,null,10,1920,1080
2026-09-14T15:29:24.823Z,camera_1,1,0.00,0.00,0.00,746496.00,100.0,2000,null,null,10,1920,1080
2026-09-14T15:29:24.823Z,camera_0,1,350.71,262.47,88.23,746496.00,100.0,2000,null,null,10,1920,1080
2026-09-14T15:29:27.820Z,camera_0,1,268.71,0.00,268.71,746496.00,100.0,2000,null,null,10,1920,1080
2026-09-14T15:29:27.820Z,camera_1,1,0.00,0.00,0.00,746496.00,100.0,2000,null,null,10,1920,1080
2026-09-14T15:29:27.821Z,camera_0,1,786.07,517.36,268.71,746496.00,100.0,2000,null,null,10,1920,1080
2026-09-14T15:29:30.821Z,camera_0,1,129.85,0.00,129.85,746496.00,100.0,2000,null,null,10,1920,1080
2026-09-14T15:29:30.821Z,camera_1,1,0.00,0.00,0.00,746496.00,100.0,2000,null,null,10,1920,1080
2026-09-14T15:29:30.822Z,camera_0,1,243.88,114.03,129.85,746496.00,100.0,2000,null,null,10,1920,1080
2026-09-14T15:29:33.828Z,camera_0,1,217.58,0.00,217.58,746496.00,100.0,2000,null,null,10,1920,1080
2026-09-14T15:29:33.828Z,camera_1,1,0.00,0.00,0.00,746496.00,100.0,2000,null,null,10,1920,1080
2026-09-14T15:29:33.831Z,camera_0,1,575.38,357.80,217.58,746496.00,100.0,2000,null,null,10,1920,1080
2026-09-14T15:29:36.828Z,camera_0,1,145.39,0.00,145.39,746496.00,100.0,2000,null,null,10,1920,1080
2026-09-14T15:29:36.828Z,camera_1,1,0.00,0.00,0.00,746496.00,100.0,2000,null,null,10,1920,1080
2026-09-14T15:29:36.837Z,camera_0,1,504.97,359.59,145.39,746496.00,100.0,2000,null,null,10,1920,1080
2026-09-14T15:29:39.836Z,camera_0,1,174.97,0.00,174.97,746496.00,100.0,2000,null,null,10,1920,1080
2026-09-14T15:29:39.837Z,camera_1,1,0.00,0.00,0.00,746496.00,100.0,2000,null,null,10,1920,1080
2026-09-14T15:29:39.840Z,camera_0,1,534.41,359.45,174.97,746496.00,100.0,2000,null,null,10,1920,1080
2026-09-14T15:29:42.845Z,camera_0,1,64.17,0.00,64.17,746496.00,100.0,2000,null,null,10,1920,1080
2026-09-14T15:29:42.856Z,camera_1,1,0.00,0.00,0.00,746496.00,100.0,2000,null,null,10,1920,1080
2026-09-14T15:29:42.858Z,camera_0,1,305.65,241.48,64.17,746496.00,100.0,2000,null,null,10,1920,1080
2026-09-14T15:29:45.846Z,camera_0,1,200.03,0.00,200.03,746496.00,100.0,2000,null,null,10,1920,1080
2026-09-14T15:29:45.847Z,camera_1,1,0.00,0.00,0.00,746496.00,100.0,2000,null,null,10,1920,1080
2026-09-14T15:29:45.847Z,camera_0,1,441.01,240.98,200.03,746496.00,100.0,2000,null,null,10,1920,1080
2026-09-14T15:29:48.848Z,camera_0,1,107.29,0.00,107.29,746496.00,100.0,2000,null,null,10,1920,1080
2026-09-14T15:29:48.849Z,camera_1,1,0.00,0.00,0.00,746496.00,100.0,2000,null,null,10,1920,1080
2026-09-14T15:29:48.849Z,camera_0,1,473.23,365.94,107.29,746496.00,100.0,2000,null,null,10,1920,1080
2026-09-14T15:29:51.851Z,camera_0,1,109.79,0.00,109.79,746496.00,100.0,2000,null,null,10,1920,1080
2026-09-14T15:29:51.852Z,camera_1,1,0.00,0.00,0.00,746496.00,100.0,2000,null,null,10,1920,1080
2026-09-14T15:29:51.852Z,camera_0,1,355.80,246.01,109.79,746496.00,100.0,2000,null,null,10,1920,1080
2026-09-14T15:29:54.858Z,camera_0,1,104.28,0.00,104.28,746496.00,100.0,2000,null,null,10,1920,1080
2026-09-14T15:29:54.858Z,camera_1,1,0.00,0.00,0.00,746496.00,100.0,2000,null,null,10,1920,1080
2026-09-14T15:29:54.858Z,camera_0,1,341.55,237.27,104.28,746496.00,100.0,2000,null,null,10,1920,1080
2026-09-14T15:29:57.939Z,camera_0,1,179.98,0.00,179.98,746496.00,100.0,2000,null,null,10,1920,1080
2026-09-14T15:29:57.940Z,camera_1,1,0.00,0.00,0.00,746496.00,100.0,2000,null,null,10,1920,1080
2026-09-14T15:29:57.943Z,camera_0,1,659.38,479.41,179.98,746496.00,100.0,2000,null,null,10,1920,1080
2026-09-14T15:30:00.940Z,camera_0,1,32.09,0.00,32.09,746496.00,100.0,2000,null,null,10,1920,1080
2026-09-14T15:30:00.940Z,camera_1,1,0.00,0.00,0.00,746496.00,100.0,2000,null,null,10,1920,1080
2026-09-14T15:30:00.941Z,camera_0,1,146.54,114.45,32.09,746496.00,100.0,2000,null,null,10,1920,1080
2026-09-14T15:30:03.941Z,camera_0,1,303.31,0.00,303.31,746496.00,100.0,2000,null,null,10,1920,1080
2026-09-14T15:30:03.941Z,camera_1,1,0.00,0.00,0.00,746496.00,100.0,2000,null,null,10,1920,1080
2026-09-14T15:30:03.942Z,camera_0,1,415.64,112.33,303.31,746496.00,100.0,2000,null,null,10,1920,1080
2026-09-14T15:30:06.988Z,camera_0,1,0.00,0.00,0.00,147571.20,100.0,2000,null,null,30,854,480
2026-09-14T15:30:06.994Z,camera_1,1,0.00,0.00,0.00,147571.20,100.0,2000,null,null,30,854,480
2026-09-14T15:30:06.996Z,camera_0,1,667.23,667.23,0.00,147571.20,100.0,2000,null,null,30,854,480
2026-09-14T15:30:09.989Z,camera_0,1,0.00,0.00,0.00,147571.20,100.0,2000,null,null,30,854,480
2026-09-14T15:30:09.990Z,camera_1,1,0.00,0.00,0.00,147571.20,100.0,2000,null,null,30,854,480
2026-09-14T15:30:09.996Z,camera_0,1,906.84,906.84,0.00,147571.20,100.0,2000,null,null,30,854,480
2026-09-14T15:30:12.993Z,camera_0,1,0.00,0.00,0.00,147571.20,100.0,2000,null,null,30,854,480
2026-09-14T15:30:12.993Z,camera_1,1,0.00,0.00,0.00,147571.20,100.0,2000,null,null,30,854,480
2026-09-14T15:30:12.995Z,camera_0,1,1106.55,1106.55,0.00,147571.20,100.0,2000,null,null,30,854,480
2026-09-14T15:30:15.995Z,camera_0,1,0.00,0.00,0.00,147571.20,100.0,2000,null,null,30,854,480
2026-09-14T15:30:15.996Z,camera_1,1,0.00,0.00,0.00,147571.20,100.0,2000,null,null,30,854,480
2026-09-14T15:30:15.996Z,camera_0,1,218.21,218.21,0.00,147571.20,100.0,2000,null,null,30,854,480
2026-09-14T15:30:19.063Z,camera_0,1,291.27,0.00,291.27,147571.20,99.8,2000,null,null,30,854,480
2026-09-14T15:30:19.063Z,camera_1,1,0.00,0.00,0.00,147571.20,100.0,2000,null,null,30,854,480
2026-09-14T15:30:19.067Z,camera_0,1,729.22,437.95,291.27,147571.20,99.8,2000,null,null,30,854,480
2026-09-14T15:30:22.061Z,camera_0,1,157.92,0.00,157.92,147571.20,99.9,2000,null,null,30,854,480
2026-09-14T15:30:22.062Z,camera_1,1,0.00,0.00,0.00,147571.20,100.0,2000,null,null,30,854,480
2026-09-14T15:30:22.063Z,camera_0,1,595.47,437.55,157.92,147571.20,99.9,2000,null,null,30,854,480
2026-09-14T15:30:25.078Z,camera_0,1,72.19,0.00,72.19,147571.20,100.0,2000,null,null,30,854,480
2026-09-14T15:30:25.078Z,camera_1,1,0.00,0.00,0.00,147571.20,100.0,2000,null,null,30,854,480
2026-09-14T15:30:25.081Z,camera_0,1,292.05,219.86,72.19,147571.20,100.0,2000,null,null,30,854,480
2026-09-14T15:30:28.075Z,camera_0,1,156.92,0.00,156.92,147571.20,99.9,2000,null,null,30,854,480
2026-09-14T15:30:28.076Z,camera_1,1,0.00,0.00,0.00,147571.20,100.0,2000,null,null,30,854,480
2026-09-14T15:30:28.076Z,camera_0,1,587.63,430.71,156.92,147571.20,99.9,2000,null,null,30,854,480
2026-09-14T15:30:31.076Z,camera_0,1,252.17,0.00,252.17,147571.20,99.8,2000,null,null,30,854,480
2026-09-14T15:30:31.076Z,camera_1,1,0.00,0.00,0.00,147571.20,100.0,2000,null,null,30,854,480
2026-09-14T15:30:31.076Z,camera_0,1,679.09,426.92,252.17,147571.20,99.8,2000,null,null,30,854,480
2026-09-14T15:30:34.078Z,camera_0,1,187.50,0.00,187.50,147571.20,99.9,2000,null,null,30,854,480
2026-09-14T15:30:34.078Z,camera_1,1,0.00,0.00,0.00,147571.20,100.0,2000,null,null,30,854,480
2026-09-14T15:30:34.079Z,camera_0,1,187.50,0.00,187.50,147571.20,99.9,2000,null,null,30,854,480
2026-09-14T15:30:37.080Z,camera_0,1,0.00,0.00,0.00,147571.20,100.0,2000,null,null,30,854,480
2026-09-14T15:30:37.082Z,camera_1,1,0.00,0.00,0.00,147571.20,100.0,2000,null,null,30,854,480
2026-09-14T15:30:37.083Z,camera_0,1,0.00,0.00,0.00,147571.20,100.0,2000,null,null,30,854,480
2026-09-14T15:30:40.085Z,camera_0,1,0.00,0.00,0.00,746496.00,100.0,2000,null,null,10,1920,1080
2026-09-14T15:30:40.086Z,camera_1,1,0.00,0.00,0.00,746496.00,100.0,2000,null,null,10,1920,1080
2026-09-14T15:30:40.087Z,camera_0,1,126.21,126.21,0.00,746496.00,100.0,2000,null,null,10,1920,1080
2026-09-14T15:30:43.088Z,camera_0,1,0.00,0.00,0.00,746496.00,100.0,2000,null,null,10,1920,1080
2026-09-14T15:30:43.089Z,camera_1,1,0.00,0.00,0.00,746496.00,100.0,2000,null,null,10,1920,1080
2026-09-14T15:30:43.089Z,camera_0,1,519.62,519.62,0.00,746496.00,100.0,2000,null,null,10,1920,1080
2026-09-14T15:30:46.092Z,camera_0,1,0.00,0.00,0.00,746496.00,100.0,2000,null,null,10,1920,1080
2026-09-14T15:30:46.092Z,camera_1,1,0.00,0.00,0.00,746496.00,100.0,2000,null,null,10,1920,1080
2026-09-14T15:30:46.093Z,camera_0,1,625.19,625.19,0.00,746496.00,100.0,2000,null,null,10,1920,1080
2026-09-14T15:30:49.109Z,camera_0,1,0.00,0.00,0.00,746496.00,100.0,2000,null,null,10,1920,1080
2026-09-14T15:30:49.110Z,camera_1,1,0.00,0.00,0.00,746496.00,100.0,2000,null,null,10,1920,1080
2026-09-14T15:30:49.111Z,camera_0,1,959.01,959.01,0.00,746496.00,100.0,2000,null,null,10,1920,1080
2026-09-14T15:30:52.112Z,camera_0,1,0.00,0.00,0.00,746496.00,100.0,2000,null,null,10,1920,1080
2026-09-14T15:30:52.112Z,camera_1,1,0.00,0.00,0.00,746496.00,100.0,2000,null,null,10,1920,1080
2026-09-14T15:30:52.112Z,camera_0,1,885.86,885.86,0.00,746496.00,100.0,2000,null,null,10,1920,1080
2026-09-14T15:30:55.113Z,camera_0,1,0.00,0.00,0.00,746496.00,100.0,2000,null,null,10,1920,1080
2026-09-14T15:30:55.116Z,camera_1,1,0.00,0.00,0.00,746496.00,100.0,2000,null,null,10,1920,1080
2026-09-14T15:30:55.116Z,camera_0,1,128.34,128.34,0.00,746496.00,100.0,2000,null,null,10,1920,1080
2026-09-14T15:30:58.117Z,camera_0,1,118.31,0.00,118.31,746496.00,100.0,2000,null,null,10,1920,1080
2026-09-14T15:30:58.117Z,camera_1,1,0.00,0.00,0.00,746496.00,100.0,2000,null,null,10,1920,1080
2026-09-14T15:30:58.118Z,camera_0,1,372.54,254.22,118.31,746496.00,100.0,2000,null,null,10,1920,1080
2026-09-14T15:31:01.118Z,camera_0,1,22.56,0.00,22.56,746496.00,100.0,2000,null,null,10,1920,1080
2026-09-14T15:31:01.119Z,camera_1,1,0.00,0.00,0.00,746496.00,100.0,2000,null,null,10,1920,1080
2026-09-14T15:31:01.119Z,camera_0,1,277.87,255.31,22.56,746496.00,100.0,2000,null,null,10,1920,1080
2026-09-14T15:31:04.120Z,camera_0,1,0.00,0.00,0.00,746496.00,100.0,2000,null,null,10,1920,1080
2026-09-14T15:31:04.120Z,camera_1,1,0.00,0.00,0.00,746496.00,100.0,2000,null,null,10,1920,1080
2026-09-14T15:31:04.127Z,camera_0,1,124.37,124.37,0.00,746496.00,100.0,2000,null,null,10,1920,1080
2026-09-14T15:31:07.121Z,camera_0,1,8.52,0.00,8.52,746496.00,100.0,2000,null,null,10,1920,1080
2026-09-14T15:31:07.122Z,camera_1,1,0.00,0.00,0.00,746496.00,100.0,2000,null,null,10,1920,1080
2026-09-14T15:31:07.122Z,camera_0,1,125.87,117.35,8.52,746496.00,100.0,2000,null,null,10,1920,1080
2026-09-14T15:31:10.122Z,camera_0,1,84.73,0.00,84.73,746496.00,100.0,2000,null,null,10,1920,1080
2026-09-14T15:31:10.122Z,camera_1,1,0.00,0.00,0.00,746496.00,100.0,2000,null,null,10,1920,1080
2026-09-14T15:31:10.123Z,camera_0,1,333.10,248.37,84.73,746496.00,100.0,2000,null,null,10,1920,1080
2026-09-14T15:31:13.123Z,camera_0,1,118.31,0.00,118.31,746496.00,100.0,2000,null,null,10,1920,1080
2026-09-14T15:31:13.124Z,camera_1,1,0.00,0.00,0.00,746496.00,100.0,2000,null,null,10,1920,1080
2026-09-14T15:31:13.127Z,camera_0,1,756.15,637.83,118.31,746496.00,100.0,2000,null,null,10,1920,1080
2026-09-14T15:31:16.123Z,camera_0,1,42.11,0.00,42.11,746496.00,100.0,2000,null,null,10,1920,1080
2026-09-14T15:31:16.127Z,camera_1,1,0.00,0.00,0.00,746496.00,100.0,2000,null,null,10,1920,1080
2026-09-14T15:31:16.127Z,camera_0,1,293.33,251.22,42.11,746496.00,100.0,2000,null,null,10,1920,1080
2026-09-14T15:31:19.124Z,camera_0,1,19.05,0.00,19.05,746496.00,100.0,2000,null,null,10,1920,1080
2026-09-14T15:31:19.125Z,camera_1,1,0.00,0.00,0.00,746496.00,100.0,2000,null,null,10,1920,1080
2026-09-14T15:31:19.130Z,camera_0,1,141.00,121.95,19.05,746496.00,100.0,2000,null,null,10,1920,1080
2026-09-14T15:31:22.127Z,camera_0,1,119.32,0.00,119.32,746496.00,100.0,2000,null,null,10,1920,1080
2026-09-14T15:31:22.128Z,camera_1,1,0.00,0.00,0.00,746496.00,100.0,2000,null,null,10,1920,1080
2026-09-14T15:31:22.128Z,camera_0,1,359.40,240.09,119.32,746496.00,100.0,2000,null,null,10,1920,1080
2026-09-14T15:31:25.202Z,camera_0,1,39.61,0.00,39.61,746496.00,100.0,2000,null,null,10,1920,1080
2026-09-14T15:31:25.202Z,camera_1,1,0.00,0.00,0.00,746496.00,100.0,2000,null,null,10,1920,1080
2026-09-14T15:31:25.202Z,camera_0,1,284.69,245.09,39.61,746496.00,100.0,2000,null,null,10,1920,1080
2026-09-14T15:31:28.202Z,camera_0,1,72.69,0.00,72.69,746496.00,100.0,2000,null,null,10,1920,1080
2026-09-14T15:31:28.202Z,camera_1,1,0.00,0.00,0.00,746496.00,100.0,2000,null,null,10,1920,1080
2026-09-14T15:31:28.205Z,camera_0,1,322.09,249.39,72.69,746496.00,100.0,2000,null,null,10,1920,1080
2026-09-14T15:31:31.251Z,camera_0,1,51.14,0.00,51.14,746496.00,100.0,2000,null,null,10,1920,1080
2026-09-14T15:31:31.251Z,camera_1,1,0.00,0.00,0.00,746496.00,100.0,2000,null,null,10,1920,1080
2026-09-14T15:31:31.251Z,camera_0,1,309.19,258.06,51.14,746496.00,100.0,2000,null,null,10,1920,1080
2026-09-14T15:31:34.252Z,camera_0,1,21.06,0.00,21.06,746496.00,100.0,2000,null,null,10,1920,1080
2026-09-14T15:31:34.252Z,camera_1,1,0.00,0.00,0.00,746496.00,100.0,2000,null,null,10,1920,1080
2026-09-14T15:31:34.253Z,camera_0,1,143.88,122.83,21.06,746496.00,100.0,2000,null,null,10,1920,1080
2026-09-14T15:31:37.251Z,camera_0,1,121.32,0.00,121.32,746496.00,100.0,2000,null,null,10,1920,1080
2026-09-14T15:31:37.252Z,camera_1,1,0.00,0.00,0.00,746496.00,100.0,2000,null,null,10,1920,1080
2026-09-14T15:31:37.252Z,camera_0,1,253.00,131.67,121.32,746496.00,100.0,2000,null,null,10,1920,1080
2026-09-14T15:31:40.253Z,camera_0,1,53.14,0.00,53.14,746496.00,100.0,2000,null,null,10,1920,1080
2026-09-14T15:31:40.254Z,camera_1,1,0.00,0.00,0.00,746496.00,100.0,2000,null,null,10,1920,1080
2026-09-14T15:31:40.254Z,camera_0,1,437.73,384.59,53.14,746496.00,100.0,2000,null,null,10,1920,1080
2026-09-14T15:31:43.255Z,camera_0,1,120.32,0.00,120.32,746496.00,100.0,2000,null,null,10,1920,1080
2026-09-14T15:31:43.256Z,camera_1,1,0.00,0.00,0.00,746496.00,100.0,2000,null,null,10,1920,1080
2026-09-14T15:31:43.262Z,camera_0,1,362.80,242.48,120.32,746496.00,100.0,2000,null,null,10,1920,1080
2026-09-14T15:31:46.262Z,camera_0,1,118.82,0.00,118.82,746496.00,100.0,2000,null,null,10,1920,1080
2026-09-14T15:31:46.262Z,camera_1,1,0.00,0.00,0.00,746496.00,100.0,2000,null,null,10,1920,1080
2026-09-14T15:31:46.263Z,camera_0,1,483.72,364.91,118.82,746496.00,100.0,2000,null,null,10,1920,1080
2026-09-14T15:31:49.262Z,camera_0,1,98.76,0.00,98.76,746496.00,100.0,2000,null,null,10,1920,1080
2026-09-14T15:31:49.263Z,camera_0,1,348.21,249.45,98.76,746496.00,100.0,2000,null,null,10,1920,1080
2026-09-14T15:31:49.262Z,camera_1,1,0.00,0.00,0.00,746496.00,100.0,2000,null,null,10,1920,1080
2026-09-14T15:31:52.265Z,camera_0,1,110.29,0.00,110.29,746496.00,100.0,2000,null,null,10,1920,1080
2026-09-14T15:31:52.265Z,camera_1,1,0.00,0.00,0.00,746496.00,100.0,2000,null,null,10,1920,1080
2026-09-14T15:31:52.266Z,camera_0,1,231.93,121.63,110.29,746496.00,100.0,2000,null,null,10,1920,1080
2026-09-14T15:31:55.305Z,camera_0,1,321.35,0.00,321.35,746496.00,100.0,2000,null,null,10,1920,1080
2026-09-14T15:31:55.306Z,camera_1,1,0.00,0.00,0.00,746496.00,100.0,2000,null,null,10,1920,1080
2026-09-14T15:31:55.306Z,camera_0,1,696.63,375.28,321.35,746496.00,100.0,2000,null,null,10,1920,1080
2026-09-14T15:31:58.340Z,camera_0,1,81.72,0.00,81.72,746496.00,100.0,2000,null,null,10,1920,1080
2026-09-14T15:31:58.340Z,camera_1,1,0.00,0.00,0.00,746496.00,100.0,2000,null,null,10,1920,1080
2026-09-14T15:31:58.341Z,camera_0,1,702.22,620.50,81.72,746496.00,100.0,2000,null,null,10,1920,1080
2026-09-14T15:32:01.345Z,camera_0,1,261.70,0.00,261.70,746496.00,100.0,2000,null,null,10,1920,1080
2026-09-14T15:32:01.345Z,camera_1,1,0.00,0.00,0.00,746496.00,100.0,2000,null,null,10,1920,1080
2026-09-14T15:32:01.345Z,camera_0,1,740.27,478.57,261.70,746496.00,100.0,2000,null,null,10,1920,1080
2026-09-14T15:32:04.347Z,camera_0,1,190.51,0.00,190.51,746496.00,100.0,2000,null,null,10,1920,1080
2026-09-14T15:32:04.347Z,camera_1,1,0.00,0.00,0.00,746496.00,100.0,2000,null,null,10,1920,1080
2026-09-14T15:32:04.350Z,camera_0,1,692.72,502.21,190.51,746496.00,100.0,2000,null,null,10,1920,1080
2026-09-14T15:32:07.347Z,camera_0,1,106.28,0.00,106.28,746496.00,100.0,2000,null,null,10,1920,1080
2026-09-14T15:32:07.348Z,camera_1,1,0.00,0.00,0.00,746496.00,100.0,2000,null,null,10,1920,1080
2026-09-14T15:32:07.350Z,camera_0,1,362.66,256.37,106.28,746496.00,100.0,2000,null,null,10,1920,1080
2026-09-14T15:32:10.347Z,camera_0,1,210.06,0.00,210.06,746496.00,100.0,2000,null,null,10,1920,1080
2026-09-14T15:32:10.352Z,camera_1,1,0.00,0.00,0.00,746496.00,100.0,2000,null,null,10,1920,1080
2026-09-14T15:32:10.352Z,camera_0,1,583.50,373.44,210.06,746496.00,100.0,2000,null,null,10,1920,1080
2026-09-14T15:32:13.348Z,camera_0,1,236.63,0.00,236.63,746496.00,100.0,2000,null,null,10,1920,1080
2026-09-14T15:32:13.349Z,camera_1,1,0.00,0.00,0.00,746496.00,100.0,2000,null,null,10,1920,1080
2026-09-14T15:32:13.349Z,camera_0,1,865.43,628.80,236.63,746496.00,100.0,2000,null,null,10,1920,1080
2026-09-14T15:32:16.348Z,camera_0,1,74.70,0.00,74.70,746496.00,100.0,2000,null,null,10,1920,1080
2026-09-14T15:32:16.349Z,camera_1,1,0.00,0.00,0.00,746496.00,100.0,2000,null,null,10,1920,1080
2026-09-14T15:32:16.349Z,camera_0,1,331.29,256.59,74.70,746496.00,100.0,2000,null,null,10,1920,1080
2026-09-14T15:32:19.349Z,camera_0,1,234.62,0.00,234.62,746496.00,100.0,2000,null,null,10,1920,1080
2026-09-14T15:32:19.349Z,camera_1,1,0.00,0.00,0.00,746496.00,100.0,2000,null,null,10,1920,1080
2026-09-14T15:32:19.350Z,camera_0,1,742.88,508.25,234.62,746496.00,100.0,2000,null,null,10,1920,1080
2026-09-14T15:32:22.350Z,camera_0,1,198.53,0.00,198.53,746496.00,100.0,2000,null,null,10,1920,1080
2026-09-14T15:32:22.350Z,camera_1,1,0.00,0.00,0.00,746496.00,100.0,2000,null,null,10,1920,1080
2026-09-14T15:32:22.350Z,camera_0,1,671.89,473.36,198.53,746496.00,100.0,2000,null,null,10,1920,1080
2026-09-14T15:32:25.350Z,camera_0,1,106.78,0.00,106.78,746496.00,100.0,2000,null,null,10,1920,1080
2026-09-14T15:32:25.356Z,camera_1,1,0.00,0.00,0.00,746496.00,100.0,2000,null,null,10,1920,1080
2026-09-14T15:32:25.356Z,camera_0,1,458.09,351.31,106.78,746496.00,100.0,2000,null,null,10,1920,1080
2026-09-14T15:32:28.353Z,camera_0,1,270.22,0.00,270.22,746496.00,100.0,2000,null,null,10,1920,1080
2026-09-14T15:32:28.353Z,camera_1,1,0.00,0.00,0.00,746496.00,100.0,2000,null,null,10,1920,1080
2026-09-14T15:32:28.354Z,camera_0,1,736.01,465.79,270.22,746496.00,100.0,2000,null,null,10,1920,1080
2026-09-14T15:32:31.360Z,camera_0,1,151.40,0.00,151.40,746496.00,100.0,2000,null,null,10,1920,1080
2026-09-14T15:32:31.360Z,camera_1,1,0.00,0.00,0.00,746496.00,100.0,2000,null,null,10,1920,1080
2026-09-14T15:32:31.361Z,camera_0,1,499.97,348.57,151.40,746496.00,100.0,2000,null,null,10,1920,1080
2026-09-14T15:32:34.362Z,camera_0,1,91.74,0.00,91.74,746496.00,100.0,2000,null,null,10,1920,1080
2026-09-14T15:32:34.367Z,camera_1,1,0.00,0.00,0.00,746496.00,100.0,2000,null,null,10,1920,1080
2026-09-14T15:32:34.367Z,camera_0,1,440.00,348.26,91.74,746496.00,100.0,2000,null,null,10,1920,1080
2026-09-14T15:32:37.362Z,camera_0,1,251.67,0.00,251.67,746496.00,100.0,2000,null,null,10,1920,1080
2026-09-14T15:32:37.362Z,camera_1,1,0.00,0.00,0.00,746496.00,100.0,2000,null,null,10,1920,1080
2026-09-14T15:32:37.362Z,camera_0,1,717.03,465.37,251.67,746496.00,100.0,2000,null,null,10,1920,1080
2026-09-14T15:32:40.361Z,camera_0,1,227.10,0.00,227.10,746496.00,100.0,2000,null,null,10,1920,1080
2026-09-14T15:32:40.362Z,camera_1,1,0.00,0.00,0.00,746496.00,100.0,2000,null,null,10,1920,1080
2026-09-14T15:32:40.362Z,camera_0,1,692.69,465.58,227.10,746496.00,100.0,2000,null,null,10,1920,1080
2026-09-14T15:32:43.469Z,camera_0,1,173.96,0.00,173.96,746496.00,100.0,2000,null,null,10,1920,1080
2026-09-14T15:32:43.469Z,camera_1,1,0.00,0.00,0.00,746496.00,100.0,2000,null,null,10,1920,1080
2026-09-14T15:32:43.470Z,camera_0,1,520.58,346.61,173.96,746496.00,100.0,2000,null,null,10,1920,1080
2026-09-14T15:32:46.538Z,camera_0,1,243.15,0.00,243.15,746496.00,100.0,2000,null,null,10,1920,1080
2026-09-14T15:32:46.538Z,camera_1,1,0.00,0.00,0.00,746496.00,100.0,2000,null,null,10,1920,1080
2026-09-14T15:32:46.538Z,camera_0,1,816.66,573.52,243.15,746496.00,100.0,2000,null,null,10,1920,1080
2026-09-14T15:32:49.542Z,camera_0,1,122.83,0.00,122.83,746496.00,100.0,2000,null,null,10,1920,1080
2026-09-14T15:32:49.542Z,camera_1,1,0.00,0.00,0.00,746496.00,100.0,2000,null,null,10,1920,1080
2026-09-14T15:32:49.545Z,camera_0,1,584.90,462.08,122.83,746496.00,100.0,2000,null,null,10,1920,1080
2026-09-14T15:32:52.543Z,camera_0,1,193.01,0.00,193.01,746496.00,100.0,2000,null,null,10,1920,1080
2026-09-14T15:32:52.546Z,camera_1,1,0.00,0.00,0.00,746496.00,100.0,2000,null,null,10,1920,1080
2026-09-14T15:32:52.547Z,camera_0,1,542.84,349.83,193.01,746496.00,100.0,2000,null,null,10,1920,1080
2026-09-14T15:32:55.545Z,camera_0,1,218.08,0.00,218.08,746496.00,100.0,2000,null,null,10,1920,1080
2026-09-14T15:32:55.546Z,camera_1,1,0.00,0.00,0.00,746496.00,100.0,2000,null,null,10,1920,1080
2026-09-14T15:32:55.546Z,camera_0,1,916.72,698.64,218.08,746496.00,100.0,2000,null,null,10,1920,1080
2026-09-14T15:32:58.545Z,camera_0,1,28.58,0.00,28.58,746496.00,100.0,2000,null,null,10,1920,1080
2026-09-14T15:32:58.545Z,camera_1,1,0.00,0.00,0.00,746496.00,100.0,2000,null,null,10,1920,1080
2026-09-14T15:32:58.545Z,camera_0,1,143.23,114.65,28.58,746496.00,100.0,2000,null,null,10,1920,1080
2026-09-14T15:33:01.595Z,camera_0,1,253.67,0.00,253.67,746496.00,100.0,2000,null,null,10,1920,1080
2026-09-14T15:33:01.596Z,camera_1,1,0.00,0.00,0.00,746496.00,100.0,2000,null,null,10,1920,1080
2026-09-14T15:33:01.597Z,camera_0,1,717.67,463.99,253.67,746496.00,100.0,2000,null,null,10,1920,1080
2026-09-14T15:33:04.596Z,camera_0,1,165.94,0.00,165.94,746496.00,100.0,2000,null,null,10,1920,1080
2026-09-14T15:33:04.596Z,camera_1,1,0.00,0.00,0.00,746496.00,100.0,2000,null,null,10,1920,1080
2026-09-14T15:33:04.596Z,camera_0,1,632.60,466.66,165.94,746496.00,100.0,2000,null,null,10,1920,1080
2026-09-14T15:33:07.598Z,camera_0,1,162.93,0.00,162.93,746496.00,100.0,2000,null,null,10,1920,1080
2026-09-14T15:33:07.598Z,camera_1,1,0.00,0.00,0.00,746496.00,100.0,2000,null,null,10,1920,1080
2026-09-14T15:33:07.598Z,camera_0,1,514.83,351.90,162.93,746496.00,100.0,2000,null,null,10,1920,1080
2026-09-14T15:33:10.598Z,camera_0,1,260.69,0.00,260.69,746496.00,100.0,2000,null,null,10,1920,1080
2026-09-14T15:33:10.598Z,camera_1,1,0.00,0.00,0.00,746496.00,100.0,2000,null,null,10,1920,1080
2026-09-14T15:33:10.598Z,camera_0,1,965.64,704.94,260.69,746496.00,100.0,2000,null,null,10,1920,1080
2026-09-14T15:33:13.599Z,camera_0,1,59.16,0.00,59.16,746496.00,100.0,2000,null,null,10,1920,1080
2026-09-14T15:33:13.599Z,camera_1,1,0.00,0.00,0.00,746496.00,100.0,2000,null,null,10,1920,1080
2026-09-14T15:33:13.600Z,camera_0,1,293.46,234.30,59.16,746496.00,100.0,2000,null,null,10,1920,1080
2026-09-14T15:33:16.614Z,camera_0,1,228.11,0.00,228.11,746496.00,100.0,2000,null,null,10,1920,1080
2026-09-14T15:33:16.615Z,camera_1,1,0.00,0.00,0.00,746496.00,100.0,2000,null,null,10,1920,1080
2026-09-14T15:33:16.615Z,camera_0,1,696.75,468.64,228.11,746496.00,100.0,2000,null,null,10,1920,1080
2026-09-14T15:33:19.606Z,camera_0,1,159.42,0.00,159.42,746496.00,100.0,2000,null,null,10,1920,1080
2026-09-14T15:33:19.608Z,camera_1,1,0.00,0.00,0.00,746496.00,100.0,2000,null,null,10,1920,1080
2026-09-14T15:33:19.609Z,camera_0,1,627.66,468.24,159.42,746496.00,100.0,2000,null,null,10,1920,1080
2026-09-14T15:33:22.607Z,camera_0,1,86.73,0.00,86.73,746496.00,100.0,2000,null,null,10,1920,1080
2026-09-14T15:33:22.608Z,camera_0,1,317.82,231.09,86.73,746496.00,100.0,2000,null,null,10,1920,1080
2026-09-14T15:33:22.607Z,camera_1,1,0.00,0.00,0.00,746496.00,100.0,2000,null,null,10,1920,1080
2026-09-14T15:33:25.608Z,camera_0,1,166.94,0.00,166.94,746496.00,100.0,2000,null,null,10,1920,1080
2026-09-14T15:33:25.608Z,camera_1,1,0.00,0.00,0.00,746496.00,100.0,2000,null,null,10,1920,1080
2026-09-14T15:33:25.608Z,camera_0,1,510.38,343.44,166.94,746496.00,100.0,2000,null,null,10,1920,1080
2026-09-14T15:33:28.799Z,camera_0,1,217.58,0.00,217.58,746496.00,100.0,2000,null,null,10,1920,1080
2026-09-14T15:33:28.802Z,camera_1,1,0.00,0.00,0.00,746496.00,100.0,2000,null,null,10,1920,1080
2026-09-14T15:33:28.803Z,camera_0,1,941.83,724.25,217.58,746496.00,100.0,2000,null,null,10,1920,1080
2026-09-14T15:33:31.797Z,camera_0,1,58.66,0.00,58.66,746496.00,100.0,2000,null,null,10,1920,1080
2026-09-14T15:33:31.801Z,camera_1,1,0.00,0.00,0.00,746496.00,100.0,2000,null,null,10,1920,1080
2026-09-14T15:33:31.801Z,camera_0,1,291.29,232.64,58.66,746496.00,100.0,2000,null,null,10,1920,1080
2026-09-14T15:33:34.798Z,camera_0,1,224.10,0.00,224.10,746496.00,100.0,2000,null,null,10,1920,1080
2026-09-14T15:33:34.798Z,camera_1,1,0.00,0.00,0.00,746496.00,100.0,2000,null,null,10,1920,1080
2026-09-14T15:33:34.799Z,camera_0,1,713.35,489.26,224.10,746496.00,100.0,2000,null,null,10,1920,1080
2026-09-14T15:33:37.803Z,camera_0,1,166.94,0.00,166.94,746496.00,100.0,2000,null,null,10,1920,1080
2026-09-14T15:33:37.803Z,camera_1,1,0.00,0.00,0.00,746496.00,100.0,2000,null,null,10,1920,1080
2026-09-14T15:33:37.807Z,camera_0,1,678.61,511.67,166.94,746496.00,100.0,2000,null,null,10,1920,1080
2026-09-14T15:33:40.804Z,camera_0,1,59.16,0.00,59.16,746496.00,100.0,2000,null,null,10,1920,1080
2026-09-14T15:33:40.804Z,camera_1,1,0.00,0.00,0.00,746496.00,100.0,2000,null,null,10,1920,1080
2026-09-14T15:33:40.807Z,camera_0,1,325.86,266.70,59.16,746496.00,100.0,2000,null,null,10,1920,1080
2026-09-14T15:33:43.885Z,camera_0,1,215.07,0.00,215.07,746496.00,100.0,2000,null,null,10,1920,1080
2026-09-14T15:33:43.885Z,camera_1,1,0.00,0.00,0.00,746496.00,100.0,2000,null,null,10,1920,1080
2026-09-14T15:33:43.887Z,camera_0,1,748.71,533.64,215.07,746496.00,100.0,2000,null,null,10,1920,1080
2026-09-14T15:33:46.886Z,camera_0,1,216.58,0.00,216.58,746496.00,100.0,2000,null,null,10,1920,1080
2026-09-14T15:33:46.888Z,camera_1,1,0.00,0.00,0.00,746496.00,100.0,2000,null,null,10,1920,1080
2026-09-14T15:33:46.890Z,camera_0,1,735.96,519.38,216.58,746496.00,100.0,2000,null,null,10,1920,1080
2026-09-14T15:33:49.886Z,camera_0,1,104.28,0.00,104.28,746496.00,100.0,2000,null,null,10,1920,1080
2026-09-14T15:33:49.886Z,camera_1,1,0.00,0.00,0.00,746496.00,100.0,2000,null,null,10,1920,1080
2026-09-14T15:33:49.888Z,camera_0,1,354.12,249.85,104.28,746496.00,100.0,2000,null,null,10,1920,1080
2026-09-14T15:33:52.888Z,camera_0,1,253.17,0.00,253.17,746496.00,100.0,2000,null,null,10,1920,1080
2026-09-14T15:33:52.888Z,camera_1,1,0.00,0.00,0.00,746496.00,100.0,2000,null,null,10,1920,1080
2026-09-14T15:33:52.890Z,camera_0,1,751.93,498.75,253.17,746496.00,100.0,2000,null,null,10,1920,1080
2026-09-14T15:33:55.888Z,camera_0,1,217.08,0.00,217.08,746496.00,100.0,2000,null,null,10,1920,1080
2026-09-14T15:33:55.888Z,camera_1,1,0.00,0.00,0.00,746496.00,100.0,2000,null,null,10,1920,1080
2026-09-14T15:33:55.912Z,camera_0,1,720.43,503.35,217.08,746496.00,100.0,2000,null,null,10,1920,1080
2026-09-14T15:33:58.891Z,camera_0,1,83.72,0.00,83.72,746496.00,100.0,2000,null,null,10,1920,1080
2026-09-14T15:33:58.891Z,camera_1,1,0.00,0.00,0.00,746496.00,100.0,2000,null,null,10,1920,1080
2026-09-14T15:33:58.892Z,camera_0,1,334.49,250.77,83.72,746496.00,100.0,2000,null,null,10,1920,1080
2026-09-14T15:34:01.950Z,camera_0,1,333.89,0.00,333.89,746496.00,100.0,2000,null,null,10,1920,1080
2026-09-14T15:34:01.950Z,camera_1,1,0.00,0.00,0.00,746496.00,100.0,2000,null,null,10,1920,1080
2026-09-14T15:34:01.954Z,camera_0,1,976.19,642.30,333.89,746496.00,100.0,2000,null,null,10,1920,1080
2026-09-14T15:34:04.951Z,camera_0,1,199.53,0.00,199.53,746496.00,100.0,2000,null,null,10,1920,1080
2026-09-14T15:34:04.951Z,camera_1,1,0.00,0.00,0.00,746496.00,100.0,2000,null,null,10,1920,1080
2026-09-14T15:34:04.952Z,camera_0,1,702.84,503.31,199.53,746496.00,100.0,2000,null,null,10,1920,1080
2026-09-14T15:34:07.954Z,camera_0,1,221.59,0.00,221.59,746496.00,100.0,2000,null,null,10,1920,1080
2026-09-14T15:34:07.954Z,camera_1,1,0.00,0.00,0.00,746496.00,100.0,2000,null,null,10,1920,1080
2026-09-14T15:34:07.955Z,camera_0,1,610.21,388.62,221.59,746496.00,100.0,2000,null,null,10,1920,1080
2026-09-14T15:34:10.955Z,camera_0,1,242.65,0.00,242.65,746496.00,100.0,2000,null,null,10,1920,1080
2026-09-14T15:34:10.956Z,camera_1,1,0.00,0.00,0.00,746496.00,100.0,2000,null,null,10,1920,1080
2026-09-14T15:34:10.956Z,camera_0,1,959.37,716.73,242.65,746496.00,100.0,2000,null,null,10,1920,1080
2026-09-14T15:34:13.956Z,camera_0,1,299.30,0.00,299.30,746496.00,100.0,2000,null,null,10,1920,1080
2026-09-14T15:34:13.956Z,camera_1,1,0.00,0.00,0.00,746496.00,100.0,2000,null,null,10,1920,1080
2026-09-14T15:34:13.957Z,camera_0,1,1071.05,771.75,299.30,746496.00,100.0,2000,null,null,10,1920,1080
2026-09-14T15:34:16.957Z,camera_0,1,244.15,0.00,244.15,746496.00,100.0,2000,null,null,10,1920,1080
2026-09-14T15:34:16.957Z,camera_1,1,0.00,0.00,0.00,746496.00,100.0,2000,null,null,10,1920,1080
2026-09-14T15:34:16.958Z,camera_0,1,973.53,729.38,244.15,746496.00,100.0,2000,null,null,10,1920,1080
2026-09-14T15:34:19.958Z,camera_0,1,381.51,0.00,381.51,746496.00,99.9,2000,null,null,10,1920,1080
2026-09-14T15:34:19.958Z,camera_1,1,0.00,0.00,0.00,746496.00,100.0,2000,null,null,10,1920,1080
2026-09-14T15:34:19.959Z,camera_0,1,1273.01,891.50,381.51,746496.00,99.9,2000,null,null,10,1920,1080
2026-09-14T15:34:22.959Z,camera_0,1,228.11,0.00,228.11,746496.00,100.0,2000,null,null,10,1920,1080
2026-09-14T15:34:22.959Z,camera_1,1,0.00,0.00,0.00,746496.00,100.0,2000,null,null,10,1920,1080
2026-09-14T15:34:22.960Z,camera_0,1,739.78,511.67,228.11,746496.00,100.0,2000,null,null,10,1920,1080
2026-09-14T15:34:25.961Z,camera_0,1,299.30,0.00,299.30,746496.00,100.0,2000,null,null,10,1920,1080
2026-09-14T15:34:25.961Z,camera_1,1,0.00,0.00,0.00,746496.00,100.0,2000,null,null,10,1920,1080
2026-09-14T15:34:25.966Z,camera_0,1,1155.95,856.66,299.30,746496.00,100.0,2000,null,null,10,1920,1080
2026-09-14T15:34:28.961Z,camera_0,1,273.23,0.00,273.23,746496.00,100.0,2000,null,null,10,1920,1080
2026-09-14T15:34:28.965Z,camera_1,1,0.00,0.00,0.00,746496.00,100.0,2000,null,null,10,1920,1080
2026-09-14T15:34:28.966Z,camera_0,1,770.70,497.47,273.23,746496.00,100.0,2000,null,null,10,1920,1080
2026-09-14T15:34:31.963Z,camera_0,1,349.93,0.00,349.93,746496.00,100.0,2000,null,null,10,1920,1080
2026-09-14T15:34:31.963Z,camera_1,1,0.00,0.00,0.00,746496.00,100.0,2000,null,null,10,1920,1080
2026-09-14T15:34:31.966Z,camera_0,1,1177.68,827.75,349.93,746496.00,100.0,2000,null,null,10,1920,1080
2026-09-14T15:34:34.999Z,camera_0,1,332.89,0.00,332.89,746496.00,100.0,2000,null,null,10,1920,1080
2026-09-14T15:34:35.002Z,camera_1,1,0.00,0.00,0.00,746496.00,100.0,2000,null,null,10,1920,1080
2026-09-14T15:34:35.007Z,camera_0,1,927.59,594.70,332.89,746496.00,100.0,2000,null,null,10,1920,1080
2026-09-14T15:34:37.999Z,camera_0,1,285.76,0.00,285.76,746496.00,100.0,2000,null,null,10,1920,1080
2026-09-14T15:34:37.999Z,camera_1,1,0.00,0.00,0.00,746496.00,100.0,2000,null,null,10,1920,1080
2026-09-14T15:34:37.999Z,camera_0,1,761.29,475.53,285.76,746496.00,100.0,2000,null,null,10,1920,1080
2026-09-14T15:34:41.000Z,camera_0,1,280.25,0.00,280.25,746496.00,100.0,2000,null,null,10,1920,1080
2026-09-14T15:34:41.000Z,camera_1,1,0.00,0.00,0.00,746496.00,100.0,2000,null,null,10,1920,1080
2026-09-14T15:34:41.001Z,camera_0,1,1093.43,813.18,280.25,746496.00,100.0,2000,null,null,10,1920,1080
2026-09-14T15:34:44.001Z,camera_0,1,204.04,0.00,204.04,746496.00,100.0,2000,null,null,10,1920,1080
2026-09-14T15:34:44.002Z,camera_1,1,0.00,0.00,0.00,746496.00,100.0,2000,null,null,10,1920,1080
2026-09-14T15:34:44.004Z,camera_0,1,544.37,340.32,204.04,746496.00,100.0,2000,null,null,10,1920,1080
2026-09-14T15:34:47.005Z,camera_0,1,233.12,0.00,233.12,147571.20,99.8,2000,null,null,30,854,480
2026-09-14T15:34:47.005Z,camera_1,1,0.00,0.00,0.00,147571.20,100.0,2000,null,null,30,854,480
2026-09-14T15:34:47.005Z,camera_0,1,1391.98,1158.86,233.12,147571.20,99.8,2000,null,null,30,854,480
2026-09-14T15:34:50.005Z,camera_0,1,0.00,0.00,0.00,147571.20,100.0,2000,null,null,30,854,480
2026-09-14T15:34:50.005Z,camera_1,1,0.00,0.00,0.00,147571.20,100.0,2000,null,null,30,854,480
2026-09-14T15:34:50.006Z,camera_0,1,1563.26,1563.26,0.00,147571.20,100.0,2000,null,null,30,854,480
2026-09-14T15:34:53.006Z,camera_0,1,482.28,0.00,482.28,147571.20,99.7,2000,null,null,30,854,480
2026-09-14T15:34:53.007Z,camera_1,1,0.00,0.00,0.00,147571.20,100.0,2000,null,null,30,854,480
2026-09-14T15:34:53.007Z,camera_0,1,482.28,0.00,482.28,147571.20,99.7,2000,null,null,30,854,480
2026-09-14T15:34:56.010Z,camera_0,1,0.00,0.00,0.00,746496.00,100.0,2000,null,null,10,1920,1080
2026-09-14T15:34:56.010Z,camera_1,1,0.00,0.00,0.00,746496.00,100.0,2000,null,null,10,1920,1080
2026-09-14T15:34:56.010Z,camera_0,1,834.06,834.06,0.00,746496.00,100.0,2000,null,null,10,1920,1080
2026-09-14T15:34:59.012Z,camera_0,1,0.00,0.00,0.00,746496.00,100.0,2000,null,null,10,1920,1080
2026-09-14T15:34:59.012Z,camera_1,1,0.00,0.00,0.00,746496.00,100.0,2000,null,null,10,1920,1080
2026-09-14T15:34:59.013Z,camera_0,1,487.48,487.48,0.00,746496.00,100.0,2000,null,null,10,1920,1080
2026-09-14T15:35:02.059Z,camera_0,1,0.00,0.00,0.00,147571.20,100.0,2000,null,null,30,854,480
2026-09-14T15:35:02.060Z,camera_1,1,0.00,0.00,0.00,147571.20,100.0,2000,null,null,30,854,480
2026-09-14T15:35:02.061Z,camera_0,1,1209.46,1209.46,0.00,147571.20,100.0,2000,null,null,30,854,480
2026-09-14T15:35:05.155Z,camera_0,1,0.00,0.00,0.00,147571.20,100.0,2000,null,null,30,854,480
2026-09-14T15:35:05.155Z,camera_1,1,0.00,0.00,0.00,147571.20,100.0,2000,null,null,30,854,480
2026-09-14T15:35:05.155Z,camera_0,1,1563.74,1563.74,0.00,147571.20,100.0,2000,null,null,30,854,480
2026-09-14T15:35:08.155Z,camera_0,1,295.79,0.00,295.79,147571.20,99.8,2000,null,null,30,854,480
2026-09-14T15:35:08.164Z,camera_1,1,0.00,0.00,0.00,147571.20,100.0,2000,null,null,30,854,480
2026-09-14T15:35:08.164Z,camera_0,1,861.45,565.66,295.79,147571.20,99.8,2000,null,null,30,854,480
2026-09-14T15:35:11.155Z,camera_0,1,239.64,0.00,239.64,147571.20,99.8,2000,null,null,30,854,480
2026-09-14T15:35:11.155Z,camera_1,1,0.00,0.00,0.00,147571.20,100.0,2000,null,null,30,854,480
2026-09-14T15:35:11.155Z,camera_0,1,1031.76,792.12,239.64,147571.20,99.8,2000,null,null,30,854,480
2026-09-14T15:35:14.182Z,camera_0,1,372.49,0.00,372.49,147571.20,99.7,2000,null,null,30,854,480
2026-09-14T15:35:14.182Z,camera_1,1,0.00,0.00,0.00,147571.20,100.0,2000,null,null,30,854,480
2026-09-14T15:35:14.186Z,camera_0,1,1253.27,880.78,372.49,147571.20,99.7,2000,null,null,30,854,480
2026-09-14T15:35:17.179Z,camera_1,1,0.00,0.00,0.00,147571.20,100.0,2000,null,null,30,854,480
2026-09-14T15:35:17.179Z,camera_0,1,219.58,0.00,219.58,147571.20,99.9,2000,null,null,30,854,480
2026-09-14T15:35:17.181Z,camera_0,1,808.68,589.10,219.58,147571.20,99.9,2000,null,null,30,854,480
2026-09-14T15:35:20.191Z,camera_0,1,312.33,0.00,312.33,147571.20,99.8,2000,null,null,30,854,480
2026-09-14T15:35:20.192Z,camera_1,1,0.00,0.00,0.00,147571.20,100.0,2000,null,null,30,854,480
2026-09-14T15:35:20.193Z,camera_0,1,1018.56,706.23,312.33,147571.20,99.8,2000,null,null,30,854,480
2026-09-14T15:35:23.191Z,camera_1,1,0.00,0.00,0.00,147571.20,100.0,2000,null,null,30,854,480
2026-09-14T15:35:23.198Z,camera_0,1,356.95,0.00,356.95,147571.20,99.8,2000,null,null,30,854,480
2026-09-14T15:35:23.191Z,camera_0,1,356.95,0.00,356.95,147571.20,99.8,2000,null,null,30,854,480
2026-09-14T15:35:26.219Z,camera_0,1,0.00,0.00,0.00,746496.00,100.0,2000,null,null,10,1920,1080
2026-09-14T15:35:26.220Z,camera_1,1,0.00,0.00,0.00,746496.00,100.0,2000,null,null,10,1920,1080
2026-09-14T15:35:26.220Z,camera_0,1,866.43,866.43,0.00,746496.00,100.0,2000,null,null,10,1920,1080
2026-09-14T15:35:29.219Z,camera_0,1,0.00,0.00,0.00,746496.00,100.0,2000,null,null,10,1920,1080
2026-09-14T15:35:29.220Z,camera_1,1,0.00,0.00,0.00,746496.00,100.0,2000,null,null,10,1920,1080
2026-09-14T15:35:29.223Z,camera_0,1,1534.78,1534.78,0.00,746496.00,100.0,2000,null,null,10,1920,1080
2026-09-14T15:35:32.219Z,camera_0,1,0.00,0.00,0.00,746496.00,100.0,2000,null,null,10,1920,1080
2026-09-14T15:35:32.220Z,camera_1,1,0.00,0.00,0.00,746496.00,100.0,2000,null,null,10,1920,1080
2026-09-14T15:35:32.220Z,camera_0,1,882.21,882.21,0.00,746496.00,100.0,2000,null,null,10,1920,1080
2026-09-14T15:35:35.222Z,camera_0,1,85.23,0.00,85.23,746496.00,100.0,2000,null,null,10,1920,1080
2026-09-14T15:35:35.222Z,camera_1,1,0.00,0.00,0.00,746496.00,100.0,2000,null,null,10,1920,1080
2026-09-14T15:35:35.223Z,camera_0,1,218.43,133.20,85.23,746496.00,100.0,2000,null,null,10,1920,1080
2026-09-14T15:35:38.225Z,camera_0,1,79.21,0.00,79.21,746496.00,100.0,2000,null,null,10,1920,1080
2026-09-14T15:35:38.225Z,camera_1,1,0.00,0.00,0.00,746496.00,100.0,2000,null,null,10,1920,1080
2026-09-14T15:35:38.226Z,camera_0,1,611.69,532.48,79.21,746496.00,100.0,2000,null,null,10,1920,1080
2026-09-14T15:35:41.231Z,camera_0,1,10.03,0.00,10.03,746496.00,100.0,2000,null,null,10,1920,1080
2026-09-14T15:35:41.231Z,camera_1,1,0.00,0.00,0.00,746496.00,100.0,2000,null,null,10,1920,1080
2026-09-14T15:35:41.231Z,camera_0,1,142.42,132.39,10.03,746496.00,100.0,2000,null,null,10,1920,1080
2026-09-14T15:35:44.231Z,camera_0,1,119.82,0.00,119.82,746496.00,100.0,2000,null,null,10,1920,1080
2026-09-14T15:35:44.232Z,camera_1,1,0.00,0.00,0.00,746496.00,100.0,2000,null,null,10,1920,1080
2026-09-14T15:35:44.232Z,camera_0,1,767.90,648.08,119.82,746496.00,100.0,2000,null,null,10,1920,1080
2026-09-14T15:35:47.233Z,camera_0,1,157.92,0.00,157.92,746496.00,100.0,2000,null,null,10,1920,1080
2026-09-14T15:35:47.233Z,camera_1,1,0.00,0.00,0.00,746496.00,100.0,2000,null,null,10,1920,1080
2026-09-14T15:35:47.234Z,camera_0,1,652.73,494.81,157.92,746496.00,100.0,2000,null,null,10,1920,1080
2026-09-14T15:35:50.242Z,camera_0,1,108.29,0.00,108.29,746496.00,100.0,2000,null,null,10,1920,1080
2026-09-14T15:35:50.243Z,camera_1,1,0.00,0.00,0.00,746496.00,100.0,2000,null,null,10,1920,1080
2026-09-14T15:35:50.243Z,camera_0,1,218.81,110.53,108.29,746496.00,100.0,2000,null,null,10,1920,1080
2026-09-14T15:35:53.243Z,camera_0,1,84.73,0.00,84.73,746496.00,100.0,2000,null,null,10,1920,1080
2026-09-14T15:35:53.243Z,camera_1,1,0.00,0.00,0.00,746496.00,100.0,2000,null,null,10,1920,1080
2026-09-14T15:35:53.245Z,camera_0,1,541.51,456.79,84.73,746496.00,100.0,2000,null,null,10,1920,1080
2026-09-14T15:35:56.245Z,camera_0,1,152.91,0.00,152.91,147571.20,99.9,2000,null,null,30,854,480
2026-09-14T15:35:56.245Z,camera_1,1,0.00,0.00,0.00,147571.20,100.0,2000,null,null,30,854,480
2026-09-14T15:35:56.245Z,camera_0,1,596.75,443.84,152.91,147571.20,99.9,2000,null,null,30,854,480
2026-09-14T15:35:59.246Z,camera_0,1,0.00,0.00,0.00,147571.20,100.0,2000,null,null,30,854,480
2026-09-14T15:35:59.246Z,camera_1,1,0.00,0.00,0.00,147571.20,100.0,2000,null,null,30,854,480
2026-09-14T15:35:59.247Z,camera_0,1,1103.65,1103.65,0.00,147571.20,100.0,2000,null,null,30,854,480
2026-09-14T15:36:02.250Z,camera_0,1,0.00,0.00,0.00,147571.20,100.0,2000,null,null,30,854,480
2026-09-14T15:36:02.250Z,camera_1,1,0.00,0.00,0.00,147571.20,100.0,2000,null,null,30,854,480
2026-09-14T15:36:02.250Z,camera_0,1,1125.14,1125.14,0.00,147571.20,100.0,2000,null,null,30,854,480
2026-09-14T15:36:05.250Z,camera_0,1,0.00,0.00,0.00,147571.20,100.0,2000,null,null,30,854,480
2026-09-14T15:36:05.255Z,camera_1,1,0.00,0.00,0.00,147571.20,100.0,2000,null,null,30,854,480
2026-09-14T15:36:05.257Z,camera_0,1,330.83,330.83,0.00,147571.20,100.0,2000,null,null,30,854,480
2026-09-14T15:36:08.258Z,camera_0,1,184.99,0.00,184.99,147571.20,99.9,2000,null,null,30,854,480
2026-09-14T15:36:08.258Z,camera_1,1,0.00,0.00,0.00,147571.20,100.0,2000,null,null,30,854,480
2026-09-14T15:36:08.259Z,camera_0,1,295.94,110.95,184.99,147571.20,99.9,2000,null,null,30,854,480
2026-09-14T15:36:11.320Z,camera_0,1,145.39,0.00,145.39,147571.20,99.9,2000,null,null,30,854,480
2026-09-14T15:36:11.321Z,camera_1,1,0.00,0.00,0.00,147571.20,100.0,2000,null,null,30,854,480
2026-09-14T15:36:11.321Z,camera_0,1,585.13,439.74,145.39,147571.20,99.9,2000,null,null,30,854,480
2026-09-14T15:36:14.320Z,camera_0,1,187.50,0.00,187.50,147571.20,99.9,2000,null,null,30,854,480
2026-09-14T15:36:14.323Z,camera_1,1,0.00,0.00,0.00,147571.20,100.0,2000,null,null,30,854,480
2026-09-14T15:36:14.323Z,camera_0,1,754.11,566.61,187.50,147571.20,99.9,2000,null,null,30,854,480
2026-09-14T15:36:17.325Z,camera_0,1,325.87,0.00,325.87,147571.20,99.8,2000,null,null,30,854,480
2026-09-14T15:36:17.325Z,camera_1,1,0.00,0.00,0.00,147571.20,100.0,2000,null,null,30,854,480
2026-09-14T15:36:17.325Z,camera_0,1,1125.07,799.20,325.87,147571.20,99.8,2000,null,null,30,854,480
2026-09-14T15:36:20.327Z,camera_0,1,313.33,0.00,313.33,147571.20,99.8,2000,null,null,30,854,480
2026-09-14T15:36:20.327Z,camera_1,1,0.00,0.00,0.00,147571.20,100.0,2000,null,null,30,854,480
2026-09-14T15:36:20.327Z,camera_0,1,1250.87,937.54,313.33,147571.20,99.8,2000,null,null,30,854,480
2026-09-14T15:36:23.328Z,camera_0,1,303.31,0.00,303.31,147571.20,99.8,2000,null,null,30,854,480
2026-09-14T15:36:23.329Z,camera_0,1,1004.55,701.24,303.31,147571.20,99.8,2000,null,null,30,854,480
2026-09-14T15:36:23.329Z,camera_1,1,0.00,0.00,0.00,147571.20,100.0,2000,null,null,30,854,480
2026-09-14T15:36:26.405Z,camera_0,1,385.02,0.00,385.02,147571.20,99.7,2000,null,null,30,854,480
2026-09-14T15:36:26.406Z,camera_1,1,0.00,0.00,0.00,147571.20,100.0,2000,null,null,30,854,480
2026-09-14T15:36:26.406Z,camera_0,1,1201.36,816.34,385.02,147571.20,99.7,2000,null,null,30,854,480
2026-09-14T15:36:29.406Z,camera_0,1,291.27,0.00,291.27,147571.20,99.8,2000,null,null,30,854,480
2026-09-14T15:36:29.408Z,camera_1,1,0.00,0.00,0.00,147571.20,100.0,2000,null,null,30,854,480
2026-09-14T15:36:29.408Z,camera_0,1,981.35,690.08,291.27,147571.20,99.8,2000,null,null,30,854,480
2026-09-14T15:36:32.409Z,camera_0,1,111.80,0.00,111.80,147571.20,99.9,2000,null,null,30,854,480
2026-09-14T15:36:32.411Z,camera_0,1,456.07,344.28,111.80,147571.20,99.9,2000,null,null,30,854,480
2026-09-14T15:36:32.409Z,camera_1,1,0.00,0.00,0.00,147571.20,100.0,2000,null,null,30,854,480
2026-09-14T15:36:35.411Z,camera_0,1,102.27,0.00,102.27,147571.20,99.9,2000,null,null,30,854,480
2026-09-14T15:36:35.411Z,camera_1,1,0.00,0.00,0.00,147571.20,100.0,2000,null,null,30,854,480
2026-09-14T15:36:35.411Z,camera_0,1,442.36,340.09,102.27,147571.20,99.9,2000,null,null,30,854,480
2026-09-14T15:36:38.411Z,camera_0,1,181.98,0.00,181.98,147571.20,99.9,2000,null,null,30,854,480
2026-09-14T15:36:38.412Z,camera_1,1,0.00,0.00,0.00,147571.20,100.0,2000,null,null,30,854,480
2026-09-14T15:36:38.412Z,camera_0,1,637.02,455.04,181.98,147571.20,99.9,2000,null,null,30,854,480
2026-09-14T15:36:41.412Z,camera_0,1,30.08,0.00,30.08,147571.20,100.0,2000,null,null,30,854,480
2026-09-14T15:36:41.413Z,camera_1,1,0.00,0.00,0.00,147571.20,100.0,2000,null,null,30,854,480
2026-09-14T15:36:41.442Z,camera_0,1,144.31,114.23,30.08,147571.20,100.0,2000,null,null,30,854,480
2026-09-14T15:36:44.413Z,camera_0,1,255.68,0.00,255.68,147571.20,99.8,2000,null,null,30,854,480
2026-09-14T15:36:44.416Z,camera_1,1,0.00,0.00,0.00,147571.20,100.0,2000,null,null,30,854,480
2026-09-14T15:36:44.416Z,camera_0,1,700.03,444.35,255.68,147571.20,99.8,2000,null,null,30,854,480
2026-09-14T15:36:47.415Z,camera_0,1,383.52,0.00,383.52,147571.20,99.7,2000,null,null,30,854,480
2026-09-14T15:36:47.415Z,camera_1,1,0.00,0.00,0.00,147571.20,100.0,2000,null,null,30,854,480
2026-09-14T15:36:47.415Z,camera_0,1,1266.84,883.32,383.52,147571.20,99.7,2000,null,null,30,854,480
2026-09-14T15:36:50.412Z,camera_0,1,257.18,0.00,257.18,147571.20,99.8,2000,null,null,30,854,480
2026-09-14T15:36:50.413Z,camera_1,1,0.00,0.00,0.00,147571.20,100.0,2000,null,null,30,854,480
2026-09-14T15:36:50.413Z,camera_0,1,933.33,676.14,257.18,147571.20,99.8,2000,null,null,30,854,480
2026-09-14T15:36:53.418Z,camera_0,1,277.24,0.00,277.24,147571.20,99.8,2000,null,null,30,854,480
2026-09-14T15:36:53.418Z,camera_1,1,0.00,0.00,0.00,147571.20,100.0,2000,null,null,30,854,480
2026-09-14T15:36:53.418Z,camera_0,1,1074.22,796.98,277.24,147571.20,99.8,2000,null,null,30,854,480
2026-09-14T15:36:56.420Z,camera_0,1,420.12,0.00,420.12,147571.20,99.7,2000,null,null,30,854,480
2026-09-14T15:36:56.420Z,camera_1,1,0.00,0.00,0.00,147571.20,100.0,2000,null,null,30,854,480
2026-09-14T15:36:56.421Z,camera_0,1,1221.72,801.61,420.12,147571.20,99.7,2000,null,null,30,854,480
2026-09-14T15:36:59.434Z,camera_0,1,347.42,0.00,347.42,147571.20,99.8,2000,null,null,30,854,480
2026-09-14T15:36:59.435Z,camera_1,1,0.00,0.00,0.00,147571.20,100.0,2000,null,null,30,854,480
2026-09-14T15:36:59.436Z,camera_0,1,1242.95,895.53,347.42,147571.20,99.8,2000,null,null,30,854,480
2026-09-14T15:37:02.436Z,camera_0,1,192.51,0.00,192.51,147571.20,99.9,2000,null,null,30,854,480
2026-09-14T15:37:02.436Z,camera_1,1,0.00,0.00,0.00,147571.20,100.0,2000,null,null,30,854,480
2026-09-14T15:37:02.436Z,camera_0,1,642.19,449.68,192.51,147571.20,99.9,2000,null,null,30,854,480
2026-09-14T15:37:05.436Z,camera_0,1,185.99,0.00,185.99,147571.20,99.9,2000,null,null,30,854,480
2026-09-14T15:37:05.436Z,camera_1,1,0.00,0.00,0.00,147571.20,100.0,2000,null,null,30,854,480
2026-09-14T15:37:05.436Z,camera_0,1,642.34,456.34,185.99,147571.20,99.9,2000,null,null,30,854,480
2026-09-14T15:37:08.436Z,camera_0,1,231.62,0.00,231.62,147571.20,99.8,2000,null,null,30,854,480
2026-09-14T15:37:08.436Z,camera_1,1,0.00,0.00,0.00,147571.20,100.0,2000,null,null,30,854,480
2026-09-14T15:37:08.439Z,camera_0,1,797.56,565.94,231.62,147571.20,99.8,2000,null,null,30,854,480
2026-09-14T15:37:11.440Z,camera_0,1,297.29,0.00,297.29,147571.20,99.8,2000,null,null,30,854,480
2026-09-14T15:37:11.441Z,camera_1,1,0.00,0.00,0.00,147571.20,100.0,2000,null,null,30,854,480
2026-09-14T15:37:11.442Z,camera_0,1,1123.98,826.69,297.29,147571.20,99.8,2000,null,null,30,854,480
2026-09-14T15:37:14.437Z,camera_0,1,332.89,0.00,332.89,147571.20,99.8,2000,null,null,30,854,480
2026-09-14T15:37:14.437Z,camera_1,1,0.00,0.00,0.00,147571.20,100.0,2000,null,null,30,854,480
2026-09-14T15:37:14.442Z,camera_0,1,1049.41,716.52,332.89,147571.20,99.8,2000,null,null,30,854,480
2026-09-14T15:37:17.441Z,camera_0,1,230.11,0.00,230.11,147571.20,99.8,2000,null,null,30,854,480
2026-09-14T15:37:17.441Z,camera_1,1,0.00,0.00,0.00,147571.20,100.0,2000,null,null,30,854,480
2026-09-14T15:37:17.441Z,camera_0,1,830.94,600.83,230.11,147571.20,99.8,2000,null,null,30,854,480
2026-09-14T15:37:20.442Z,camera_0,1,272.73,0.00,272.73,147571.20,99.8,2000,null,null,30,854,480
2026-09-14T15:37:20.448Z,camera_1,1,0.00,0.00,0.00,147571.20,100.0,2000,null,null,30,854,480
2026-09-14T15:37:20.451Z,camera_0,1,728.09,455.36,272.73,147571.20,99.8,2000,null,null,30,854,480
2026-09-14T15:37:23.548Z,camera_0,1,311.83,0.00,311.83,147571.20,99.8,2000,null,null,30,854,480
2026-09-14T15:37:23.548Z,camera_1,1,0.00,0.00,0.00,147571.20,100.0,2000,null,null,30,854,480
2026-09-14T15:37:23.552Z,camera_0,1,990.31,678.48,311.83,147571.20,99.8,2000,null,null,30,854,480
2026-09-14T15:37:26.549Z,camera_0,1,222.59,0.00,222.59,147571.20,99.8,2000,null,null,30,854,480
2026-09-14T15:37:26.549Z,camera_1,1,0.00,0.00,0.00,147571.20,100.0,2000,null,null,30,854,480
2026-09-14T15:37:26.549Z,camera_0,1,337.11,114.52,222.59,147571.20,99.8,2000,null,null,30,854,480
2026-09-14T15:37:29.549Z,camera_0,1,148.39,0.00,148.39,147571.20,99.9,2000,null,null,30,854,480
2026-09-14T15:37:29.555Z,camera_1,1,0.00,0.00,0.00,147571.20,100.0,2000,null,null,30,854,480
2026-09-14T15:37:29.558Z,camera_0,1,148.39,0.00,148.39,147571.20,99.9,2000,null,null,30,854,480
2026-09-14T15:37:32.570Z,camera_0,1,0.00,0.00,0.00,746496.00,100.0,2000,null,null,10,1920,1080
2026-09-14T15:37:32.570Z,camera_1,1,0.00,0.00,0.00,746496.00,100.0,2000,null,null,10,1920,1080
2026-09-14T15:37:32.571Z,camera_0,1,907.82,907.82,0.00,746496.00,100.0,2000,null,null,10,1920,1080
2026-09-14T15:37:35.578Z,camera_0,1,0.00,0.00,0.00,746496.00,100.0,2000,null,null,10,1920,1080
2026-09-14T15:37:35.578Z,camera_1,1,0.00,0.00,0.00,746496.00,100.0,2000,null,null,10,1920,1080
2026-09-14T15:37:35.582Z,camera_0,1,1477.81,1477.81,0.00,746496.00,100.0,2000,null,null,10,1920,1080
2026-09-14T15:37:38.578Z,camera_0,1,0.00,0.00,0.00,746496.00,100.0,2000,null,null,10,1920,1080
2026-09-14T15:37:38.578Z,camera_1,1,0.00,0.00,0.00,746496.00,100.0,2000,null,null,10,1920,1080
2026-09-14T15:37:38.578Z,camera_0,1,1083.90,1083.90,0.00,746496.00,100.0,2000,null,null,10,1920,1080
2026-09-14T15:37:41.579Z,camera_0,1,0.00,0.00,0.00,746496.00,100.0,2000,null,null,10,1920,1080
2026-09-14T15:37:41.579Z,camera_1,1,0.00,0.00,0.00,746496.00,100.0,2000,null,null,10,1920,1080
2026-09-14T15:37:41.580Z,camera_0,1,0.00,0.00,0.00,746496.00,100.0,2000,null,null,10,1920,1080
2026-09-14T15:37:44.580Z,camera_0,1,148.39,0.00,148.39,746496.00,100.0,2000,null,null,10,1920,1080
2026-09-14T15:37:44.581Z,camera_1,1,0.00,0.00,0.00,746496.00,100.0,2000,null,null,10,1920,1080
2026-09-14T15:37:44.581Z,camera_0,1,547.12,398.73,148.39,746496.00,100.0,2000,null,null,10,1920,1080
2026-09-14T15:37:47.586Z,camera_0,1,10.53,0.00,10.53,746496.00,100.0,2000,null,null,10,1920,1080
2026-09-14T15:37:47.586Z,camera_1,1,0.00,0.00,0.00,746496.00,100.0,2000,null,null,10,1920,1080
2026-09-14T15:37:47.587Z,camera_0,1,142.40,131.87,10.53,746496.00,100.0,2000,null,null,10,1920,1080
2026-09-14T15:37:50.587Z,camera_0,1,249.66,0.00,249.66,746496.00,100.0,2000,null,null,10,1920,1080
2026-09-14T15:37:50.587Z,camera_1,1,0.00,0.00,0.00,746496.00,100.0,2000,null,null,10,1920,1080
2026-09-14T15:37:50.588Z,camera_0,1,780.13,530.47,249.66,746496.00,100.0,2000,null,null,10,1920,1080
2026-09-14T15:37:53.590Z,camera_0,1,45.12,0.00,45.12,746496.00,100.0,2000,null,null,10,1920,1080
2026-09-14T15:37:53.590Z,camera_1,1,0.00,0.00,0.00,746496.00,100.0,2000,null,null,10,1920,1080
2026-09-14T15:37:53.590Z,camera_0,1,310.59,265.47,45.12,746496.00,100.0,2000,null,null,10,1920,1080
2026-09-14T15:37:56.590Z,camera_0,1,221.09,0.00,221.09,746496.00,100.0,2000,null,null,10,1920,1080
2026-09-14T15:37:56.590Z,camera_1,1,0.00,0.00,0.00,746496.00,100.0,2000,null,null,10,1920,1080
2026-09-14T15:37:56.592Z,camera_0,1,747.97,526.88,221.09,746496.00,100.0,2000,null,null,10,1920,1080
2026-09-14T15:37:59.592Z,camera_0,1,36.60,0.00,36.60,746496.00,100.0,2000,null,null,10,1920,1080
2026-09-14T15:37:59.593Z,camera_1,1,0.00,0.00,0.00,746496.00,100.0,2000,null,null,10,1920,1080
2026-09-14T15:37:59.593Z,camera_0,1,298.08,261.48,36.60,746496.00,100.0,2000,null,null,10,1920,1080
2026-09-14T15:38:02.593Z,camera_0,1,199.53,0.00,199.53,746496.00,100.0,2000,null,null,10,1920,1080
2026-09-14T15:38:02.593Z,camera_1,1,0.00,0.00,0.00,746496.00,100.0,2000,null,null,10,1920,1080
2026-09-14T15:38:02.593Z,camera_0,1,861.96,662.43,199.53,746496.00,100.0,2000,null,null,10,1920,1080
2026-09-14T15:38:05.592Z,camera_0,1,132.35,0.00,132.35,746496.00,100.0,2000,null,null,10,1920,1080
2026-09-14T15:38:05.593Z,camera_0,1,666.34,533.99,132.35,746496.00,100.0,2000,null,null,10,1920,1080
2026-09-14T15:38:05.593Z,camera_1,1,0.00,0.00,0.00,746496.00,100.0,2000,null,null,10,1920,1080
2026-09-14T15:38:08.593Z,camera_0,1,241.14,0.00,241.14,746496.00,100.0,2000,null,null,10,1920,1080
2026-09-14T15:38:08.593Z,camera_1,1,0.00,0.00,0.00,746496.00,100.0,2000,null,null,10,1920,1080
2026-09-14T15:38:08.593Z,camera_0,1,1083.49,842.35,241.14,746496.00,100.0,2000,null,null,10,1920,1080
2026-09-14T15:38:11.593Z,camera_0,1,169.95,0.00,169.95,746496.00,100.0,2000,null,null,10,1920,1080
2026-09-14T15:38:11.593Z,camera_1,1,0.00,0.00,0.00,746496.00,100.0,2000,null,null,10,1920,1080
2026-09-14T15:38:11.593Z,camera_0,1,714.17,544.21,169.95,746496.00,100.0,2000,null,null,10,1920,1080
2026-09-14T15:38:14.594Z,camera_0,1,254.18,0.00,254.18,746496.00,100.0,2000,null,null,10,1920,1080
2026-09-14T15:38:14.597Z,camera_1,1,0.00,0.00,0.00,746496.00,100.0,2000,null,null,10,1920,1080
2026-09-14T15:38:14.597Z,camera_0,1,895.77,641.59,254.18,746496.00,100.0,2000,null,null,10,1920,1080
2026-09-14T15:38:17.598Z,camera_0,1,218.08,0.00,218.08,746496.00,100.0,2000,null,null,10,1920,1080
2026-09-14T15:38:17.598Z,camera_1,1,0.00,0.00,0.00,746496.00,100.0,2000,null,null,10,1920,1080
2026-09-14T15:38:17.599Z,camera_0,1,846.41,628.33,218.08,746496.00,100.0,2000,null,null,10,1920,1080
2026-09-14T15:38:20.600Z,camera_0,1,224.10,0.00,224.10,746496.00,100.0,2000,null,null,10,1920,1080
2026-09-14T15:38:20.600Z,camera_1,1,0.00,0.00,0.00,746496.00,100.0,2000,null,null,10,1920,1080
2026-09-14T15:38:20.601Z,camera_0,1,591.54,367.44,224.10,746496.00,100.0,2000,null,null,10,1920,1080
2026-09-14T15:38:23.600Z,camera_0,1,222.59,0.00,222.59,746496.00,100.0,2000,null,null,10,1920,1080
2026-09-14T15:38:23.600Z,camera_1,1,0.00,0.00,0.00,746496.00,100.0,2000,null,null,10,1920,1080
2026-09-14T15:38:23.601Z,camera_0,1,838.45,615.85,222.59,746496.00,100.0,2000,null,null,10,1920,1080
2026-09-14T15:38:26.601Z,camera_0,1,148.90,0.00,148.90,746496.00,100.0,2000,null,null,10,1920,1080
2026-09-14T15:38:26.603Z,camera_1,1,0.00,0.00,0.00,746496.00,100.0,2000,null,null,10,1920,1080
2026-09-14T15:38:26.604Z,camera_0,1,781.35,632.45,148.90,746496.00,100.0,2000,null,null,10,1920,1080
2026-09-14T15:38:29.601Z,camera_0,1,282.75,0.00,282.75,746496.00,100.0,2000,null,null,10,1920,1080
2026-09-14T15:38:29.601Z,camera_1,1,0.00,0.00,0.00,746496.00,100.0,2000,null,null,10,1920,1080
2026-09-14T15:38:29.601Z,camera_0,1,730.61,447.86,282.75,746496.00,100.0,2000,null,null,10,1920,1080
2026-09-14T15:38:32.622Z,camera_0,1,315.84,0.00,315.84,746496.00,100.0,2000,null,null,10,1920,1080
2026-09-14T15:38:32.625Z,camera_1,1,0.00,0.00,0.00,746496.00,100.0,2000,null,null,10,1920,1080
2026-09-14T15:38:32.625Z,camera_0,1,898.00,582.16,315.84,746496.00,100.0,2000,null,null,10,1920,1080
2026-09-14T15:38:35.624Z,camera_0,1,229.11,0.00,229.11,746496.00,100.0,2000,null,null,10,1920,1080
2026-09-14T15:38:35.624Z,camera_1,1,0.00,0.00,0.00,746496.00,100.0,2000,null,null,10,1920,1080
2026-09-14T15:38:35.627Z,camera_0,1,835.33,606.22,229.11,746496.00,100.0,2000,null,null,10,1920,1080
2026-09-14T15:38:38.623Z,camera_0,1,74.20,0.00,74.20,746496.00,100.0,2000,null,null,10,1920,1080
2026-09-14T15:38:38.623Z,camera_0,1,440.26,366.06,74.20,746496.00,100.0,2000,null,null,10,1920,1080
2026-09-14T15:38:38.623Z,camera_1,1,0.00,0.00,0.00,746496.00,100.0,2000,null,null,10,1920,1080
2026-09-14T15:38:41.625Z,camera_0,1,300.80,0.00,300.80,746496.00,100.0,2000,null,null,10,1920,1080
2026-09-14T15:38:41.625Z,camera_1,1,0.00,0.00,0.00,746496.00,100.0,2000,null,null,10,1920,1080
2026-09-14T15:38:41.626Z,camera_0,1,1039.22,738.42,300.80,746496.00,100.0,2000,null,null,10,1920,1080
2026-09-14T15:38:44.626Z,camera_0,1,172.96,0.00,172.96,746496.00,100.0,2000,null,null,10,1920,1080
2026-09-14T15:38:44.627Z,camera_1,1,0.00,0.00,0.00,746496.00,100.0,2000,null,null,10,1920,1080
2026-09-14T15:38:44.627Z,camera_0,1,652.69,479.73,172.96,746496.00,100.0,2000,null,null,10,1920,1080
2026-09-14T15:38:47.629Z,camera_0,1,213.57,0.00,213.57,746496.00,100.0,2000,null,null,10,1920,1080
2026-09-14T15:38:47.629Z,camera_1,1,0.00,0.00,0.00,746496.00,100.0,2000,null,null,10,1920,1080
2026-09-14T15:38:47.629Z,camera_0,1,806.84,593.27,213.57,746496.00,100.0,2000,null,null,10,1920,1080
2026-09-14T15:38:50.631Z,camera_0,1,199.03,0.00,199.03,746496.00,100.0,2000,null,null,10,1920,1080
2026-09-14T15:38:50.631Z,camera_1,1,0.00,0.00,0.00,746496.00,100.0,2000,null,null,10,1920,1080
2026-09-14T15:38:50.631Z,camera_0,1,668.67,469.64,199.03,746496.00,100.0,2000,null,null,10,1920,1080
2026-09-14T15:38:53.631Z,camera_0,1,247.16,0.00,247.16,746496.00,100.0,2000,null,null,10,1920,1080
2026-09-14T15:38:53.632Z,camera_1,1,0.00,0.00,0.00,746496.00,100.0,2000,null,null,10,1920,1080
2026-09-14T15:38:53.634Z,camera_0,1,853.94,606.78,247.16,746496.00,100.0,2000,null,null,10,1920,1080
2026-09-14T15:38:56.639Z,camera_0,1,186.50,0.00,186.50,746496.00,100.0,2000,null,null,10,1920,1080
2026-09-14T15:38:56.639Z,camera_1,1,0.00,0.00,0.00,746496.00,100.0,2000,null,null,10,1920,1080
2026-09-14T15:38:56.639Z,camera_0,1,803.20,616.70,186.50,746496.00,100.0,2000,null,null,10,1920,1080
2026-09-14T15:38:59.641Z,camera_0,1,217.08,0.00,217.08,746496.00,100.0,2000,null,null,10,1920,1080
2026-09-14T15:38:59.645Z,camera_1,1,0.00,0.00,0.00,746496.00,100.0,2000,null,null,10,1920,1080
2026-09-14T15:38:59.645Z,camera_0,1,693.85,476.78,217.08,746496.00,100.0,2000,null,null,10,1920,1080
2026-09-14T15:39:02.642Z,camera_0,1,196.52,0.00,196.52,746496.00,100.0,2000,null,null,10,1920,1080
2026-09-14T15:39:02.642Z,camera_1,1,0.00,0.00,0.00,746496.00,100.0,2000,null,null,10,1920,1080
2026-09-14T15:39:02.643Z,camera_0,1,910.84,714.32,196.52,746496.00,100.0,2000,null,null,10,1920,1080
2026-09-14T15:39:05.644Z,camera_0,1,189.00,0.00,189.00,746496.00,100.0,2000,null,null,10,1920,1080
2026-09-14T15:39:05.647Z,camera_1,1,0.00,0.00,0.00,746496.00,100.0,2000,null,null,10,1920,1080
2026-09-14T15:39:05.647Z,camera_0,1,541.41,352.41,189.00,746496.00,100.0,2000,null,null,10,1920,1080
2026-09-14T15:39:08.646Z,camera_0,1,205.55,0.00,205.55,746496.00,100.0,2000,null,null,10,1920,1080
2026-09-14T15:39:08.646Z,camera_1,1,0.00,0.00,0.00,746496.00,100.0,2000,null,null,10,1920,1080
2026-09-14T15:39:08.646Z,camera_0,1,910.77,705.22,205.55,746496.00,100.0,2000,null,null,10,1920,1080
2026-09-14T15:39:11.675Z,camera_0,1,184.99,0.00,184.99,746496.00,100.0,2000,null,null,10,1920,1080
2026-09-14T15:39:11.675Z,camera_1,1,0.00,0.00,0.00,746496.00,100.0,2000,null,null,10,1920,1080
2026-09-14T15:39:11.675Z,camera_0,1,535.89,350.90,184.99,746496.00,100.0,2000,null,null,10,1920,1080
2026-09-14T15:39:14.673Z,camera_0,1,278.74,0.00,278.74,746496.00,100.0,2000,null,null,10,1920,1080
2026-09-14T15:39:14.673Z,camera_1,1,0.00,0.00,0.00,746496.00,100.0,2000,null,null,10,1920,1080
2026-09-14T15:39:14.673Z,camera_0,1,1220.58,941.84,278.74,746496.00,100.0,2000,null,null,10,1920,1080
2026-09-14T15:39:17.674Z,camera_0,1,194.52,0.00,194.52,746496.00,100.0,2000,null,null,10,1920,1080
2026-09-14T15:39:17.674Z,camera_1,1,0.00,0.00,0.00,746496.00,100.0,2000,null,null,10,1920,1080
2026-09-14T15:39:17.674Z,camera_0,1,546.31,351.79,194.52,746496.00,100.0,2000,null,null,10,1920,1080
2026-09-14T15:39:20.674Z,camera_0,1,220.59,0.00,220.59,746496.00,100.0,2000,null,null,10,1920,1080
2026-09-14T15:39:20.674Z,camera_1,1,0.00,0.00,0.00,746496.00,100.0,2000,null,null,10,1920,1080
2026-09-14T15:39:20.677Z,camera_0,1,924.75,704.16,220.59,746496.00,100.0,2000,null,null,10,1920,1080
2026-09-14T15:39:23.676Z,camera_0,1,58.66,0.00,58.66,746496.00,100.0,2000,null,null,10,1920,1080
2026-09-14T15:39:23.676Z,camera_1,1,0.00,0.00,0.00,746496.00,100.0,2000,null,null,10,1920,1080
2026-09-14T15:39:23.679Z,camera_0,1,297.08,238.43,58.66,746496.00,100.0,2000,null,null,10,1920,1080
2026-09-14T15:39:26.676Z,camera_0,1,249.66,0.00,249.66,746496.00,100.0,2000,null,null,10,1920,1080
2026-09-14T15:39:26.677Z,camera_1,1,0.00,0.00,0.00,746496.00,100.0,2000,null,null,10,1920,1080
2026-09-14T15:39:26.677Z,camera_0,1,854.87,605.21,249.66,746496.00,100.0,2000,null,null,10,1920,1080
2026-09-14T15:39:29.677Z,camera_0,1,161.43,0.00,161.43,746496.00,100.0,2000,null,null,10,1920,1080
2026-09-14T15:39:29.677Z,camera_1,1,0.00,0.00,0.00,746496.00,100.0,2000,null,null,10,1920,1080
2026-09-14T15:39:29.677Z,camera_0,1,645.62,484.19,161.43,746496.00,100.0,2000,null,null,10,1920,1080
2026-09-14T15:39:32.679Z,camera_0,1,228.61,0.00,228.61,746496.00,100.0,2000,null,null,10,1920,1080
2026-09-14T15:39:32.684Z,camera_1,1,0.00,0.00,0.00,746496.00,100.0,2000,null,null,10,1920,1080
2026-09-14T15:39:32.685Z,camera_0,1,721.78,493.17,228.61,746496.00,100.0,2000,null,null,10,1920,1080
2026-09-14T15:39:35.679Z,camera_0,1,208.55,0.00,208.55,746496.00,100.0,2000,null,null,10,1920,1080
2026-09-14T15:39:35.679Z,camera_1,1,0.00,0.00,0.00,746496.00,100.0,2000,null,null,10,1920,1080
2026-09-14T15:39:35.679Z,camera_0,1,948.26,739.71,208.55,746496.00,100.0,2000,null,null,10,1920,1080
2026-09-14T15:39:38.679Z,camera_0,1,227.10,0.00,227.10,746496.00,100.0,2000,null,null,10,1920,1080
2026-09-14T15:39:38.679Z,camera_1,1,0.00,0.00,0.00,746496.00,100.0,2000,null,null,10,1920,1080
2026-09-14T15:39:38.679Z,camera_0,1,708.16,481.05,227.10,746496.00,100.0,2000,null,null,10,1920,1080
2026-09-14T15:39:41.680Z,camera_0,1,223.09,0.00,223.09,746496.00,100.0,2000,null,null,10,1920,1080
2026-09-14T15:39:41.681Z,camera_1,1,0.00,0.00,0.00,746496.00,100.0,2000,null,null,10,1920,1080
2026-09-14T15:39:41.681Z,camera_0,1,944.49,721.40,223.09,746496.00,100.0,2000,null,null,10,1920,1080
2026-09-14T15:39:44.681Z,camera_0,1,204.04,0.00,204.04,746496.00,100.0,2000,null,null,10,1920,1080
2026-09-14T15:39:44.682Z,camera_1,1,0.00,0.00,0.00,746496.00,100.0,2000,null,null,10,1920,1080
2026-09-14T15:39:44.683Z,camera_0,1,204.04,0.00,204.04,746496.00,100.0,2000,null,null,10,1920,1080
2026-09-14T15:39:47.683Z,camera_0,1,58.15,0.00,58.15,147571.20,100.0,2000,null,null,30,854,480
2026-09-14T15:39:47.683Z,camera_1,1,0.00,0.00,0.00,147571.20,100.0,2000,null,null,30,854,480
2026-09-14T15:39:47.683Z,camera_0,1,1601.19,1543.03,58.15,147571.20,100.0,2000,null,null,30,854,480
2026-09-14T15:39:50.685Z,camera_0,1,0.00,0.00,0.00,147571.20,100.0,2000,null,null,30,854,480
2026-09-14T15:39:50.686Z,camera_1,1,0.00,0.00,0.00,147571.20,100.0,2000,null,null,30,854,480
2026-09-14T15:39:50.687Z,camera_0,1,1380.77,1380.77,0.00,147571.20,100.0,2000,null,null,30,854,480
2026-09-14T15:39:53.689Z,camera_0,1,239.14,0.00,239.14,147571.20,99.8,2000,null,null,30,854,480
2026-09-14T15:39:53.689Z,camera_1,1,0.00,0.00,0.00,147571.20,100.0,2000,null,null,30,854,480
2026-09-14T15:39:53.701Z,camera_0,1,456.57,217.43,239.14,147571.20,99.8,2000,null,null,30,854,480
2026-09-14T15:39:56.697Z,camera_0,1,144.38,0.00,144.38,147571.20,99.9,2000,null,null,30,854,480
2026-09-14T15:39:56.699Z,camera_1,1,0.00,0.00,0.00,147571.20,100.0,2000,null,null,30,854,480
2026-09-14T15:39:56.700Z,camera_0,1,476.96,332.57,144.38,147571.20,99.9,2000,null,null,30,854,480
2026-09-14T15:39:59.698Z,camera_0,1,166.44,0.00,166.44,147571.20,99.9,2000,null,null,30,854,480
2026-09-14T15:39:59.699Z,camera_1,1,0.00,0.00,0.00,147571.20,100.0,2000,null,null,30,854,480
2026-09-14T15:39:59.699Z,camera_0,1,742.27,575.83,166.44,147571.20,99.9,2000,null,null,30,854,480
2026-09-14T15:40:02.702Z,camera_0,1,160.43,0.00,160.43,147571.20,99.9,2000,null,null,30,854,480
2026-09-14T15:40:02.702Z,camera_1,1,0.00,0.00,0.00,147571.20,100.0,2000,null,null,30,854,480
2026-09-14T15:40:02.703Z,camera_0,1,620.61,460.18,160.43,147571.20,99.9,2000,null,null,30,854,480
2026-09-14T15:40:05.737Z,camera_0,1,128.84,0.00,128.84,147571.20,99.9,2000,null,null,30,854,480
2026-09-14T15:40:05.738Z,camera_1,1,0.00,0.00,0.00,147571.20,100.0,2000,null,null,30,854,480
2026-09-14T15:40:05.738Z,camera_0,1,467.30,338.46,128.84,147571.20,99.9,2000,null,null,30,854,480
2026-09-14T15:40:08.741Z,camera_0,1,118.31,0.00,118.31,147571.20,99.9,2000,null,null,30,854,480
2026-09-14T15:40:08.741Z,camera_1,1,0.00,0.00,0.00,147571.20,100.0,2000,null,null,30,854,480
2026-09-14T15:40:08.742Z,camera_0,1,572.58,454.26,118.31,147571.20,99.9,2000,null,null,30,854,480
2026-09-14T15:40:11.743Z,camera_0,1,183.49,0.00,183.49,147571.20,99.9,2000,null,null,30,854,480
2026-09-14T15:40:11.744Z,camera_1,1,0.00,0.00,0.00,147571.20,100.0,2000,null,null,30,854,480
2026-09-14T15:40:11.744Z,camera_0,1,521.76,338.27,183.49,147571.20,99.9,2000,null,null,30,854,480
2026-09-14T15:40:14.744Z,camera_0,1,267.71,0.00,267.71,147571.20,99.8,2000,null,null,30,854,480
2026-09-14T15:40:14.744Z,camera_1,1,0.00,0.00,0.00,147571.20,100.0,2000,null,null,30,854,480
2026-09-14T15:40:14.744Z,camera_0,1,267.71,0.00,267.71,147571.20,99.8,2000,null,null,30,854,480
2026-09-14T15:40:17.802Z,camera_0,1,0.00,0.00,0.00,746496.00,100.0,2000,null,null,10,1920,1080
2026-09-14T15:40:17.803Z,camera_1,1,0.00,0.00,0.00,746496.00,100.0,2000,null,null,10,1920,1080
2026-09-14T15:40:17.805Z,camera_0,1,483.31,483.31,0.00,746496.00,100.0,2000,null,null,10,1920,1080
2026-09-14T15:40:20.803Z,camera_0,1,0.00,0.00,0.00,746496.00,100.0,2000,null,null,10,1920,1080
2026-09-14T15:40:20.803Z,camera_1,1,0.00,0.00,0.00,746496.00,100.0,2000,null,null,10,1920,1080
2026-09-14T15:40:20.806Z,camera_0,1,778.79,778.79,0.00,746496.00,100.0,2000,null,null,10,1920,1080
2026-09-14T15:40:23.805Z,camera_0,1,0.00,0.00,0.00,746496.00,100.0,2000,null,null,10,1920,1080
2026-09-14T15:40:23.805Z,camera_1,1,0.00,0.00,0.00,746496.00,100.0,2000,null,null,10,1920,1080
2026-09-14T15:40:23.805Z,camera_0,1,1192.49,1192.49,0.00,746496.00,100.0,2000,null,null,10,1920,1080
2026-09-14T15:40:26.806Z,camera_0,1,0.00,0.00,0.00,746496.00,100.0,2000,null,null,10,1920,1080
2026-09-14T15:40:26.808Z,camera_1,1,0.00,0.00,0.00,746496.00,100.0,2000,null,null,10,1920,1080
2026-09-14T15:40:26.808Z,camera_0,1,352.48,352.48,0.00,746496.00,100.0,2000,null,null,10,1920,1080
2026-09-14T15:40:29.806Z,camera_0,1,0.00,0.00,0.00,746496.00,100.0,2000,null,null,10,1920,1080
2026-09-14T15:40:29.806Z,camera_1,1,0.00,0.00,0.00,746496.00,100.0,2000,null,null,10,1920,1080
2026-09-14T15:40:29.806Z,camera_0,1,361.13,361.13,0.00,746496.00,100.0,2000,null,null,10,1920,1080
2026-09-14T15:40:32.809Z,camera_0,1,152.91,0.00,152.91,746496.00,100.0,2000,null,null,10,1920,1080
2026-09-14T15:40:32.809Z,camera_1,1,0.00,0.00,0.00,746496.00,100.0,2000,null,null,10,1920,1080
2026-09-14T15:40:32.809Z,camera_0,1,630.39,477.49,152.91,746496.00,100.0,2000,null,null,10,1920,1080
2026-09-14T15:40:35.813Z,camera_0,1,28.58,0.00,28.58,746496.00,100.0,2000,null,null,10,1920,1080
2026-09-14T15:40:35.814Z,camera_1,1,0.00,0.00,0.00,746496.00,100.0,2000,null,null,10,1920,1080
2026-09-14T15:40:35.814Z,camera_0,1,262.48,233.90,28.58,746496.00,100.0,2000,null,null,10,1920,1080
2026-09-14T15:40:38.811Z,camera_0,1,176.97,0.00,176.97,746496.00,100.0,2000,null,null,10,1920,1080
2026-09-14T15:40:38.812Z,camera_1,1,0.00,0.00,0.00,746496.00,100.0,2000,null,null,10,1920,1080
2026-09-14T15:40:38.812Z,camera_0,1,745.88,568.91,176.97,746496.00,100.0,2000,null,null,10,1920,1080
2026-09-14T15:40:41.814Z,camera_0,1,61.16,0.00,61.16,746496.00,100.0,2000,null,null,10,1920,1080
2026-09-14T15:40:41.814Z,camera_1,1,0.00,0.00,0.00,746496.00,100.0,2000,null,null,10,1920,1080
2026-09-14T15:40:41.814Z,camera_0,1,432.14,370.98,61.16,746496.00,100.0,2000,null,null,10,1920,1080
2026-09-14T15:40:44.813Z,camera_0,1,48.13,0.00,48.13,746496.00,100.0,2000,null,null,10,1920,1080
2026-09-14T15:40:44.814Z,camera_1,1,0.00,0.00,0.00,746496.00,100.0,2000,null,null,10,1920,1080
2026-09-14T15:40:44.814Z,camera_0,1,291.57,243.44,48.13,746496.00,100.0,2000,null,null,10,1920,1080
2026-09-14T15:40:47.814Z,camera_0,1,216.58,0.00,216.58,746496.00,100.0,2000,null,null,10,1920,1080
2026-09-14T15:40:47.814Z,camera_1,1,0.00,0.00,0.00,746496.00,100.0,2000,null,null,10,1920,1080
2026-09-14T15:40:47.816Z,camera_0,1,948.28,731.71,216.58,746496.00,100.0,2000,null,null,10,1920,1080
2026-09-14T15:40:50.815Z,camera_0,1,85.23,0.00,85.23,746496.00,100.0,2000,null,null,10,1920,1080
2026-09-14T15:40:50.816Z,camera_1,1,0.00,0.00,0.00,746496.00,100.0,2000,null,null,10,1920,1080
2026-09-14T15:40:50.816Z,camera_0,1,577.45,492.22,85.23,746496.00,100.0,2000,null,null,10,1920,1080
2026-09-14T15:40:53.816Z,camera_0,1,144.89,0.00,144.89,746496.00,100.0,2000,null,null,10,1920,1080
2026-09-14T15:40:53.820Z,camera_1,1,0.00,0.00,0.00,746496.00,100.0,2000,null,null,10,1920,1080
2026-09-14T15:40:53.820Z,camera_0,1,607.75,462.86,144.89,746496.00,100.0,2000,null,null,10,1920,1080
2026-09-14T15:40:56.821Z,camera_0,1,169.45,0.00,169.45,746496.00,100.0,2000,null,null,10,1920,1080
2026-09-14T15:40:56.821Z,camera_1,1,0.00,0.00,0.00,746496.00,100.0,2000,null,null,10,1920,1080
2026-09-14T15:40:56.822Z,camera_0,1,782.10,612.65,169.45,746496.00,100.0,2000,null,null,10,1920,1080
2026-09-14T15:40:59.822Z,camera_0,1,170.45,0.00,170.45,746496.00,100.0,2000,null,null,10,1920,1080
2026-09-14T15:40:59.822Z,camera_1,1,0.00,0.00,0.00,746496.00,100.0,2000,null,null,10,1920,1080
2026-09-14T15:40:59.823Z,camera_0,1,540.47,370.02,170.45,746496.00,100.0,2000,null,null,10,1920,1080
2026-09-14T15:41:02.824Z,camera_0,1,202.04,0.00,202.04,746496.00,100.0,2000,null,null,10,1920,1080
2026-09-14T15:41:02.824Z,camera_1,1,0.00,0.00,0.00,746496.00,100.0,2000,null,null,10,1920,1080
2026-09-14T15:41:02.824Z,camera_0,1,833.41,631.38,202.04,746496.00,100.0,2000,null,null,10,1920,1080
2026-09-14T15:41:05.825Z,camera_0,1,64.17,0.00,64.17,746496.00,100.0,2000,null,null,10,1920,1080
2026-09-14T15:41:05.825Z,camera_1,1,0.00,0.00,0.00,746496.00,100.0,2000,null,null,10,1920,1080
2026-09-14T15:41:05.825Z,camera_0,1,304.93,240.76,64.17,746496.00,100.0,2000,null,null,10,1920,1080
2026-09-14T15:41:08.935Z,camera_0,1,186.50,0.00,186.50,746496.00,100.0,2000,null,null,10,1920,1080
2026-09-14T15:41:08.943Z,camera_1,1,0.00,0.00,0.00,746496.00,100.0,2000,null,null,10,1920,1080
2026-09-14T15:41:08.943Z,camera_0,1,552.44,365.94,186.50,746496.00,100.0,2000,null,null,10,1920,1080
2026-09-14T15:41:11.965Z,camera_0,1,185.99,0.00,185.99,746496.00,100.0,2000,null,null,10,1920,1080
2026-09-14T15:41:11.966Z,camera_1,1,0.00,0.00,0.00,746496.00,100.0,2000,null,null,10,1920,1080
2026-09-14T15:41:11.966Z,camera_0,1,694.01,508.01,185.99,746496.00,100.0,2000,null,null,10,1920,1080
2026-09-14T15:41:14.967Z,camera_0,1,125.83,0.00,125.83,746496.00,100.0,2000,null,null,10,1920,1080
2026-09-14T15:41:14.968Z,camera_1,1,0.00,0.00,0.00,746496.00,100.0,2000,null,null,10,1920,1080
2026-09-14T15:41:14.968Z,camera_0,1,504.55,378.71,125.83,746496.00,100.0,2000,null,null,10,1920,1080
2026-09-14T15:41:17.968Z,camera_0,1,322.86,0.00,322.86,746496.00,100.0,2000,null,null,10,1920,1080
2026-09-14T15:41:17.968Z,camera_1,1,0.00,0.00,0.00,746496.00,100.0,2000,null,null,10,1920,1080
2026-09-14T15:41:17.970Z,camera_0,1,849.20,526.34,322.86,746496.00,100.0,2000,null,null,10,1920,1080
2026-09-14T15:41:20.970Z,camera_0,1,216.58,0.00,216.58,746496.00,100.0,2000,null,null,10,1920,1080
2026-09-14T15:41:20.971Z,camera_1,1,0.00,0.00,0.00,746496.00,100.0,2000,null,null,10,1920,1080
2026-09-14T15:41:20.972Z,camera_0,1,605.58,389.00,216.58,746496.00,100.0,2000,null,null,10,1920,1080
2026-09-14T15:41:24.082Z,camera_0,1,199.03,0.00,199.03,746496.00,100.0,2000,null,null,10,1920,1080
2026-09-14T15:41:24.082Z,camera_1,1,0.00,0.00,0.00,746496.00,100.0,2000,null,null,10,1920,1080
2026-09-14T15:41:24.089Z,camera_0,1,701.06,502.03,199.03,746496.00,100.0,2000,null,null,10,1920,1080
2026-09-14T15:41:27.085Z,camera_0,1,202.04,0.00,202.04,746496.00,100.0,2000,null,null,10,1920,1080
2026-09-14T15:41:27.085Z,camera_1,1,0.00,0.00,0.00,746496.00,100.0,2000,null,null,10,1920,1080
2026-09-14T15:41:27.086Z,camera_0,1,447.71,245.67,202.04,746496.00,100.0,2000,null,null,10,1920,1080
2026-09-14T15:41:30.086Z,camera_0,1,231.11,0.00,231.11,746496.00,100.0,2000,null,null,10,1920,1080
2026-09-14T15:41:30.086Z,camera_1,1,0.00,0.00,0.00,746496.00,100.0,2000,null,null,10,1920,1080
2026-09-14T15:41:30.086Z,camera_0,1,743.72,512.60,231.11,746496.00,100.0,2000,null,null,10,1920,1080
2026-09-14T15:41:33.087Z,camera_0,1,133.86,0.00,133.86,746496.00,100.0,2000,null,null,10,1920,1080
2026-09-14T15:41:33.087Z,camera_1,1,0.00,0.00,0.00,746496.00,100.0,2000,null,null,10,1920,1080
2026-09-14T15:41:33.106Z,camera_0,1,506.94,373.09,133.86,746496.00,100.0,2000,null,null,10,1920,1080
2026-09-14T15:41:36.091Z,camera_0,1,273.23,0.00,273.23,746496.00,100.0,2000,null,null,10,1920,1080
2026-09-14T15:41:36.091Z,camera_1,1,0.00,0.00,0.00,746496.00,100.0,2000,null,null,10,1920,1080
2026-09-14T15:41:36.091Z,camera_0,1,650.56,377.34,273.23,746496.00,100.0,2000,null,null,10,1920,1080
2026-09-14T15:41:39.092Z,camera_1,1,0.00,0.00,0.00,746496.00,100.0,2000,null,null,10,1920,1080
2026-09-14T15:41:39.091Z,camera_0,1,236.13,0.00,236.13,746496.00,100.0,2000,null,null,10,1920,1080
2026-09-14T15:41:39.092Z,camera_0,1,861.87,625.74,236.13,746496.00,100.0,2000,null,null,10,1920,1080
2026-09-14T15:41:42.093Z,camera_0,1,108.29,0.00,108.29,746496.00,100.0,2000,null,null,10,1920,1080
2026-09-14T15:41:42.093Z,camera_1,1,0.00,0.00,0.00,746496.00,100.0,2000,null,null,10,1920,1080
2026-09-14T15:41:42.094Z,camera_0,1,491.49,383.20,108.29,746496.00,100.0,2000,null,null,10,1920,1080
2026-09-14T15:41:45.095Z,camera_0,1,267.21,0.00,267.21,746496.00,100.0,2000,null,null,10,1920,1080
2026-09-14T15:41:45.096Z,camera_1,1,0.00,0.00,0.00,746496.00,100.0,2000,null,null,10,1920,1080
2026-09-14T15:41:45.096Z,camera_0,1,782.99,515.78,267.21,746496.00,100.0,2000,null,null,10,1920,1080
2026-09-14T15:41:48.097Z,camera_0,1,192.51,0.00,192.51,746496.00,100.0,2000,null,null,10,1920,1080
2026-09-14T15:41:48.100Z,camera_1,1,0.00,0.00,0.00,746496.00,100.0,2000,null,null,10,1920,1080
2026-09-14T15:41:48.101Z,camera_0,1,707.63,515.11,192.51,746496.00,100.0,2000,null,null,10,1920,1080
2026-09-14T15:41:51.101Z,camera_0,1,69.69,0.00,69.69,746496.00,100.0,2000,null,null,10,1920,1080
2026-09-14T15:41:51.101Z,camera_1,1,0.00,0.00,0.00,746496.00,100.0,2000,null,null,10,1920,1080
2026-09-14T15:41:51.101Z,camera_0,1,321.41,251.72,69.69,746496.00,100.0,2000,null,null,10,1920,1080
2026-09-14T15:41:54.101Z,camera_0,1,288.27,0.00,288.27,746496.00,100.0,2000,null,null,10,1920,1080
2026-09-14T15:41:54.101Z,camera_1,1,0.00,0.00,0.00,746496.00,100.0,2000,null,null,10,1920,1080
2026-09-14T15:41:54.107Z,camera_0,1,773.07,484.81,288.27,746496.00,100.0,2000,null,null,10,1920,1080
2026-09-14T15:41:57.105Z,camera_0,1,235.13,0.00,235.13,746496.00,100.0,2000,null,null,10,1920,1080
2026-09-14T15:41:57.105Z,camera_1,1,0.00,0.00,0.00,746496.00,100.0,2000,null,null,10,1920,1080
2026-09-14T15:41:57.105Z,camera_0,1,709.74,474.62,235.13,746496.00,100.0,2000,null,null,10,1920,1080
2026-09-14T15:42:00.105Z,camera_0,1,28.58,0.00,28.58,746496.00,100.0,2000,null,null,10,1920,1080
2026-09-14T15:42:00.106Z,camera_1,1,0.00,0.00,0.00,746496.00,100.0,2000,null,null,10,1920,1080
2026-09-14T15:42:00.106Z,camera_0,1,284.55,255.98,28.58,746496.00,100.0,2000,null,null,10,1920,1080
2026-09-14T15:42:03.157Z,camera_0,1,245.65,0.00,245.65,746496.00,100.0,2000,null,null,10,1920,1080
2026-09-14T15:42:03.157Z,camera_1,1,0.00,0.00,0.00,746496.00,100.0,2000,null,null,10,1920,1080
2026-09-14T15:42:03.159Z,camera_0,1,756.93,511.27,245.65,746496.00,100.0,2000,null,null,10,1920,1080
2026-09-14T15:42:06.157Z,camera_0,1,185.49,0.00,185.49,746496.00,100.0,2000,null,null,10,1920,1080
2026-09-14T15:42:06.158Z,camera_1,1,0.00,0.00,0.00,746496.00,100.0,2000,null,null,10,1920,1080
2026-09-14T15:42:06.158Z,camera_0,1,702.93,517.44,185.49,746496.00,100.0,2000,null,null,10,1920,1080
2026-09-14T15:42:09.158Z,camera_0,1,199.03,0.00,199.03,746496.00,100.0,2000,null,null,10,1920,1080
2026-09-14T15:42:09.158Z,camera_1,1,0.00,0.00,0.00,746496.00,100.0,2000,null,null,10,1920,1080
2026-09-14T15:42:09.158Z,camera_0,1,728.58,529.55,199.03,746496.00,100.0,2000,null,null,10,1920,1080
2026-09-14T15:42:12.160Z,camera_0,1,139.87,0.00,139.87,746496.00,100.0,2000,null,null,10,1920,1080
2026-09-14T15:42:12.161Z,camera_1,1,0.00,0.00,0.00,746496.00,100.0,2000,null,null,10,1920,1080
2026-09-14T15:42:12.161Z,camera_0,1,665.13,525.26,139.87,746496.00,100.0,2000,null,null,10,1920,1080
2026-09-14T15:42:15.163Z,camera_0,1,100.27,0.00,100.27,746496.00,100.0,2000,null,null,10,1920,1080
2026-09-14T15:42:15.163Z,camera_1,1,0.00,0.00,0.00,746496.00,100.0,2000,null,null,10,1920,1080
2026-09-14T15:42:15.164Z,camera_0,1,490.13,389.86,100.27,746496.00,100.0,2000,null,null,10,1920,1080
2026-09-14T15:42:18.166Z,camera_0,1,231.62,0.00,231.62,746496.00,100.0,2000,null,null,10,1920,1080
2026-09-14T15:42:18.170Z,camera_1,1,0.00,0.00,0.00,746496.00,100.0,2000,null,null,10,1920,1080
2026-09-14T15:42:18.177Z,camera_0,1,616.81,385.19,231.62,746496.00,100.0,2000,null,null,10,1920,1080
2026-09-14T15:42:21.165Z,camera_0,1,277.74,0.00,277.74,746496.00,100.0,2000,null,null,10,1920,1080
2026-09-14T15:42:21.166Z,camera_1,1,0.00,0.00,0.00,746496.00,100.0,2000,null,null,10,1920,1080
2026-09-14T15:42:21.170Z,camera_0,1,914.27,636.53,277.74,746496.00,100.0,2000,null,null,10,1920,1080
2026-09-14T15:42:24.167Z,camera_0,1,69.18,0.00,69.18,746496.00,100.0,2000,null,null,10,1920,1080
2026-09-14T15:42:24.167Z,camera_1,1,0.00,0.00,0.00,746496.00,100.0,2000,null,null,10,1920,1080
2026-09-14T15:42:24.168Z,camera_0,1,442.55,373.37,69.18,746496.00,100.0,2000,null,null,10,1920,1080
2026-09-14T15:42:27.215Z,camera_0,1,248.16,0.00,248.16,746496.00,100.0,2000,null,null,10,1920,1080
2026-09-14T15:42:27.215Z,camera_1,1,0.00,0.00,0.00,746496.00,100.0,2000,null,null,10,1920,1080
2026-09-14T15:42:27.215Z,camera_0,1,603.58,355.42,248.16,746496.00,100.0,2000,null,null,10,1920,1080
2026-09-14T15:42:30.208Z,camera_0,1,208.05,0.00,208.05,746496.00,100.0,2000,null,null,10,1920,1080
2026-09-14T15:42:30.208Z,camera_1,1,0.00,0.00,0.00,746496.00,100.0,2000,null,null,10,1920,1080
2026-09-14T15:42:30.208Z,camera_0,1,797.52,589.47,208.05,746496.00,100.0,2000,null,null,10,1920,1080
2026-09-14T15:42:33.212Z,camera_0,1,251.17,0.00,251.17,746496.00,100.0,2000,null,null,10,1920,1080
2026-09-14T15:42:33.212Z,camera_1,1,0.00,0.00,0.00,746496.00,100.0,2000,null,null,10,1920,1080
2026-09-14T15:42:33.216Z,camera_0,1,739.78,488.61,251.17,746496.00,100.0,2000,null,null,10,1920,1080
2026-09-14T15:42:36.222Z,camera_0,1,190.51,0.00,190.51,746496.00,100.0,2000,null,null,10,1920,1080
2026-09-14T15:42:36.222Z,camera_1,1,0.00,0.00,0.00,746496.00,100.0,2000,null,null,10,1920,1080
2026-09-14T15:42:36.223Z,camera_0,1,823.70,633.19,190.51,746496.00,100.0,2000,null,null,10,1920,1080
2026-09-14T15:42:39.227Z,camera_0,1,86.73,0.00,86.73,746496.00,100.0,2000,null,null,10,1920,1080
2026-09-14T15:42:39.227Z,camera_1,1,0.00,0.00,0.00,746496.00,100.0,2000,null,null,10,1920,1080
2026-09-14T15:42:39.228Z,camera_0,1,464.56,377.83,86.73,746496.00,100.0,2000,null,null,10,1920,1080
2026-09-14T15:42:42.399Z,camera_0,1,241.14,0.00,241.14,746496.00,100.0,2000,null,null,10,1920,1080
2026-09-14T15:42:42.399Z,camera_1,1,0.00,0.00,0.00,746496.00,100.0,2000,null,null,10,1920,1080
2026-09-14T15:42:42.399Z,camera_0,1,751.17,510.03,241.14,746496.00,100.0,2000,null,null,10,1920,1080
2026-09-14T15:42:45.400Z,camera_0,1,201.03,0.00,201.03,746496.00,100.0,2000,null,null,10,1920,1080
2026-09-14T15:42:45.401Z,camera_1,1,0.00,0.00,0.00,746496.00,100.0,2000,null,null,10,1920,1080
2026-09-14T15:42:45.401Z,camera_0,1,724.26,523.22,201.03,746496.00,100.0,2000,null,null,10,1920,1080
2026-09-14T15:42:48.400Z,camera_0,1,68.68,0.00,68.68,746496.00,100.0,2000,null,null,10,1920,1080
2026-09-14T15:42:48.400Z,camera_1,1,0.00,0.00,0.00,746496.00,100.0,2000,null,null,10,1920,1080
2026-09-14T15:42:48.401Z,camera_0,1,317.60,248.92,68.68,746496.00,100.0,2000,null,null,10,1920,1080
2026-09-14T15:42:51.405Z,camera_0,1,228.11,0.00,228.11,746496.00,100.0,2000,null,null,10,1920,1080
2026-09-14T15:42:51.406Z,camera_1,1,0.00,0.00,0.00,746496.00,100.0,2000,null,null,10,1920,1080
2026-09-14T15:42:51.406Z,camera_0,1,734.70,506.59,228.11,746496.00,100.0,2000,null,null,10,1920,1080
2026-09-14T16:00:54.281Z,camera_0,0,0.00,0.00,0.00,110592.00,100.0,2000,null,null,120,640,480
2026-09-14T16:00:54.297Z,camera_1,0,0.00,0.00,0.00,110592.00,100.0,2000,null,null,120,640,480
2026-09-14T16:00:54.297Z,camera_0,0,0.00,0.00,0.00,110592.00,100.0,2000,null,null,120,640,480
2026-09-14T16:00:57.284Z,camera_0,0,0.00,0.00,0.00,110592.00,100.0,2000,null,null,120,640,480
2026-09-14T16:00:57.284Z,camera_1,0,0.00,0.00,0.00,110592.00,100.0,2000,null,null,120,640,480
2026-09-14T16:00:57.285Z,camera_0,0,0.00,0.00,0.00,110592.00,100.0,2000,null,null,120,640,480
2026-09-14T16:01:00.284Z,camera_0,0,0.00,0.00,0.00,110592.00,100.0,2000,null,null,120,640,480
2026-09-14T16:01:00.285Z,camera_1,0,0.00,0.00,0.00,110592.00,100.0,2000,null,null,120,640,480
2026-09-14T16:01:00.286Z,camera_0,0,0.00,0.00,0.00,110592.00,100.0,2000,null,null,120,640,480
2026-09-14T16:01:03.287Z,camera_1,0,0.00,0.00,0.00,110592.00,100.0,2000,null,null,120,640,480
2026-09-14T16:01:03.287Z,camera_0,0,0.00,0.00,0.00,110592.00,100.0,2000,null,null,120,640,480
2026-09-14T16:01:03.288Z,camera_0,0,0.00,0.00,0.00,110592.00,100.0,2000,null,null,120,640,480
2026-09-14T16:01:06.290Z,camera_1,0,0.00,0.00,0.00,110592.00,100.0,2000,null,null,120,640,480
2026-09-14T16:01:06.290Z,camera_0,0,0.00,0.00,0.00,110592.00,100.0,2000,null,null,120,640,480
2026-09-14T16:01:06.290Z,camera_0,0,0.00,0.00,0.00,110592.00,100.0,2000,null,null,120,640,480
2026-09-14T16:01:09.294Z,camera_0,0,0.00,0.00,0.00,110592.00,100.0,2000,null,null,120,640,480
2026-09-14T16:01:09.294Z,camera_1,0,0.00,0.00,0.00,110592.00,100.0,2000,null,null,120,640,480
2026-09-14T16:01:09.294Z,camera_0,0,0.00,0.00,0.00,110592.00,100.0,2000,null,null,120,640,480
2026-09-14T16:01:12.297Z,camera_0,0,0.00,0.00,0.00,110592.00,100.0,2000,null,null,120,640,480
2026-09-14T16:01:12.297Z,camera_1,0,0.00,0.00,0.00,110592.00,100.0,2000,null,null,120,640,480
2026-09-14T16:01:12.297Z,camera_0,0,0.00,0.00,0.00,110592.00,100.0,2000,null,null,120,640,480
2026-09-14T16:01:15.300Z,camera_0,0,0.00,0.00,0.00,110592.00,100.0,2000,null,null,120,640,480
2026-09-14T16:01:15.300Z,camera_1,0,0.00,0.00,0.00,110592.00,100.0,2000,null,null,120,640,480
2026-09-14T16:01:15.300Z,camera_0,0,0.00,0.00,0.00,110592.00,100.0,2000,null,null,120,640,480
2026-09-14T16:01:18.303Z,camera_0,0,0.00,0.00,0.00,110592.00,100.0,2000,null,null,120,640,480
2026-09-14T16:01:18.303Z,camera_1,0,0.00,0.00,0.00,110592.00,100.0,2000,null,null,120,640,480
2026-09-14T16:01:18.304Z,camera_0,0,0.00,0.00,0.00,110592.00,100.0,2000,null,null,120,640,480
2026-09-14T16:01:21.306Z,camera_0,0,0.00,0.00,0.00,110592.00,100.0,2000,null,null,120,640,480
2026-09-14T16:01:21.306Z,camera_1,0,0.00,0.00,0.00,110592.00,100.0,2000,null,null,120,640,480
2026-09-14T16:01:21.306Z,camera_0,0,0.00,0.00,0.00,110592.00,100.0,2000,null,null,120,640,480
2026-09-14T16:01:24.310Z,camera_0,0,0.00,0.00,0.00,110592.00,100.0,2000,null,null,120,640,480
2026-09-14T16:01:24.310Z,camera_1,0,0.00,0.00,0.00,110592.00,100.0,2000,null,null,120,640,480
2026-09-14T16:01:24.310Z,camera_0,0,0.00,0.00,0.00,110592.00,100.0,2000,null,null,120,640,480
2026-09-14T16:01:27.313Z,camera_0,0,0.00,0.00,0.00,110592.00,100.0,2000,null,null,120,640,480
2026-09-14T16:01:27.314Z,camera_1,0,0.00,0.00,0.00,110592.00,100.0,2000,null,null,120,640,480
2026-09-14T16:01:27.314Z,camera_0,0,0.00,0.00,0.00,110592.00,100.0,2000,null,null,120,640,480
2026-09-14T16:01:30.316Z,camera_0,0,0.00,0.00,0.00,110592.00,100.0,2000,null,null,120,640,480
2026-09-14T16:01:30.316Z,camera_1,0,0.00,0.00,0.00,110592.00,100.0,2000,null,null,120,640,480
2026-09-14T16:01:30.317Z,camera_0,0,0.00,0.00,0.00,110592.00,100.0,2000,null,null,120,640,480
2026-09-14T16:01:33.319Z,camera_0,0,0.00,0.00,0.00,110592.00,100.0,2000,null,null,120,640,480
2026-09-14T16:01:33.319Z,camera_1,0,0.00,0.00,0.00,110592.00,100.0,2000,null,null,120,640,480
2026-09-14T16:01:33.320Z,camera_0,0,0.00,0.00,0.00,110592.00,100.0,2000,null,null,120,640,480
2026-09-14T16:01:36.322Z,camera_0,0,0.00,0.00,0.00,110592.00,100.0,2000,null,null,120,640,480
2026-09-14T16:01:36.323Z,camera_0,0,0.00,0.00,0.00,110592.00,100.0,2000,null,null,120,640,480
2026-09-14T16:01:36.323Z,camera_1,0,0.00,0.00,0.00,110592.00,100.0,2000,null,null,120,640,480
2026-09-14T16:01:39.325Z,camera_1,0,0.00,0.00,0.00,110592.00,100.0,2000,null,null,120,640,480
2026-09-14T16:01:39.326Z,camera_0,0,0.00,0.00,0.00,110592.00,100.0,2000,null,null,120,640,480
2026-09-14T16:01:39.325Z,camera_0,0,0.00,0.00,0.00,110592.00,100.0,2000,null,null,120,640,480
2026-09-14T16:01:42.328Z,camera_0,0,0.00,0.00,0.00,110592.00,100.0,2000,null,null,120,640,480
2026-09-14T16:01:42.328Z,camera_1,0,0.00,0.00,0.00,110592.00,100.0,2000,null,null,120,640,480
2026-09-14T16:01:42.329Z,camera_0,0,0.00,0.00,0.00,110592.00,100.0,2000,null,null,120,640,480
2026-09-14T16:01:45.330Z,camera_0,0,0.00,0.00,0.00,110592.00,100.0,2000,null,null,120,640,480
2026-09-14T16:01:45.331Z,camera_1,0,0.00,0.00,0.00,110592.00,100.0,2000,null,null,120,640,480
2026-09-14T16:01:45.331Z,camera_0,0,0.00,0.00,0.00,110592.00,100.0,2000,null,null,120,640,480
2026-09-14T16:01:48.331Z,camera_0,0,0.00,0.00,0.00,110592.00,100.0,2000,null,null,120,640,480
2026-09-14T16:01:48.331Z,camera_1,0,0.00,0.00,0.00,110592.00,100.0,2000,null,null,120,640,480
2026-09-14T16:01:48.332Z,camera_0,0,0.00,0.00,0.00,110592.00,100.0,2000,null,null,120,640,480
2026-09-14T16:01:51.331Z,camera_0,0,0.00,0.00,0.00,110592.00,100.0,2000,null,null,120,640,480
2026-09-14T16:01:51.332Z,camera_1,0,0.00,0.00,0.00,110592.00,100.0,2000,null,null,120,640,480
2026-09-14T16:01:51.332Z,camera_0,0,0.00,0.00,0.00,110592.00,100.0,2000,null,null,120,640,480
2026-09-14T16:01:54.332Z,camera_0,0,0.00,0.00,0.00,110592.00,100.0,2000,null,null,120,640,480
2026-09-14T16:01:54.332Z,camera_1,0,0.00,0.00,0.00,110592.00,100.0,2000,null,null,120,640,480
2026-09-14T16:01:54.333Z,camera_0,0,0.00,0.00,0.00,110592.00,100.0,2000,null,null,120,640,480
2026-09-14T16:01:57.335Z,camera_0,0,0.00,0.00,0.00,110592.00,100.0,2000,null,null,120,640,480
2026-09-14T16:01:57.335Z,camera_1,0,0.00,0.00,0.00,110592.00,100.0,2000,null,null,120,640,480
2026-09-14T16:01:57.335Z,camera_0,0,0.00,0.00,0.00,110592.00,100.0,2000,null,null,120,640,480
2026-09-14T16:02:00.337Z,camera_0,0,0.00,0.00,0.00,110592.00,100.0,2000,null,null,120,640,480
2026-09-14T16:02:00.338Z,camera_1,0,0.00,0.00,0.00,110592.00,100.0,2000,null,null,120,640,480
2026-09-14T16:02:00.338Z,camera_0,0,0.00,0.00,0.00,110592.00,100.0,2000,null,null,120,640,480
2026-09-14T16:02:03.337Z,camera_1,0,0.00,0.00,0.00,110592.00,100.0,2000,null,null,120,640,480
2026-09-14T16:02:03.336Z,camera_0,0,0.00,0.00,0.00,110592.00,100.0,2000,null,null,120,640,480
2026-09-14T16:02:03.337Z,camera_0,0,0.00,0.00,0.00,110592.00,100.0,2000,null,null,120,640,480
2026-09-14T16:02:06.338Z,camera_0,0,0.00,0.00,0.00,110592.00,100.0,2000,null,null,120,640,480
2026-09-14T16:02:06.339Z,camera_1,0,0.00,0.00,0.00,110592.00,100.0,2000,null,null,120,640,480
2026-09-14T16:02:06.339Z,camera_0,0,0.00,0.00,0.00,110592.00,100.0,2000,null,null,120,640,480
2026-09-14T16:02:09.340Z,camera_0,1,0.00,0.00,0.00,110592.00,100.0,2000,null,null,120,640,480
2026-09-14T16:02:09.340Z,camera_1,1,0.00,0.00,0.00,110592.00,100.0,2000,null,null,120,640,480
2026-09-14T16:02:09.340Z,camera_0,1,0.00,0.00,0.00,110592.00,100.0,2000,null,null,120,640,480
2026-09-14T16:02:12.342Z,camera_0,1,0.00,0.00,0.00,110592.00,100.0,2000,null,null,120,640,480
2026-09-14T16:02:12.342Z,camera_1,1,0.00,0.00,0.00,110592.00,100.0,2000,null,null,120,640,480
2026-09-14T16:02:12.343Z,camera_0,1,0.00,0.00,0.00,110592.00,100.0,2000,null,null,120,640,480
2026-09-14T16:02:15.343Z,camera_0,1,0.00,0.00,0.00,110592.00,100.0,2000,null,null,30,640,480
2026-09-14T16:02:15.343Z,camera_1,1,0.00,0.00,0.00,110592.00,100.0,2000,null,null,30,640,480
2026-09-14T16:02:15.343Z,camera_0,1,176.34,176.34,0.00,110592.00,100.0,2000,null,null,30,640,480
2026-09-14T16:02:18.343Z,camera_0,1,0.00,0.00,0.00,110592.00,100.0,2000,null,null,30,640,480
2026-09-14T16:02:18.344Z,camera_1,1,0.00,0.00,0.00,110592.00,100.0,2000,null,null,30,640,480
2026-09-14T16:02:18.344Z,camera_0,1,0.00,0.00,0.00,110592.00,100.0,2000,null,null,30,640,480
2026-09-14T16:02:21.344Z,camera_0,1,162.93,0.00,162.93,746496.00,100.0,2000,null,null,10,1920,1080
2026-09-14T16:02:21.345Z,camera_1,1,0.00,0.00,0.00,746496.00,100.0,2000,null,null,10,1920,1080
2026-09-14T16:02:21.348Z,camera_0,1,491.39,328.45,162.93,746496.00,100.0,2000,null,null,10,1920,1080
2026-09-14T16:02:24.368Z,camera_0,1,0.00,0.00,0.00,746496.00,100.0,2000,null,null,10,1920,1080
2026-09-14T16:02:24.368Z,camera_1,1,0.00,0.00,0.00,746496.00,100.0,2000,null,null,10,1920,1080
2026-09-14T16:02:24.369Z,camera_0,1,878.39,878.39,0.00,746496.00,100.0,2000,null,null,10,1920,1080
2026-09-14T16:02:27.371Z,camera_0,1,0.00,0.00,0.00,746496.00,100.0,2000,null,null,10,1920,1080
2026-09-14T16:02:27.371Z,camera_1,1,0.00,0.00,0.00,746496.00,100.0,2000,null,null,10,1920,1080
2026-09-14T16:02:27.371Z,camera_0,1,1079.26,1079.26,0.00,746496.00,100.0,2000,null,null,10,1920,1080
2026-09-14T16:02:30.373Z,camera_0,1,0.00,0.00,0.00,746496.00,100.0,2000,null,null,10,1920,1080
2026-09-14T16:02:30.373Z,camera_1,1,0.00,0.00,0.00,746496.00,100.0,2000,null,null,10,1920,1080
2026-09-14T16:02:30.374Z,camera_0,1,547.43,547.43,0.00,746496.00,100.0,2000,null,null,10,1920,1080
2026-09-14T16:02:33.375Z,camera_0,1,71.19,0.00,71.19,746496.00,100.0,2000,null,null,10,1920,1080
2026-09-14T16:02:33.376Z,camera_1,1,0.00,0.00,0.00,746496.00,100.0,2000,null,null,10,1920,1080
2026-09-14T16:02:33.380Z,camera_0,1,180.80,109.61,71.19,746496.00,100.0,2000,null,null,10,1920,1080
2026-09-14T16:02:36.377Z,camera_0,1,20.55,0.00,20.55,746496.00,100.0,2000,null,null,10,1920,1080
2026-09-14T16:02:36.377Z,camera_1,1,0.00,0.00,0.00,746496.00,100.0,2000,null,null,10,1920,1080
2026-09-14T16:02:36.378Z,camera_0,1,122.82,102.26,20.55,746496.00,100.0,2000,null,null,10,1920,1080
2026-09-14T16:02:39.439Z,camera_0,1,168.45,0.00,168.45,746496.00,100.0,2000,null,null,10,1920,1080
2026-09-14T16:02:39.440Z,camera_1,1,0.00,0.00,0.00,746496.00,100.0,2000,null,null,10,1920,1080
2026-09-14T16:02:39.448Z,camera_0,1,600.73,432.28,168.45,746496.00,100.0,2000,null,null,10,1920,1080
2026-09-14T16:02:42.443Z,camera_1,1,0.00,0.00,0.00,746496.00,100.0,2000,null,null,10,1920,1080
2026-09-14T16:02:42.443Z,camera_0,1,385.04,315.86,69.18,746496.00,100.0,2000,null,null,10,1920,1080
2026-09-14T16:02:42.442Z,camera_0,1,69.18,0.00,69.18,746496.00,100.0,2000,null,null,10,1920,1080
2026-09-14T16:02:45.442Z,camera_0,1,205.55,0.00,205.55,746496.00,100.0,2000,null,null,10,1920,1080
2026-09-14T16:02:45.443Z,camera_1,1,0.00,0.00,0.00,746496.00,100.0,2000,null,null,10,1920,1080
2026-09-14T16:02:45.443Z,camera_0,1,518.28,312.73,205.55,746496.00,100.0,2000,null,null,10,1920,1080
2026-09-14T16:02:48.446Z,camera_0,1,51.64,0.00,51.64,746496.00,100.0,2000,null,null,10,1920,1080
2026-09-14T16:02:48.447Z,camera_1,1,0.00,0.00,0.00,746496.00,100.0,2000,null,null,10,1920,1080
2026-09-14T16:02:48.447Z,camera_0,1,357.54,305.90,51.64,746496.00,100.0,2000,null,null,10,1920,1080
2026-09-14T16:02:51.457Z,camera_0,1,142.38,0.00,142.38,746496.00,100.0,2000,null,null,10,1920,1080
2026-09-14T16:02:51.457Z,camera_1,1,0.00,0.00,0.00,746496.00,100.0,2000,null,null,10,1920,1080
2026-09-14T16:02:51.460Z,camera_0,1,450.68,308.30,142.38,746496.00,100.0,2000,null,null,10,1920,1080
2026-09-14T16:02:54.458Z,camera_0,1,62.67,0.00,62.67,746496.00,100.0,2000,null,null,10,1920,1080
2026-09-14T16:02:54.459Z,camera_1,1,0.00,0.00,0.00,746496.00,100.0,2000,null,null,10,1920,1080
2026-09-14T16:02:54.459Z,camera_0,1,372.38,309.71,62.67,746496.00,100.0,2000,null,null,10,1920,1080
2026-09-14T16:02:57.461Z,camera_0,1,159.93,0.00,159.93,746496.00,100.0,2000,null,null,10,1920,1080
2026-09-14T16:02:57.462Z,camera_1,1,0.00,0.00,0.00,746496.00,100.0,2000,null,null,10,1920,1080
2026-09-14T16:02:57.462Z,camera_0,1,579.71,419.79,159.93,746496.00,100.0,2000,null,null,10,1920,1080
2026-09-14T16:03:00.462Z,camera_0,1,138.37,0.00,138.37,746496.00,100.0,2000,null,null,10,1920,1080
2026-09-14T16:03:00.462Z,camera_1,1,0.00,0.00,0.00,746496.00,100.0,2000,null,null,10,1920,1080
2026-09-14T16:03:00.462Z,camera_0,1,346.31,207.95,138.37,746496.00,100.0,2000,null,null,10,1920,1080
2026-09-14T16:03:03.461Z,camera_0,1,198.53,0.00,198.53,746496.00,100.0,2000,null,null,10,1920,1080
2026-09-14T16:03:03.462Z,camera_1,1,0.00,0.00,0.00,746496.00,100.0,2000,null,null,10,1920,1080
2026-09-14T16:03:03.462Z,camera_0,1,617.30,418.77,198.53,746496.00,100.0,2000,null,null,10,1920,1080
2026-09-14T16:03:06.462Z,camera_0,1,116.81,0.00,116.81,746496.00,100.0,2000,null,null,10,1920,1080
2026-09-14T16:03:06.462Z,camera_1,1,0.00,0.00,0.00,746496.00,100.0,2000,null,null,10,1920,1080
2026-09-14T16:03:06.463Z,camera_0,1,527.22,410.41,116.81,746496.00,100.0,2000,null,null,10,1920,1080
2026-09-14T16:03:09.464Z,camera_0,1,172.96,0.00,172.96,746496.00,100.0,2000,null,null,10,1920,1080
2026-09-14T16:03:09.464Z,camera_1,1,0.00,0.00,0.00,746496.00,100.0,2000,null,null,10,1920,1080
2026-09-14T16:03:09.519Z,camera_0,1,480.64,307.68,172.96,746496.00,100.0,2000,null,null,10,1920,1080
2026-09-14T16:03:12.464Z,camera_0,1,83.72,0.00,83.72,746496.00,100.0,2000,null,null,10,1920,1080
2026-09-14T16:03:12.467Z,camera_1,1,0.00,0.00,0.00,746496.00,100.0,2000,null,null,10,1920,1080
2026-09-14T16:03:12.467Z,camera_0,1,390.47,306.75,83.72,746496.00,100.0,2000,null,null,10,1920,1080
2026-09-14T16:03:15.467Z,camera_0,1,159.93,0.00,159.93,746496.00,100.0,2000,null,null,10,1920,1080
2026-09-14T16:03:15.468Z,camera_1,1,0.00,0.00,0.00,746496.00,100.0,2000,null,null,10,1920,1080
2026-09-14T16:03:15.472Z,camera_0,1,467.71,307.79,159.93,746496.00,100.0,2000,null,null,10,1920,1080
2026-09-14T16:03:18.467Z,camera_0,1,63.67,0.00,63.67,746496.00,100.0,2000,null,null,10,1920,1080
2026-09-14T16:03:18.467Z,camera_1,1,0.00,0.00,0.00,746496.00,100.0,2000,null,null,10,1920,1080
2026-09-14T16:03:18.469Z,camera_0,1,268.14,204.47,63.67,746496.00,100.0,2000,null,null,10,1920,1080
2026-09-14T16:03:21.466Z,camera_0,1,342.91,0.00,342.91,746496.00,100.0,2000,null,null,10,1920,1080
2026-09-14T16:03:21.466Z,camera_1,1,0.00,0.00,0.00,746496.00,100.0,2000,null,null,10,1920,1080
2026-09-14T16:03:21.467Z,camera_0,1,858.40,515.49,342.91,746496.00,100.0,2000,null,null,10,1920,1080
2026-09-14T16:03:24.468Z,camera_0,1,126.84,0.00,126.84,746496.00,100.0,2000,null,null,10,1920,1080
2026-09-14T16:03:24.468Z,camera_1,1,0.00,0.00,0.00,746496.00,100.0,2000,null,null,10,1920,1080
2026-09-14T16:03:24.468Z,camera_0,1,647.25,520.42,126.84,746496.00,100.0,2000,null,null,10,1920,1080
2026-09-14T16:03:27.470Z,camera_0,1,224.60,0.00,224.60,746496.00,100.0,2000,null,null,10,1920,1080
2026-09-14T16:03:27.470Z,camera_1,1,0.00,0.00,0.00,746496.00,100.0,2000,null,null,10,1920,1080
2026-09-14T16:03:27.470Z,camera_0,1,640.45,415.85,224.60,746496.00,100.0,2000,null,null,10,1920,1080
2026-09-14T16:03:30.470Z,camera_0,1,201.03,0.00,201.03,746496.00,100.0,2000,null,null,10,1920,1080
2026-09-14T16:03:30.470Z,camera_0,1,721.19,520.15,201.03,746496.00,100.0,2000,null,null,10,1920,1080
2026-09-14T16:03:30.470Z,camera_1,1,0.00,0.00,0.00,746496.00,100.0,2000,null,null,10,1920,1080
2026-09-14T16:03:33.471Z,camera_0,1,239.64,0.00,239.64,746496.00,100.0,2000,null,null,10,1920,1080
2026-09-14T16:03:33.471Z,camera_1,1,0.00,0.00,0.00,746496.00,100.0,2000,null,null,10,1920,1080
2026-09-14T16:03:33.471Z,camera_0,1,655.21,415.57,239.64,746496.00,100.0,2000,null,null,10,1920,1080
2026-09-14T16:03:36.471Z,camera_0,1,224.10,0.00,224.10,746496.00,100.0,2000,null,null,10,1920,1080
2026-09-14T16:03:36.471Z,camera_1,1,0.00,0.00,0.00,746496.00,100.0,2000,null,null,10,1920,1080
2026-09-14T16:03:36.472Z,camera_0,1,847.97,623.88,224.10,746496.00,100.0,2000,null,null,10,1920,1080
2026-09-14T16:03:39.478Z,camera_0,1,242.14,0.00,242.14,746496.00,100.0,2000,null,null,10,1920,1080
2026-09-14T16:03:39.478Z,camera_1,1,0.00,0.00,0.00,746496.00,100.0,2000,null,null,10,1920,1080
2026-09-14T16:03:39.480Z,camera_0,1,658.66,416.52,242.14,746496.00,100.0,2000,null,null,10,1920,1080
2026-09-14T16:03:42.485Z,camera_0,1,194.02,0.00,194.02,746496.00,100.0,2000,null,null,10,1920,1080
2026-09-14T16:03:42.486Z,camera_1,1,0.00,0.00,0.00,746496.00,100.0,2000,null,null,10,1920,1080
2026-09-14T16:03:42.487Z,camera_0,1,714.61,520.60,194.02,746496.00,100.0,2000,null,null,10,1920,1080
2026-09-14T16:03:45.483Z,camera_0,1,242.65,0.00,242.65,746496.00,100.0,2000,null,null,10,1920,1080
2026-09-14T16:03:45.483Z,camera_1,1,0.00,0.00,0.00,746496.00,100.0,2000,null,null,10,1920,1080
2026-09-14T16:03:45.484Z,camera_0,1,659.50,416.86,242.65,746496.00,100.0,2000,null,null,10,1920,1080
2026-09-14T16:03:48.497Z,camera_0,1,198.03,0.00,198.03,746496.00,100.0,2000,null,null,10,1920,1080
2026-09-14T16:03:48.497Z,camera_1,1,0.00,0.00,0.00,746496.00,100.0,2000,null,null,10,1920,1080
2026-09-14T16:03:48.500Z,camera_0,1,719.11,521.09,198.03,746496.00,100.0,2000,null,null,10,1920,1080
2026-09-14T16:03:51.496Z,camera_0,1,93.25,0.00,93.25,746496.00,100.0,2000,null,null,10,1920,1080
2026-09-14T16:03:51.496Z,camera_1,1,0.00,0.00,0.00,746496.00,100.0,2000,null,null,10,1920,1080
2026-09-14T16:03:51.498Z,camera_0,1,404.43,311.18,93.25,746496.00,100.0,2000,null,null,10,1920,1080
2026-09-14T16:03:54.498Z,camera_0,1,341.91,0.00,341.91,746496.00,100.0,2000,null,null,10,1920,1080
2026-09-14T16:03:54.498Z,camera_1,1,0.00,0.00,0.00,746496.00,100.0,2000,null,null,10,1920,1080
2026-09-14T16:03:54.499Z,camera_0,1,862.80,520.89,341.91,746496.00,100.0,2000,null,null,10,1920,1080
2026-09-14T16:03:57.499Z,camera_0,1,106.78,0.00,106.78,746496.00,100.0,2000,null,null,10,1920,1080
2026-09-14T16:03:57.499Z,camera_1,1,0.00,0.00,0.00,746496.00,100.0,2000,null,null,10,1920,1080
2026-09-14T16:03:57.499Z,camera_0,1,530.11,423.33,106.78,746496.00,100.0,2000,null,null,10,1920,1080
2026-09-14T16:04:00.503Z,camera_0,1,277.24,0.00,277.24,746496.00,100.0,2000,null,null,10,1920,1080
2026-09-14T16:04:00.503Z,camera_1,1,0.00,0.00,0.00,746496.00,100.0,2000,null,null,10,1920,1080
2026-09-14T16:04:00.503Z,camera_0,1,807.96,530.72,277.24,746496.00,100.0,2000,null,null,10,1920,1080
2026-09-14T16:04:03.509Z,camera_0,1,216.58,0.00,216.58,746496.00,100.0,2000,null,null,10,1920,1080
2026-09-14T16:04:03.509Z,camera_1,1,0.00,0.00,0.00,746496.00,100.0,2000,null,null,10,1920,1080
2026-09-14T16:04:03.518Z,camera_0,1,746.86,530.28,216.58,746496.00,100.0,2000,null,null,10,1920,1080
2026-09-14T16:04:06.509Z,camera_0,1,239.14,0.00,239.14,746496.00,100.0,2000,null,null,10,1920,1080
2026-09-14T16:04:06.509Z,camera_1,1,0.00,0.00,0.00,746496.00,100.0,2000,null,null,10,1920,1080
2026-09-14T16:04:06.509Z,camera_0,1,663.36,424.23,239.14,746496.00,100.0,2000,null,null,10,1920,1080
2026-09-14T16:04:09.509Z,camera_0,1,202.04,0.00,202.04,746496.00,100.0,2000,null,null,10,1920,1080
2026-09-14T16:04:09.509Z,camera_1,1,0.00,0.00,0.00,746496.00,100.0,2000,null,null,10,1920,1080
2026-09-14T16:04:09.509Z,camera_0,1,625.66,423.62,202.04,746496.00,100.0,2000,null,null,10,1920,1080
2026-09-14T16:04:12.509Z,camera_0,1,250.67,0.00,250.67,746496.00,100.0,2000,null,null,10,1920,1080
2026-09-14T16:04:12.509Z,camera_1,1,0.00,0.00,0.00,746496.00,100.0,2000,null,null,10,1920,1080
2026-09-14T16:04:12.509Z,camera_0,1,779.89,529.22,250.67,746496.00,100.0,2000,null,null,10,1920,1080
2026-09-14T16:04:15.509Z,camera_0,1,259.19,0.00,259.19,746496.00,100.0,2000,null,null,10,1920,1080
2026-09-14T16:04:15.509Z,camera_1,1,0.00,0.00,0.00,746496.00,100.0,2000,null,null,10,1920,1080
2026-09-14T16:04:15.509Z,camera_0,1,993.91,734.72,259.19,746496.00,100.0,2000,null,null,10,1920,1080
2026-09-14T16:04:18.510Z,camera_0,1,369.98,0.00,369.98,746496.00,100.0,2000,null,null,10,1920,1080
2026-09-14T16:04:18.510Z,camera_1,1,0.00,0.00,0.00,746496.00,100.0,2000,null,null,10,1920,1080
2026-09-14T16:04:18.510Z,camera_0,1,994.43,624.45,369.98,746496.00,100.0,2000,null,null,10,1920,1080
2026-09-14T16:04:21.510Z,camera_0,1,276.23,0.00,276.23,746496.00,100.0,2000,null,null,10,1920,1080
2026-09-14T16:04:21.510Z,camera_1,1,0.00,0.00,0.00,746496.00,100.0,2000,null,null,10,1920,1080
2026-09-14T16:04:21.510Z,camera_0,1,915.60,639.37,276.23,746496.00,100.0,2000,null,null,10,1920,1080
2026-09-14T16:04:24.510Z,camera_0,1,269.22,0.00,269.22,746496.00,100.0,2000,null,null,10,1920,1080
2026-09-14T16:04:24.510Z,camera_1,1,0.00,0.00,0.00,746496.00,100.0,2000,null,null,10,1920,1080
2026-09-14T16:04:24.510Z,camera_0,1,1013.82,744.60,269.22,746496.00,100.0,2000,null,null,10,1920,1080
2026-09-14T16:04:27.510Z,camera_0,1,309.82,0.00,309.82,746496.00,100.0,2000,null,null,10,1920,1080
2026-09-14T16:04:27.510Z,camera_1,1,0.00,0.00,0.00,746496.00,100.0,2000,null,null,10,1920,1080
2026-09-14T16:04:27.511Z,camera_0,1,941.79,631.97,309.82,746496.00,100.0,2000,null,null,10,1920,1080
2026-09-14T16:04:30.511Z,camera_1,1,0.00,0.00,0.00,746496.00,100.0,2000,null,null,10,1920,1080
2026-09-14T16:04:30.511Z,camera_0,1,241.14,0.00,241.14,746496.00,100.0,2000,null,null,10,1920,1080
2026-09-14T16:04:30.511Z,camera_0,1,871.21,630.06,241.14,746496.00,100.0,2000,null,null,10,1920,1080
2026-09-14T16:04:33.513Z,camera_0,1,496.32,0.00,496.32,746496.00,99.9,2000,null,null,10,1920,1080
2026-09-14T16:04:33.513Z,camera_1,1,0.00,0.00,0.00,746496.00,100.0,2000,null,null,10,1920,1080
2026-09-14T16:04:33.513Z,camera_0,1,1447.45,951.13,496.32,746496.00,99.9,2000,null,null,10,1920,1080
2026-09-14T16:04:36.511Z,camera_0,1,401.57,0.00,401.57,746496.00,99.9,2000,null,null,10,1920,1080
2026-09-14T16:04:36.511Z,camera_1,1,0.00,0.00,0.00,746496.00,100.0,2000,null,null,10,1920,1080
2026-09-14T16:04:36.511Z,camera_0,1,1014.66,613.09,401.57,746496.00,99.9,2000,null,null,10,1920,1080
2026-09-14T16:04:39.512Z,camera_0,1,345.42,0.00,345.42,746496.00,100.0,2000,null,null,10,1920,1080
2026-09-14T16:04:39.514Z,camera_1,1,0.00,0.00,0.00,746496.00,100.0,2000,null,null,10,1920,1080
2026-09-14T16:04:39.514Z,camera_0,1,1086.11,740.69,345.42,746496.00,100.0,2000,null,null,10,1920,1080
2026-09-14T16:04:42.514Z,camera_0,1,109.79,0.00,109.79,746496.00,100.0,2000,null,null,10,1920,1080
2026-09-14T16:04:42.515Z,camera_1,1,0.00,0.00,0.00,746496.00,100.0,2000,null,null,10,1920,1080
2026-09-14T16:04:42.515Z,camera_0,1,873.74,763.95,109.79,746496.00,100.0,2000,null,null,10,1920,1080
2026-09-14T16:04:45.515Z,camera_0,1,443.18,0.00,443.18,746496.00,99.9,2000,null,null,10,1920,1080
2026-09-14T16:04:45.515Z,camera_1,1,0.00,0.00,0.00,746496.00,100.0,2000,null,null,10,1920,1080
2026-09-14T16:04:45.515Z,camera_0,1,1334.98,891.80,443.18,746496.00,99.9,2000,null,null,10,1920,1080
2026-09-14T16:04:48.515Z,camera_0,1,376.00,0.00,376.00,746496.00,99.9,2000,null,null,10,1920,1080
2026-09-14T16:04:48.515Z,camera_1,1,0.00,0.00,0.00,746496.00,100.0,2000,null,null,10,1920,1080
2026-09-14T16:04:48.517Z,camera_0,1,1038.05,662.05,376.00,746496.00,99.9,2000,null,null,10,1920,1080
2026-09-14T16:04:51.514Z,camera_0,1,205.55,0.00,205.55,746496.00,100.0,2000,null,null,10,1920,1080
2026-09-14T16:04:51.515Z,camera_1,1,0.00,0.00,0.00,746496.00,100.0,2000,null,null,10,1920,1080
2026-09-14T16:04:51.515Z,camera_0,1,859.59,654.05,205.55,746496.00,100.0,2000,null,null,10,1920,1080
2026-09-14T16:04:54.514Z,camera_0,1,423.63,0.00,423.63,746496.00,99.9,2000,null,null,10,1920,1080
2026-09-14T16:04:54.515Z,camera_1,1,0.00,0.00,0.00,746496.00,100.0,2000,null,null,10,1920,1080
2026-09-14T16:04:54.515Z,camera_0,1,1185.39,761.76,423.63,746496.00,99.9,2000,null,null,10,1920,1080
2026-09-14T16:04:57.516Z,camera_0,1,94.25,0.00,94.25,746496.00,100.0,2000,null,null,10,1920,1080
2026-09-14T16:04:57.516Z,camera_1,1,0.00,0.00,0.00,746496.00,100.0,2000,null,null,10,1920,1080
2026-09-14T16:04:57.517Z,camera_0,1,535.72,441.47,94.25,746496.00,100.0,2000,null,null,10,1920,1080
2026-09-14T16:05:00.517Z,camera_0,1,269.72,0.00,269.72,746496.00,100.0,2000,null,null,10,1920,1080
2026-09-14T16:05:00.519Z,camera_1,1,0.00,0.00,0.00,746496.00,100.0,2000,null,null,10,1920,1080
2026-09-14T16:05:00.519Z,camera_0,1,821.78,552.07,269.72,746496.00,100.0,2000,null,null,10,1920,1080
2026-09-14T16:05:03.516Z,camera_0,1,181.48,0.00,181.48,746496.00,100.0,2000,null,null,10,1920,1080
2026-09-14T16:05:03.521Z,camera_1,1,0.00,0.00,0.00,746496.00,100.0,2000,null,null,10,1920,1080
2026-09-14T16:05:03.522Z,camera_0,1,618.55,437.07,181.48,746496.00,100.0,2000,null,null,10,1920,1080
2026-09-14T16:05:06.628Z,camera_0,1,310.83,0.00,310.83,746496.00,100.0,2000,null,null,10,1920,1080
2026-09-14T16:05:06.628Z,camera_1,1,0.00,0.00,0.00,746496.00,100.0,2000,null,null,10,1920,1080
2026-09-14T16:05:06.633Z,camera_0,1,936.85,626.02,310.83,746496.00,100.0,2000,null,null,10,1920,1080
2026-09-14T16:05:09.628Z,camera_0,1,206.55,0.00,206.55,746496.00,100.0,2000,null,null,10,1920,1080
2026-09-14T16:05:09.628Z,camera_1,1,0.00,0.00,0.00,746496.00,100.0,2000,null,null,10,1920,1080
2026-09-14T16:05:09.628Z,camera_0,1,776.42,569.87,206.55,746496.00,100.0,2000,null,null,10,1920,1080
2026-09-14T16:05:12.631Z,camera_1,1,0.00,0.00,0.00,746496.00,100.0,2000,null,null,10,1920,1080
2026-09-14T16:05:12.631Z,camera_0,1,912.38,568.97,343.41,746496.00,100.0,2000,null,null,10,1920,1080
2026-09-14T16:05:12.628Z,camera_0,1,343.41,0.00,343.41,746496.00,100.0,2000,null,null,10,1920,1080
2026-09-14T16:05:15.630Z,camera_0,1,101.27,0.00,101.27,746496.00,100.0,2000,null,null,10,1920,1080
2026-09-14T16:05:15.630Z,camera_1,1,0.00,0.00,0.00,746496.00,100.0,2000,null,null,10,1920,1080
2026-09-14T16:05:15.632Z,camera_0,1,544.38,443.11,101.27,746496.00,100.0,2000,null,null,10,1920,1080
2026-09-14T16:05:18.628Z,camera_0,1,471.25,0.00,471.25,746496.00,99.9,2000,null,null,10,1920,1080
2026-09-14T16:05:18.628Z,camera_1,1,0.00,0.00,0.00,746496.00,100.0,2000,null,null,10,1920,1080
2026-09-14T16:05:18.629Z,camera_0,1,1358.90,887.64,471.25,746496.00,99.9,2000,null,null,10,1920,1080
2026-09-14T16:05:21.631Z,camera_0,1,314.84,0.00,314.84,746496.00,100.0,2000,null,null,10,1920,1080
2026-09-14T16:05:21.631Z,camera_1,1,0.00,0.00,0.00,746496.00,100.0,2000,null,null,10,1920,1080
2026-09-14T16:05:21.633Z,camera_0,1,1091.71,776.88,314.84,746496.00,100.0,2000,null,null,10,1920,1080
2026-09-14T16:05:24.630Z,camera_0,1,208.55,0.00,208.55,746496.00,100.0,2000,null,null,10,1920,1080
2026-09-14T16:05:24.630Z,camera_1,1,0.00,0.00,0.00,746496.00,100.0,2000,null,null,10,1920,1080
2026-09-14T16:05:24.631Z,camera_0,1,761.84,553.29,208.55,746496.00,100.0,2000,null,null,10,1920,1080
2026-09-14T16:05:27.632Z,camera_0,1,472.26,0.00,472.26,746496.00,99.9,2000,null,null,10,1920,1080
2026-09-14T16:05:27.632Z,camera_1,1,0.00,0.00,0.00,746496.00,100.0,2000,null,null,10,1920,1080
2026-09-14T16:05:27.636Z,camera_0,1,1467.73,995.47,472.26,746496.00,99.9,2000,null,null,10,1920,1080
2026-09-14T16:05:30.634Z,camera_0,1,333.89,0.00,333.89,746496.00,100.0,2000,null,null,10,1920,1080
2026-09-14T16:05:30.634Z,camera_1,1,0.00,0.00,0.00,746496.00,100.0,2000,null,null,10,1920,1080
2026-09-14T16:05:30.634Z,camera_0,1,1105.84,771.95,333.89,746496.00,100.0,2000,null,null,10,1920,1080
2026-09-14T16:05:33.634Z,camera_0,1,412.10,0.00,412.10,746496.00,99.9,2000,null,null,10,1920,1080
2026-09-14T16:05:33.634Z,camera_1,1,0.00,0.00,0.00,746496.00,100.0,2000,null,null,10,1920,1080
2026-09-14T16:05:33.634Z,camera_0,1,1068.18,656.09,412.10,746496.00,99.9,2000,null,null,10,1920,1080
2026-09-14T16:05:36.634Z,camera_0,1,263.20,0.00,263.20,746496.00,100.0,2000,null,null,10,1920,1080
2026-09-14T16:05:36.634Z,camera_1,1,0.00,0.00,0.00,746496.00,100.0,2000,null,null,10,1920,1080
2026-09-14T16:05:36.634Z,camera_0,1,1140.76,877.56,263.20,746496.00,100.0,2000,null,null,10,1920,1080
2026-09-14T16:05:39.646Z,camera_0,1,416.61,0.00,416.61,746496.00,99.9,2000,null,null,10,1920,1080
2026-09-14T16:05:39.646Z,camera_1,1,0.00,0.00,0.00,746496.00,100.0,2000,null,null,10,1920,1080
2026-09-14T16:05:39.647Z,camera_0,1,1294.36,877.75,416.61,746496.00,99.9,2000,null,null,10,1920,1080
2026-09-14T16:05:42.647Z,camera_0,1,313.33,0.00,313.33,746496.00,100.0,2000,null,null,10,1920,1080
2026-09-14T16:05:42.647Z,camera_1,1,0.00,0.00,0.00,746496.00,100.0,2000,null,null,10,1920,1080
2026-09-14T16:05:42.647Z,camera_0,1,970.93,657.60,313.33,746496.00,100.0,2000,null,null,10,1920,1080
2026-09-14T16:05:45.646Z,camera_0,1,266.71,0.00,266.71,746496.00,100.0,2000,null,null,10,1920,1080
2026-09-14T16:05:45.647Z,camera_1,1,0.00,0.00,0.00,746496.00,100.0,2000,null,null,10,1920,1080
2026-09-14T16:05:45.647Z,camera_0,1,1032.64,765.93,266.71,746496.00,100.0,2000,null,null,10,1920,1080
2026-09-14T16:05:48.649Z,camera_0,1,424.13,0.00,424.13,746496.00,99.9,2000,null,null,10,1920,1080
2026-09-14T16:05:48.649Z,camera_1,1,0.00,0.00,0.00,746496.00,100.0,2000,null,null,10,1920,1080
2026-09-14T16:05:48.649Z,camera_0,1,1305.87,881.74,424.13,746496.00,99.9,2000,null,null,10,1920,1080
2026-09-14T16:05:51.650Z,camera_0,1,300.80,0.00,300.80,746496.00,100.0,2000,null,null,10,1920,1080
2026-09-14T16:05:51.650Z,camera_1,1,0.00,0.00,0.00,746496.00,100.0,2000,null,null,10,1920,1080
2026-09-14T16:05:51.650Z,camera_0,1,970.76,669.96,300.80,746496.00,100.0,2000,null,null,10,1920,1080
2026-09-14T16:05:54.651Z,camera_0,1,244.15,0.00,244.15,746496.00,100.0,2000,null,null,10,1920,1080
2026-09-14T16:05:54.651Z,camera_1,1,0.00,0.00,0.00,746496.00,100.0,2000,null,null,10,1920,1080
2026-09-14T16:05:54.653Z,camera_0,1,906.69,662.54,244.15,746496.00,100.0,2000,null,null,10,1920,1080
2026-09-14T16:05:57.657Z,camera_0,1,404.07,0.00,404.07,746496.00,99.9,2000,null,null,10,1920,1080
2026-09-14T16:05:57.657Z,camera_1,1,0.00,0.00,0.00,746496.00,100.0,2000,null,null,10,1920,1080
2026-09-14T16:05:57.657Z,camera_0,1,1160.89,756.82,404.07,746496.00,99.9,2000,null,null,10,1920,1080
2026-09-14T16:06:00.658Z,camera_0,1,282.25,0.00,282.25,746496.00,100.0,2000,null,null,10,1920,1080
2026-09-14T16:06:00.658Z,camera_1,1,0.00,0.00,0.00,746496.00,100.0,2000,null,null,10,1920,1080
2026-09-14T16:06:00.659Z,camera_0,1,824.24,541.99,282.25,746496.00,100.0,2000,null,null,10,1920,1080
2026-09-14T16:06:03.662Z,camera_1,1,0.00,0.00,0.00,746496.00,100.0,2000,null,null,10,1920,1080
2026-09-14T16:06:03.662Z,camera_0,1,1047.00,757.23,289.77,746496.00,100.0,2000,null,null,10,1920,1080
2026-09-14T16:06:03.662Z,camera_0,1,289.77,0.00,289.77,746496.00,100.0,2000,null,null,10,1920,1080
2026-09-14T16:06:06.783Z,camera_0,1,319.35,0.00,319.35,746496.00,100.0,2000,null,null,10,1920,1080
2026-09-14T16:06:06.783Z,camera_1,1,0.00,0.00,0.00,746496.00,100.0,2000,null,null,10,1920,1080
2026-09-14T16:06:06.784Z,camera_0,1,972.97,653.62,319.35,746496.00,100.0,2000,null,null,10,1920,1080
2026-09-14T16:06:09.849Z,camera_0,1,362.97,0.00,362.97,746496.00,100.0,2000,null,null,10,1920,1080
2026-09-14T16:06:09.850Z,camera_1,1,0.00,0.00,0.00,746496.00,100.0,2000,null,null,10,1920,1080
2026-09-14T16:06:09.851Z,camera_0,1,1019.46,656.50,362.97,746496.00,100.0,2000,null,null,10,1920,1080
2026-09-14T16:06:12.850Z,camera_0,1,363.47,0.00,363.47,746496.00,100.0,2000,null,null,10,1920,1080
2026-09-14T16:06:12.852Z,camera_1,1,0.00,0.00,0.00,746496.00,100.0,2000,null,null,10,1920,1080
2026-09-14T16:06:12.852Z,camera_0,1,1207.02,843.56,363.47,746496.00,100.0,2000,null,null,10,1920,1080
2026-09-14T16:06:15.873Z,camera_0,1,400.06,0.00,400.06,746496.00,99.9,2000,null,null,10,1920,1080
2026-09-14T16:06:15.873Z,camera_1,1,0.00,0.00,0.00,746496.00,100.0,2000,null,null,10,1920,1080
2026-09-14T16:06:15.873Z,camera_0,1,1027.11,627.05,400.06,746496.00,99.9,2000,null,null,10,1920,1080
2026-09-14T16:06:18.873Z,camera_0,1,136.36,0.00,136.36,746496.00,100.0,2000,null,null,10,1920,1080
2026-09-14T16:06:18.874Z,camera_1,1,0.00,0.00,0.00,746496.00,100.0,2000,null,null,10,1920,1080
2026-09-14T16:06:18.874Z,camera_0,1,652.95,516.59,136.36,746496.00,100.0,2000,null,null,10,1920,1080
2026-09-14T16:06:21.874Z,camera_0,1,275.73,0.00,275.73,746496.00,100.0,2000,null,null,10,1920,1080
2026-09-14T16:06:21.874Z,camera_1,1,0.00,0.00,0.00,746496.00,100.0,2000,null,null,10,1920,1080
2026-09-14T16:06:21.885Z,camera_0,1,791.58,515.85,275.73,746496.00,100.0,2000,null,null,10,1920,1080
2026-09-14T16:06:24.875Z,camera_0,1,174.46,0.00,174.46,746496.00,100.0,2000,null,null,10,1920,1080
2026-09-14T16:06:24.876Z,camera_1,1,0.00,0.00,0.00,746496.00,100.0,2000,null,null,10,1920,1080
2026-09-14T16:06:24.876Z,camera_0,1,580.37,405.91,174.46,746496.00,100.0,2000,null,null,10,1920,1080
2026-09-14T16:06:27.892Z,camera_0,1,368.98,0.00,368.98,746496.00,100.0,2000,null,null,10,1920,1080
2026-09-14T16:06:27.892Z,camera_1,1,0.00,0.00,0.00,746496.00,100.0,2000,null,null,10,1920,1080
2026-09-14T16:06:27.892Z,camera_0,1,989.65,620.67,368.98,746496.00,100.0,2000,null,null,10,1920,1080
2026-09-14T16:06:30.877Z,camera_0,1,131.35,0.00,131.35,746496.00,100.0,2000,null,null,10,1920,1080
2026-09-14T16:06:30.877Z,camera_1,1,0.00,0.00,0.00,746496.00,100.0,2000,null,null,10,1920,1080
2026-09-14T16:06:30.879Z,camera_0,1,665.26,533.91,131.35,746496.00,100.0,2000,null,null,10,1920,1080
2026-09-14T16:06:33.939Z,camera_0,1,270.22,0.00,270.22,746496.00,100.0,2000,null,null,10,1920,1080
2026-09-14T16:06:33.939Z,camera_1,1,0.00,0.00,0.00,746496.00,100.0,2000,null,null,10,1920,1080
2026-09-14T16:06:33.939Z,camera_0,1,802.62,532.41,270.22,746496.00,100.0,2000,null,null,10,1920,1080
2026-09-14T16:06:36.939Z,camera_0,1,172.96,0.00,172.96,746496.00,100.0,2000,null,null,10,1920,1080
2026-09-14T16:06:36.940Z,camera_0,1,584.12,411.16,172.96,746496.00,100.0,2000,null,null,10,1920,1080
2026-09-14T16:06:36.939Z,camera_1,1,0.00,0.00,0.00,746496.00,100.0,2000,null,null,10,1920,1080
2026-09-14T16:06:39.940Z,camera_0,1,452.20,0.00,452.20,746496.00,99.9,2000,null,null,10,1920,1080
2026-09-14T16:06:39.940Z,camera_1,1,0.00,0.00,0.00,746496.00,100.0,2000,null,null,10,1920,1080
2026-09-14T16:06:39.941Z,camera_0,1,1069.44,617.23,452.20,746496.00,99.9,2000,null,null,10,1920,1080
2026-09-14T16:06:42.943Z,camera_0,1,114.30,0.00,114.30,746496.00,100.0,2000,null,null,10,1920,1080
2026-09-14T16:06:42.944Z,camera_1,1,0.00,0.00,0.00,746496.00,100.0,2000,null,null,10,1920,1080
2026-09-14T16:06:42.944Z,camera_0,1,635.46,521.15,114.30,746496.00,100.0,2000,null,null,10,1920,1080
2026-09-14T16:06:45.952Z,camera_1,1,0.00,0.00,0.00,746496.00,100.0,2000,null,null,10,1920,1080
2026-09-14T16:06:45.952Z,camera_0,1,355.95,0.00,355.95,746496.00,100.0,2000,null,null,10,1920,1080
2026-09-14T16:06:45.955Z,camera_0,1,878.21,522.26,355.95,746496.00,100.0,2000,null,null,10,1920,1080
2026-09-14T16:06:48.953Z,camera_0,1,135.86,0.00,135.86,746496.00,100.0,2000,null,null,10,1920,1080
2026-09-14T16:06:48.953Z,camera_1,1,0.00,0.00,0.00,746496.00,100.0,2000,null,null,10,1920,1080
2026-09-14T16:06:48.953Z,camera_0,1,658.00,522.14,135.86,746496.00,100.0,2000,null,null,10,1920,1080
2026-09-14T16:06:51.956Z,camera_0,1,344.92,0.00,344.92,746496.00,100.0,2000,null,null,10,1920,1080
2026-09-14T16:06:51.956Z,camera_1,1,0.00,0.00,0.00,746496.00,100.0,2000,null,null,10,1920,1080
2026-09-14T16:06:51.956Z,camera_0,1,866.94,522.02,344.92,746496.00,100.0,2000,null,null,10,1920,1080
2026-09-14T16:06:55.094Z,camera_0,1,132.85,0.00,132.85,746496.00,100.0,2000,null,null,10,1920,1080
2026-09-14T16:06:55.094Z,camera_1,1,0.00,0.00,0.00,746496.00,100.0,2000,null,null,10,1920,1080
2026-09-14T16:06:55.094Z,camera_0,1,682.69,549.84,132.85,746496.00,100.0,2000,null,null,10,1920,1080
2026-09-14T16:06:58.094Z,camera_0,1,273.23,0.00,273.23,746496.00,100.0,2000,null,null,10,1920,1080
2026-09-14T16:06:58.094Z,camera_1,1,0.00,0.00,0.00,746496.00,100.0,2000,null,null,10,1920,1080
2026-09-14T16:06:58.095Z,camera_0,1,823.56,550.34,273.23,746496.00,100.0,2000,null,null,10,1920,1080
2026-09-14T16:07:01.094Z,camera_0,1,198.53,0.00,198.53,746496.00,100.0,2000,null,null,10,1920,1080
2026-09-14T16:07:01.094Z,camera_1,1,0.00,0.00,0.00,746496.00,100.0,2000,null,null,10,1920,1080
2026-09-14T16:07:01.094Z,camera_0,1,723.06,524.54,198.53,746496.00,100.0,2000,null,null,10,1920,1080
2026-09-14T16:07:04.094Z,camera_0,1,270.22,0.00,270.22,746496.00,100.0,2000,null,null,10,1920,1080
2026-09-14T16:07:04.094Z,camera_1,1,0.00,0.00,0.00,746496.00,100.0,2000,null,null,10,1920,1080
2026-09-14T16:07:04.096Z,camera_0,1,809.27,539.06,270.22,746496.00,100.0,2000,null,null,10,1920,1080
2026-09-14T16:07:07.094Z,camera_0,1,199.03,0.00,199.03,746496.00,100.0,2000,null,null,10,1920,1080
2026-09-14T16:07:07.095Z,camera_1,1,0.00,0.00,0.00,746496.00,100.0,2000,null,null,10,1920,1080
2026-09-14T16:07:07.096Z,camera_0,1,737.50,538.47,199.03,746496.00,100.0,2000,null,null,10,1920,1080
2026-09-14T16:07:10.094Z,camera_0,1,345.42,0.00,345.42,746496.00,100.0,2000,null,null,10,1920,1080
2026-09-14T16:07:10.095Z,camera_1,1,0.00,0.00,0.00,746496.00,100.0,2000,null,null,10,1920,1080
2026-09-14T16:07:10.095Z,camera_0,1,884.62,539.20,345.42,746496.00,100.0,2000,null,null,10,1920,1080
2026-09-14T16:07:13.094Z,camera_0,1,128.84,0.00,128.84,746496.00,100.0,2000,null,null,10,1920,1080
2026-09-14T16:07:13.094Z,camera_1,1,0.00,0.00,0.00,746496.00,100.0,2000,null,null,10,1920,1080
2026-09-14T16:07:13.095Z,camera_0,1,668.17,539.33,128.84,746496.00,100.0,2000,null,null,10,1920,1080
2026-09-14T16:07:16.174Z,camera_0,1,435.16,0.00,435.16,746496.00,99.9,2000,null,null,10,1920,1080
2026-09-14T16:07:16.174Z,camera_1,1,0.00,0.00,0.00,746496.00,100.0,2000,null,null,10,1920,1080
2026-09-14T16:07:16.175Z,camera_0,1,1064.19,629.03,435.16,746496.00,99.9,2000,null,null,10,1920,1080
2026-09-14T16:07:19.229Z,camera_0,1,309.82,0.00,309.82,746496.00,100.0,2000,null,null,10,1920,1080
2026-09-14T16:07:19.229Z,camera_1,1,0.00,0.00,0.00,746496.00,100.0,2000,null,null,10,1920,1080
2026-09-14T16:07:19.229Z,camera_0,1,1168.41,858.58,309.82,746496.00,100.0,2000,null,null,10,1920,1080
2026-09-14T16:07:22.276Z,camera_0,1,237.13,0.00,237.13,746496.00,100.0,2000,null,null,10,1920,1080
2026-09-14T16:07:22.277Z,camera_1,1,0.00,0.00,0.00,746496.00,100.0,2000,null,null,10,1920,1080
2026-09-14T16:07:22.277Z,camera_0,1,877.15,640.02,237.13,746496.00,100.0,2000,null,null,10,1920,1080
2026-09-14T16:07:25.275Z,camera_0,1,384.02,0.00,384.02,746496.00,99.9,2000,null,null,10,1920,1080
2026-09-14T16:07:25.275Z,camera_1,1,0.00,0.00,0.00,746496.00,100.0,2000,null,null,10,1920,1080
2026-09-14T16:07:25.275Z,camera_0,1,1106.34,722.32,384.02,746496.00,99.9,2000,null,null,10,1920,1080
2026-09-14T16:07:28.277Z,camera_0,1,283.25,0.00,283.25,746496.00,100.0,2000,null,null,10,1920,1080
2026-09-14T16:07:28.277Z,camera_1,1,0.00,0.00,0.00,746496.00,100.0,2000,null,null,10,1920,1080
2026-09-14T16:07:28.277Z,camera_0,1,798.12,514.87,283.25,746496.00,100.0,2000,null,null,10,1920,1080
2026-09-14T16:07:31.278Z,camera_0,1,251.17,0.00,251.17,746496.00,100.0,2000,null,null,10,1920,1080
2026-09-14T16:07:31.278Z,camera_1,1,0.00,0.00,0.00,746496.00,100.0,2000,null,null,10,1920,1080
2026-09-14T16:07:31.278Z,camera_0,1,870.98,619.82,251.17,746496.00,100.0,2000,null,null,10,1920,1080
2026-09-14T16:07:34.279Z,camera_0,1,309.82,0.00,309.82,746496.00,100.0,2000,null,null,10,1920,1080
2026-09-14T16:07:34.279Z,camera_1,1,0.00,0.00,0.00,746496.00,100.0,2000,null,null,10,1920,1080
2026-09-14T16:07:34.279Z,camera_0,1,929.27,619.45,309.82,746496.00,100.0,2000,null,null,10,1920,1080
2026-09-14T16:07:37.278Z,camera_0,1,406.58,0.00,406.58,746496.00,99.9,2000,null,null,10,1920,1080
2026-09-14T16:07:37.278Z,camera_1,1,0.00,0.00,0.00,746496.00,100.0,2000,null,null,10,1920,1080
2026-09-14T16:07:37.278Z,camera_0,1,1157.37,750.79,406.58,746496.00,99.9,2000,null,null,10,1920,1080
2026-09-14T16:07:40.278Z,camera_0,1,261.70,0.00,261.70,746496.00,100.0,2000,null,null,10,1920,1080
2026-09-14T16:07:40.278Z,camera_1,1,0.00,0.00,0.00,746496.00,100.0,2000,null,null,10,1920,1080
2026-09-14T16:07:40.278Z,camera_0,1,1144.78,883.08,261.70,746496.00,100.0,2000,null,null,10,1920,1080
2026-09-14T16:07:43.279Z,camera_0,1,244.15,0.00,244.15,746496.00,100.0,2000,null,null,10,1920,1080
2026-09-14T16:07:43.280Z,camera_1,1,0.00,0.00,0.00,746496.00,100.0,2000,null,null,10,1920,1080
2026-09-14T16:07:43.280Z,camera_0,1,692.59,448.44,244.15,746496.00,100.0,2000,null,null,10,1920,1080
2026-09-14T16:07:46.281Z,camera_0,1,236.13,0.00,236.13,746496.00,100.0,2000,null,null,10,1920,1080
2026-09-14T16:07:46.284Z,camera_1,1,0.00,0.00,0.00,746496.00,100.0,2000,null,null,10,1920,1080
2026-09-14T16:07:46.286Z,camera_0,1,897.39,661.26,236.13,746496.00,100.0,2000,null,null,10,1920,1080
2026-09-14T16:07:49.281Z,camera_0,1,237.13,0.00,237.13,746496.00,100.0,2000,null,null,10,1920,1080
2026-09-14T16:07:49.291Z,camera_1,1,0.00,0.00,0.00,746496.00,100.0,2000,null,null,10,1920,1080
2026-09-14T16:07:49.294Z,camera_0,1,662.26,425.13,237.13,746496.00,100.0,2000,null,null,10,1920,1080
2026-09-14T16:07:52.284Z,camera_0,1,259.19,0.00,259.19,746496.00,100.0,2000,null,null,10,1920,1080
2026-09-14T16:07:52.287Z,camera_1,1,0.00,0.00,0.00,746496.00,100.0,2000,null,null,10,1920,1080
2026-09-14T16:07:52.287Z,camera_0,1,915.22,656.03,259.19,746496.00,100.0,2000,null,null,10,1920,1080
2026-09-14T16:07:55.282Z,camera_0,1,290.77,0.00,290.77,746496.00,100.0,2000,null,null,10,1920,1080
2026-09-14T16:07:55.286Z,camera_1,1,0.00,0.00,0.00,746496.00,100.0,2000,null,null,10,1920,1080
2026-09-14T16:07:55.291Z,camera_0,1,816.54,525.77,290.77,746496.00,100.0,2000,null,null,10,1920,1080
2026-09-14T16:07:58.282Z,camera_0,1,208.55,0.00,208.55,746496.00,100.0,2000,null,null,10,1920,1080
2026-09-14T16:07:58.282Z,camera_1,1,0.00,0.00,0.00,746496.00,100.0,2000,null,null,10,1920,1080
2026-09-14T16:07:58.283Z,camera_0,1,759.09,550.54,208.55,746496.00,100.0,2000,null,null,10,1920,1080
2026-09-14T16:08:01.282Z,camera_0,1,461.73,0.00,461.73,746496.00,99.9,2000,null,null,10,1920,1080
2026-09-14T16:08:01.282Z,camera_1,1,0.00,0.00,0.00,746496.00,100.0,2000,null,null,10,1920,1080
2026-09-14T16:08:01.285Z,camera_0,1,1476.84,1015.11,461.73,746496.00,99.9,2000,null,null,10,1920,1080
2026-09-14T16:08:04.283Z,camera_0,1,317.34,0.00,317.34,746496.00,100.0,2000,null,null,10,1920,1080
2026-09-14T16:08:04.284Z,camera_1,1,0.00,0.00,0.00,746496.00,100.0,2000,null,null,10,1920,1080
2026-09-14T16:08:04.284Z,camera_0,1,1002.72,685.37,317.34,746496.00,100.0,2000,null,null,10,1920,1080
2026-09-14T16:08:07.285Z,camera_0,1,387.53,0.00,387.53,746496.00,99.9,2000,null,null,10,1920,1080
2026-09-14T16:08:07.285Z,camera_1,1,0.00,0.00,0.00,746496.00,100.0,2000,null,null,10,1920,1080
2026-09-14T16:08:07.285Z,camera_0,1,1166.46,778.93,387.53,746496.00,99.9,2000,null,null,10,1920,1080
2026-09-14T16:08:10.285Z,camera_0,1,310.33,0.00,310.33,746496.00,100.0,2000,null,null,10,1920,1080
2026-09-14T16:08:10.286Z,camera_1,1,0.00,0.00,0.00,746496.00,100.0,2000,null,null,10,1920,1080
2026-09-14T16:08:10.289Z,camera_0,1,1201.44,891.12,310.33,746496.00,100.0,2000,null,null,10,1920,1080
2026-09-14T16:08:13.377Z,camera_1,1,0.00,0.00,0.00,746496.00,100.0,2000,null,null,10,1920,1080
2026-09-14T16:08:13.377Z,camera_0,1,1185.35,783.29,402.07,746496.00,99.9,2000,null,null,10,1920,1080
2026-09-14T16:08:13.376Z,camera_0,1,402.07,0.00,402.07,746496.00,99.9,2000,null,null,10,1920,1080
2026-09-14T16:08:16.374Z,camera_0,1,333.39,0.00,333.39,746496.00,100.0,2000,null,null,10,1920,1080
2026-09-14T16:08:16.374Z,camera_1,1,0.00,0.00,0.00,746496.00,100.0,2000,null,null,10,1920,1080
2026-09-14T16:08:16.374Z,camera_0,1,989.70,656.31,333.39,746496.00,100.0,2000,null,null,10,1920,1080
2026-09-14T16:08:19.374Z,camera_0,1,246.15,0.00,246.15,746496.00,100.0,2000,null,null,10,1920,1080
2026-09-14T16:08:19.378Z,camera_1,1,0.00,0.00,0.00,746496.00,100.0,2000,null,null,10,1920,1080
2026-09-14T16:08:19.380Z,camera_0,1,789.54,543.38,246.15,746496.00,100.0,2000,null,null,10,1920,1080
2026-09-14T16:08:22.375Z,camera_0,1,259.19,0.00,259.19,746496.00,100.0,2000,null,null,10,1920,1080
2026-09-14T16:08:22.375Z,camera_1,1,0.00,0.00,0.00,746496.00,100.0,2000,null,null,10,1920,1080
2026-09-14T16:08:22.376Z,camera_0,1,793.05,533.86,259.19,746496.00,100.0,2000,null,null,10,1920,1080
2026-09-14T16:08:25.377Z,camera_0,1,296.29,0.00,296.29,746496.00,100.0,2000,null,null,10,1920,1080
2026-09-14T16:08:25.377Z,camera_1,1,0.00,0.00,0.00,746496.00,100.0,2000,null,null,10,1920,1080
2026-09-14T16:08:25.377Z,camera_0,1,1034.62,738.33,296.29,746496.00,100.0,2000,null,null,10,1920,1080
2026-09-14T16:08:28.375Z,camera_0,1,316.34,0.00,316.34,746496.00,100.0,2000,null,null,10,1920,1080
2026-09-14T16:08:28.376Z,camera_1,1,0.00,0.00,0.00,746496.00,100.0,2000,null,null,10,1920,1080
2026-09-14T16:08:28.379Z,camera_0,1,956.15,639.81,316.34,746496.00,100.0,2000,null,null,10,1920,1080
2026-09-14T16:08:31.376Z,camera_0,1,189.50,0.00,189.50,746496.00,100.0,2000,null,null,10,1920,1080
2026-09-14T16:08:31.378Z,camera_1,1,0.00,0.00,0.00,746496.00,100.0,2000,null,null,10,1920,1080
2026-09-14T16:08:31.381Z,camera_0,1,622.60,433.10,189.50,746496.00,100.0,2000,null,null,10,1920,1080
2026-09-14T16:08:34.377Z,camera_0,1,330.88,0.00,330.88,746496.00,100.0,2000,null,null,10,1920,1080
2026-09-14T16:08:34.377Z,camera_1,1,0.00,0.00,0.00,746496.00,100.0,2000,null,null,10,1920,1080
2026-09-14T16:08:34.377Z,camera_0,1,981.87,650.99,330.88,746496.00,100.0,2000,null,null,10,1920,1080
2026-09-14T16:08:37.377Z,camera_0,1,357.45,0.00,357.45,746496.00,100.0,2000,null,null,10,1920,1080
2026-09-14T16:08:37.378Z,camera_1,1,0.00,0.00,0.00,746496.00,100.0,2000,null,null,10,1920,1080
2026-09-14T16:08:37.378Z,camera_0,1,1000.08,642.63,357.45,746496.00,100.0,2000,null,null,10,1920,1080
2026-09-14T16:08:40.381Z,camera_0,1,311.83,0.00,311.83,746496.00,100.0,2000,null,null,10,1920,1080
2026-09-14T16:08:40.381Z,camera_1,1,0.00,0.00,0.00,746496.00,100.0,2000,null,null,10,1920,1080
2026-09-14T16:08:40.381Z,camera_0,1,1149.40,837.57,311.83,746496.00,100.0,2000,null,null,10,1920,1080
2026-09-14T16:08:43.382Z,camera_0,1,328.37,0.00,328.37,746496.00,100.0,2000,null,null,10,1920,1080
2026-09-14T16:08:43.386Z,camera_1,1,0.00,0.00,0.00,746496.00,100.0,2000,null,null,10,1920,1080
2026-09-14T16:08:43.389Z,camera_0,1,933.22,604.85,328.37,746496.00,100.0,2000,null,null,10,1920,1080
2026-09-14T16:08:46.382Z,camera_0,1,366.98,0.00,366.98,746496.00,100.0,2000,null,null,10,1920,1080
2026-09-14T16:08:46.383Z,camera_1,1,0.00,0.00,0.00,746496.00,100.0,2000,null,null,10,1920,1080
2026-09-14T16:08:46.385Z,camera_0,1,859.06,492.09,366.98,746496.00,100.0,2000,null,null,10,1920,1080
2026-09-14T16:08:49.383Z,camera_0,1,288.77,0.00,288.77,746496.00,100.0,2000,null,null,10,1920,1080
2026-09-14T16:08:49.386Z,camera_1,1,0.00,0.00,0.00,746496.00,100.0,2000,null,null,10,1920,1080
2026-09-14T16:08:49.386Z,camera_0,1,779.21,490.44,288.77,746496.00,100.0,2000,null,null,10,1920,1080
2026-09-14T16:08:52.466Z,camera_0,1,294.28,0.00,294.28,746496.00,100.0,2000,null,null,10,1920,1080
2026-09-14T16:08:52.466Z,camera_1,1,0.00,0.00,0.00,746496.00,100.0,2000,null,null,10,1920,1080
2026-09-14T16:08:52.466Z,camera_0,1,1214.19,919.90,294.28,746496.00,100.0,2000,null,null,10,1920,1080
2026-09-14T16:08:55.535Z,camera_0,1,216.07,0.00,216.07,746496.00,100.0,2000,null,null,10,1920,1080
2026-09-14T16:08:55.537Z,camera_0,1,727.89,511.82,216.07,746496.00,100.0,2000,null,null,10,1920,1080
2026-09-14T16:08:55.536Z,camera_1,1,0.00,0.00,0.00,746496.00,100.0,2000,null,null,10,1920,1080
2026-09-14T16:08:58.534Z,camera_0,1,232.62,0.00,232.62,746496.00,100.0,2000,null,null,10,1920,1080
2026-09-14T16:08:58.534Z,camera_1,1,0.00,0.00,0.00,746496.00,100.0,2000,null,null,10,1920,1080
2026-09-14T16:08:58.534Z,camera_0,1,646.85,414.23,232.62,746496.00,100.0,2000,null,null,10,1920,1080
2026-09-14T16:09:01.533Z,camera_0,1,225.60,0.00,225.60,746496.00,100.0,2000,null,null,10,1920,1080
2026-09-14T16:09:01.533Z,camera_1,1,0.00,0.00,0.00,746496.00,100.0,2000,null,null,10,1920,1080
2026-09-14T16:09:01.534Z,camera_0,1,426.38,200.78,225.60,746496.00,100.0,2000,null,null,10,1920,1080
2026-09-14T16:09:04.534Z,camera_1,1,0.00,0.00,0.00,147571.20,100.0,2000,null,null,30,854,480
2026-09-14T16:09:04.534Z,camera_0,1,31.08,0.00,31.08,147571.20,100.0,2000,null,null,30,854,480
2026-09-14T16:09:04.552Z,camera_0,1,1070.04,1038.95,31.08,147571.20,100.0,2000,null,null,30,854,480
2026-09-14T16:09:07.537Z,camera_0,1,454.21,0.00,454.21,147571.20,99.7,2000,null,null,30,854,480
2026-09-14T16:09:07.538Z,camera_1,1,0.00,0.00,0.00,147571.20,100.0,2000,null,null,30,854,480
2026-09-14T16:09:07.540Z,camera_0,1,454.21,0.00,454.21,147571.20,99.7,2000,null,null,30,854,480
2026-09-14T16:09:10.540Z,camera_0,1,0.00,0.00,0.00,746496.00,100.0,2000,null,null,10,1920,1080
2026-09-14T16:09:10.541Z,camera_1,1,0.00,0.00,0.00,746496.00,100.0,2000,null,null,10,1920,1080
2026-09-14T16:09:10.545Z,camera_0,1,1093.56,1093.56,0.00,746496.00,100.0,2000,null,null,10,1920,1080
2026-09-14T16:09:13.541Z,camera_0,1,0.00,0.00,0.00,746496.00,100.0,2000,null,null,10,1920,1080
2026-09-14T16:09:13.541Z,camera_1,1,0.00,0.00,0.00,746496.00,100.0,2000,null,null,10,1920,1080
2026-09-14T16:09:13.541Z,camera_0,1,1109.81,1109.81,0.00,746496.00,100.0,2000,null,null,10,1920,1080
2026-09-14T16:09:16.542Z,camera_0,1,0.00,0.00,0.00,746496.00,100.0,2000,null,null,10,1920,1080
2026-09-14T16:09:16.543Z,camera_1,1,0.00,0.00,0.00,746496.00,100.0,2000,null,null,10,1920,1080
2026-09-14T16:09:16.543Z,camera_0,1,638.59,638.59,0.00,746496.00,100.0,2000,null,null,10,1920,1080
2026-09-14T16:09:19.543Z,camera_0,1,0.00,0.00,0.00,746496.00,100.0,2000,null,null,10,1920,1080
2026-09-14T16:09:19.543Z,camera_1,1,0.00,0.00,0.00,746496.00,100.0,2000,null,null,10,1920,1080
2026-09-14T16:09:19.544Z,camera_0,1,0.00,0.00,0.00,746496.00,100.0,2000,null,null,10,1920,1080
2026-09-14T16:09:22.544Z,camera_1,1,0.00,0.00,0.00,746496.00,100.0,2000,null,null,10,1920,1080
2026-09-14T16:09:22.544Z,camera_0,1,320.17,212.39,107.79,746496.00,100.0,2000,null,null,10,1920,1080
2026-09-14T16:09:22.544Z,camera_0,1,107.79,0.00,107.79,746496.00,100.0,2000,null,null,10,1920,1080
2026-09-14T16:09:25.548Z,camera_0,1,10.53,0.00,10.53,147571.20,100.0,2000,null,null,30,854,480
2026-09-14T16:09:25.548Z,camera_1,1,0.00,0.00,0.00,147571.20,100.0,2000,null,null,30,854,480
2026-09-14T16:09:25.549Z,camera_0,1,216.74,206.21,10.53,147571.20,100.0,2000,null,null,30,854,480
2026-09-14T16:09:28.550Z,camera_0,1,0.00,0.00,0.00,147571.20,100.0,2000,null,null,30,854,480
2026-09-14T16:09:28.550Z,camera_1,1,0.00,0.00,0.00,147571.20,100.0,2000,null,null,30,854,480
2026-09-14T16:09:28.551Z,camera_0,1,0.00,0.00,0.00,147571.20,100.0,2000,null,null,30,854,480
2026-09-14T16:09:31.565Z,camera_0,1,0.00,0.00,0.00,746496.00,100.0,2000,null,null,10,1920,1080
2026-09-14T16:09:31.565Z,camera_1,1,0.00,0.00,0.00,746496.00,100.0,2000,null,null,10,1920,1080
2026-09-14T16:09:31.567Z,camera_0,1,106.42,106.42,0.00,746496.00,100.0,2000,null,null,10,1920,1080
2026-09-14T16:09:34.572Z,camera_0,1,0.00,0.00,0.00,746496.00,100.0,2000,null,null,10,1920,1080
2026-09-14T16:09:34.572Z,camera_1,1,0.00,0.00,0.00,746496.00,100.0,2000,null,null,10,1920,1080
2026-09-14T16:09:34.573Z,camera_0,1,325.90,325.90,0.00,746496.00,100.0,2000,null,null,10,1920,1080
2026-09-14T16:09:37.574Z,camera_0,1,0.00,0.00,0.00,746496.00,100.0,2000,null,null,10,1920,1080
2026-09-14T16:09:37.574Z,camera_1,1,0.00,0.00,0.00,746496.00,100.0,2000,null,null,10,1920,1080
2026-09-14T16:09:37.574Z,camera_0,1,213.09,213.09,0.00,746496.00,100.0,2000,null,null,10,1920,1080
2026-09-14T16:09:40.769Z,camera_0,1,0.00,0.00,0.00,746496.00,100.0,2000,null,null,10,1920,1080
2026-09-14T16:09:40.776Z,camera_1,1,0.00,0.00,0.00,746496.00,100.0,2000,null,null,10,1920,1080
2026-09-14T16:09:40.777Z,camera_0,1,694.88,694.88,0.00,746496.00,100.0,2000,null,null,10,1920,1080
2026-09-14T16:09:43.771Z,camera_0,1,0.00,0.00,0.00,746496.00,100.0,2000,null,null,10,1920,1080
2026-09-14T16:09:43.771Z,camera_1,1,0.00,0.00,0.00,746496.00,100.0,2000,null,null,10,1920,1080
2026-09-14T16:09:43.772Z,camera_0,1,294.30,294.30,0.00,746496.00,100.0,2000,null,null,10,1920,1080
2026-09-14T16:09:46.774Z,camera_0,1,0.00,0.00,0.00,746496.00,100.0,2000,null,null,10,1920,1080
2026-09-14T16:09:46.774Z,camera_1,1,0.00,0.00,0.00,746496.00,100.0,2000,null,null,10,1920,1080
2026-09-14T16:09:46.774Z,camera_0,1,416.75,416.75,0.00,746496.00,100.0,2000,null,null,10,1920,1080
2026-09-14T16:09:49.775Z,camera_0,1,0.00,0.00,0.00,746496.00,100.0,2000,null,null,10,1920,1080
2026-09-14T16:09:49.775Z,camera_1,1,0.00,0.00,0.00,746496.00,100.0,2000,null,null,10,1920,1080
2026-09-14T16:09:49.776Z,camera_0,1,428.41,428.41,0.00,746496.00,100.0,2000,null,null,10,1920,1080
2026-09-14T16:09:52.776Z,camera_0,1,0.00,0.00,0.00,746496.00,100.0,2000,null,null,10,1920,1080
2026-09-14T16:09:52.776Z,camera_1,1,0.00,0.00,0.00,746496.00,100.0,2000,null,null,10,1920,1080
2026-09-14T16:09:52.776Z,camera_0,1,212.10,212.10,0.00,746496.00,100.0,2000,null,null,10,1920,1080
2026-09-14T16:09:55.776Z,camera_0,1,68.68,0.00,68.68,746496.00,100.0,2000,null,null,10,1920,1080
2026-09-14T16:09:55.783Z,camera_1,1,0.00,0.00,0.00,746496.00,100.0,2000,null,null,10,1920,1080
2026-09-14T16:09:55.784Z,camera_0,1,176.64,107.95,68.68,746496.00,100.0,2000,null,null,10,1920,1080
2026-09-14T16:09:58.777Z,camera_0,1,51.14,0.00,51.14,746496.00,100.0,2000,null,null,10,1920,1080
2026-09-14T16:09:58.777Z,camera_1,1,0.00,0.00,0.00,746496.00,100.0,2000,null,null,10,1920,1080
2026-09-14T16:09:58.777Z,camera_0,1,367.84,316.70,51.14,746496.00,100.0,2000,null,null,10,1920,1080
2026-09-14T16:10:01.781Z,camera_0,1,6.02,0.00,6.02,746496.00,100.0,2000,null,null,10,1920,1080
2026-09-14T16:10:01.781Z,camera_1,1,0.00,0.00,0.00,746496.00,100.0,2000,null,null,10,1920,1080
2026-09-14T16:10:01.781Z,camera_0,1,215.57,209.56,6.02,746496.00,100.0,2000,null,null,10,1920,1080
2026-09-14T16:10:04.785Z,camera_0,1,88.74,0.00,88.74,746496.00,100.0,2000,null,null,10,1920,1080
2026-09-14T16:10:04.785Z,camera_1,1,0.00,0.00,0.00,746496.00,100.0,2000,null,null,10,1920,1080
2026-09-14T16:10:04.786Z,camera_0,1,404.21,315.48,88.74,746496.00,100.0,2000,null,null,10,1920,1080
2026-09-14T16:10:07.785Z,camera_0,1,88.74,0.00,88.74,746496.00,100.0,2000,null,null,10,1920,1080
2026-09-14T16:10:07.785Z,camera_1,1,0.00,0.00,0.00,746496.00,100.0,2000,null,null,10,1920,1080
2026-09-14T16:10:07.786Z,camera_0,1,535.61,446.87,88.74,746496.00,100.0,2000,null,null,10,1920,1080
2026-09-14T16:10:10.789Z,camera_0,1,36.10,0.00,36.10,746496.00,100.0,2000,null,null,10,1920,1080
2026-09-14T16:10:10.789Z,camera_1,1,0.00,0.00,0.00,746496.00,100.0,2000,null,null,10,1920,1080
2026-09-14T16:10:10.790Z,camera_0,1,255.10,219.00,36.10,746496.00,100.0,2000,null,null,10,1920,1080
2026-09-14T16:10:13.790Z,camera_0,1,152.41,0.00,152.41,746496.00,100.0,2000,null,null,10,1920,1080
2026-09-14T16:10:13.790Z,camera_1,1,0.00,0.00,0.00,746496.00,100.0,2000,null,null,10,1920,1080
2026-09-14T16:10:13.794Z,camera_0,1,576.40,424.00,152.41,746496.00,100.0,2000,null,null,10,1920,1080
2026-09-14T16:10:16.792Z,camera_0,1,129.34,0.00,129.34,746496.00,100.0,2000,null,null,10,1920,1080
2026-09-14T16:10:16.793Z,camera_0,1,670.98,541.64,129.34,746496.00,100.0,2000,null,null,10,1920,1080
2026-09-14T16:10:16.792Z,camera_1,1,0.00,0.00,0.00,746496.00,100.0,2000,null,null,10,1920,1080
2026-09-14T16:10:19.898Z,camera_0,1,145.89,0.00,145.89,746496.00,100.0,2000,null,null,10,1920,1080
2026-09-14T16:10:19.898Z,camera_1,1,0.00,0.00,0.00,746496.00,100.0,2000,null,null,10,1920,1080
2026-09-14T16:10:19.899Z,camera_0,1,579.04,433.15,145.89,746496.00,100.0,2000,null,null,10,1920,1080
2026-09-14T16:10:22.898Z,camera_0,1,126.34,0.00,126.34,746496.00,100.0,2000,null,null,10,1920,1080
2026-09-14T16:10:22.898Z,camera_0,1,661.61,535.27,126.34,746496.00,100.0,2000,null,null,10,1920,1080
2026-09-14T16:10:22.898Z,camera_1,1,0.00,0.00,0.00,746496.00,100.0,2000,null,null,10,1920,1080
2026-09-14T16:10:25.899Z,camera_0,1,157.92,0.00,157.92,746496.00,100.0,2000,null,null,10,1920,1080
2026-09-14T16:10:25.905Z,camera_0,1,591.09,433.17,157.92,746496.00,100.0,2000,null,null,10,1920,1080
2026-09-14T16:10:25.905Z,camera_1,1,0.00,0.00,0.00,746496.00,100.0,2000,null,null,10,1920,1080
2026-09-14T16:10:28.899Z,camera_0,1,225.10,0.00,225.10,746496.00,100.0,2000,null,null,10,1920,1080
2026-09-14T16:10:28.903Z,camera_1,1,0.00,0.00,0.00,746496.00,100.0,2000,null,null,10,1920,1080
2026-09-14T16:10:28.907Z,camera_0,1,865.59,640.50,225.10,746496.00,100.0,2000,null,null,10,1920,1080
2026-09-14T16:10:31.906Z,camera_1,1,0.00,0.00,0.00,746496.00,100.0,2000,null,null,10,1920,1080
2026-09-14T16:10:31.907Z,camera_0,1,410.89,327.67,83.22,746496.00,100.0,2000,null,null,10,1920,1080
2026-09-14T16:10:31.906Z,camera_0,1,83.22,0.00,83.22,746496.00,100.0,2000,null,null,10,1920,1080
2026-09-14T16:10:34.909Z,camera_0,1,290.27,0.00,290.27,746496.00,100.0,2000,null,null,10,1920,1080
2026-09-14T16:10:34.909Z,camera_1,1,0.00,0.00,0.00,746496.00,100.0,2000,null,null,10,1920,1080
2026-09-14T16:10:34.909Z,camera_0,1,928.60,638.33,290.27,746496.00,100.0,2000,null,null,10,1920,1080
2026-09-14T16:10:37.906Z,camera_0,1,117.81,0.00,117.81,746496.00,100.0,2000,null,null,10,1920,1080
2026-09-14T16:10:37.907Z,camera_1,1,0.00,0.00,0.00,746496.00,100.0,2000,null,null,10,1920,1080
2026-09-14T16:10:37.907Z,camera_0,1,427.05,309.24,117.81,746496.00,100.0,2000,null,null,10,1920,1080
2026-09-14T16:10:40.970Z,camera_0,1,288.27,0.00,288.27,746496.00,100.0,2000,null,null,10,1920,1080
2026-09-14T16:10:40.976Z,camera_1,1,0.00,0.00,0.00,746496.00,100.0,2000,null,null,10,1920,1080
2026-09-14T16:10:40.981Z,camera_0,1,895.20,606.93,288.27,746496.00,100.0,2000,null,null,10,1920,1080
2026-09-14T16:10:43.970Z,camera_0,1,217.08,0.00,217.08,746496.00,100.0,2000,null,null,10,1920,1080
2026-09-14T16:10:43.970Z,camera_1,1,0.00,0.00,0.00,746496.00,100.0,2000,null,null,10,1920,1080
2026-09-14T16:10:43.970Z,camera_0,1,635.64,418.56,217.08,746496.00,100.0,2000,null,null,10,1920,1080
2026-09-14T16:10:46.971Z,camera_0,1,280.25,0.00,280.25,746496.00,100.0,2000,null,null,10,1920,1080
2026-09-14T16:10:46.971Z,camera_1,1,0.00,0.00,0.00,746496.00,100.0,2000,null,null,10,1920,1080
2026-09-14T16:10:46.972Z,camera_0,1,816.10,535.85,280.25,746496.00,100.0,2000,null,null,10,1920,1080
2026-09-14T16:10:49.973Z,camera_0,1,253.67,0.00,253.67,746496.00,100.0,2000,null,null,10,1920,1080
2026-09-14T16:10:49.973Z,camera_1,1,0.00,0.00,0.00,746496.00,100.0,2000,null,null,10,1920,1080
2026-09-14T16:10:49.974Z,camera_0,1,790.58,536.90,253.67,746496.00,100.0,2000,null,null,10,1920,1080
2026-09-14T16:10:52.973Z,camera_0,1,264.20,0.00,264.20,746496.00,100.0,2000,null,null,10,1920,1080
2026-09-14T16:10:52.974Z,camera_1,1,0.00,0.00,0.00,746496.00,100.0,2000,null,null,10,1920,1080
2026-09-14T16:10:52.974Z,camera_0,1,684.73,420.53,264.20,746496.00,100.0,2000,null,null,10,1920,1080
2026-09-14T16:10:55.975Z,camera_0,1,297.79,0.00,297.79,746496.00,100.0,2000,null,null,10,1920,1080
2026-09-14T16:10:55.975Z,camera_1,1,0.00,0.00,0.00,746496.00,100.0,2000,null,null,10,1920,1080
2026-09-14T16:10:55.975Z,camera_0,1,931.64,633.85,297.79,746496.00,100.0,2000,null,null,10,1920,1080
2026-09-14T16:10:58.975Z,camera_0,1,271.72,0.00,271.72,746496.00,100.0,2000,null,null,10,1920,1080
2026-09-14T16:10:58.976Z,camera_1,1,0.00,0.00,0.00,746496.00,100.0,2000,null,null,10,1920,1080
2026-09-14T16:10:58.982Z,camera_0,1,697.77,426.05,271.72,746496.00,100.0,2000,null,null,10,1920,1080
2026-09-14T16:11:01.975Z,camera_0,1,242.14,0.00,242.14,746496.00,100.0,2000,null,null,10,1920,1080
2026-09-14T16:11:01.980Z,camera_1,1,0.00,0.00,0.00,746496.00,100.0,2000,null,null,10,1920,1080
2026-09-14T16:11:01.980Z,camera_0,1,776.10,533.95,242.14,746496.00,100.0,2000,null,null,10,1920,1080
2026-09-14T16:11:04.978Z,camera_0,1,278.74,0.00,278.74,746496.00,100.0,2000,null,null,10,1920,1080
2026-09-14T16:11:04.978Z,camera_1,1,0.00,0.00,0.00,746496.00,100.0,2000,null,null,10,1920,1080
2026-09-14T16:11:04.979Z,camera_0,1,698.45,419.71,278.74,746496.00,100.0,2000,null,null,10,1920,1080
2026-09-14T16:11:08.057Z,camera_0,1,263.70,0.00,263.70,746496.00,100.0,2000,null,null,10,1920,1080
2026-09-14T16:11:08.059Z,camera_1,1,0.00,0.00,0.00,746496.00,100.0,2000,null,null,10,1920,1080
2026-09-14T16:11:08.060Z,camera_0,1,895.10,631.40,263.70,746496.00,100.0,2000,null,null,10,1920,1080
2026-09-14T16:11:11.058Z,camera_0,1,225.60,0.00,225.60,746496.00,100.0,2000,null,null,10,1920,1080
2026-09-14T16:11:11.058Z,camera_1,1,0.00,0.00,0.00,746496.00,100.0,2000,null,null,10,1920,1080
2026-09-14T16:11:11.058Z,camera_0,1,552.79,327.19,225.60,746496.00,100.0,2000,null,null,10,1920,1080
2026-09-14T16:11:14.060Z,camera_1,1,0.00,0.00,0.00,746496.00,100.0,2000,null,null,10,1920,1080
2026-09-14T16:11:14.060Z,camera_0,1,763.11,547.54,215.57,746496.00,100.0,2000,null,null,10,1920,1080
2026-09-14T16:11:14.060Z,camera_0,1,215.57,0.00,215.57,746496.00,100.0,2000,null,null,10,1920,1080
2026-09-14T16:11:17.061Z,camera_1,1,0.00,0.00,0.00,746496.00,100.0,2000,null,null,10,1920,1080
2026-09-14T16:11:17.061Z,camera_0,1,445.15,325.84,119.32,746496.00,100.0,2000,null,null,10,1920,1080
2026-09-14T16:11:17.061Z,camera_0,1,119.32,0.00,119.32,746496.00,100.0,2000,null,null,10,1920,1080
2026-09-14T16:11:20.125Z,camera_0,1,401.57,0.00,401.57,746496.00,99.9,2000,null,null,10,1920,1080
2026-09-14T16:11:20.128Z,camera_1,1,0.00,0.00,0.00,746496.00,100.0,2000,null,null,10,1920,1080
2026-09-14T16:11:20.128Z,camera_0,1,1157.82,756.26,401.57,746496.00,99.9,2000,null,null,10,1920,1080
2026-09-14T16:11:23.127Z,camera_0,1,122.33,0.00,122.33,746496.00,100.0,2000,null,null,10,1920,1080
2026-09-14T16:11:23.128Z,camera_1,1,0.00,0.00,0.00,746496.00,100.0,2000,null,null,10,1920,1080
2026-09-14T16:11:23.128Z,camera_0,1,442.39,320.06,122.33,746496.00,100.0,2000,null,null,10,1920,1080
2026-09-14T16:11:26.130Z,camera_0,1,399.56,0.00,399.56,746496.00,99.9,2000,null,null,10,1920,1080
2026-09-14T16:11:26.130Z,camera_1,1,0.00,0.00,0.00,746496.00,100.0,2000,null,null,10,1920,1080
2026-09-14T16:11:26.130Z,camera_0,1,1134.26,734.70,399.56,746496.00,99.9,2000,null,null,10,1920,1080
2026-09-14T16:11:29.173Z,camera_0,1,309.82,0.00,309.82,746496.00,100.0,2000,null,null,10,1920,1080
2026-09-14T16:11:29.173Z,camera_1,1,0.00,0.00,0.00,746496.00,100.0,2000,null,null,10,1920,1080
2026-09-14T16:11:29.173Z,camera_0,1,832.82,522.99,309.82,746496.00,100.0,2000,null,null,10,1920,1080
2026-09-14T16:11:32.173Z,camera_0,1,295.29,0.00,295.29,746496.00,100.0,2000,null,null,10,1920,1080
2026-09-14T16:11:32.174Z,camera_1,1,0.00,0.00,0.00,746496.00,100.0,2000,null,null,10,1920,1080
2026-09-14T16:11:32.174Z,camera_0,1,925.92,630.63,295.29,746496.00,100.0,2000,null,null,10,1920,1080
2026-09-14T16:11:35.173Z,camera_0,1,259.69,0.00,259.69,746496.00,100.0,2000,null,null,10,1920,1080
2026-09-14T16:11:35.174Z,camera_1,1,0.00,0.00,0.00,746496.00,100.0,2000,null,null,10,1920,1080
2026-09-14T16:11:35.174Z,camera_0,1,789.57,529.88,259.69,746496.00,100.0,2000,null,null,10,1920,1080
2026-09-14T16:11:38.178Z,camera_0,1,267.71,0.00,267.71,746496.00,100.0,2000,null,null,10,1920,1080
2026-09-14T16:11:38.179Z,camera_1,1,0.00,0.00,0.00,746496.00,100.0,2000,null,null,10,1920,1080
2026-09-14T16:11:38.183Z,camera_0,1,1017.01,749.29,267.71,746496.00,100.0,2000,null,null,10,1920,1080
2026-09-14T16:11:41.181Z,camera_0,1,427.14,0.00,427.14,746496.00,99.9,2000,null,null,10,1920,1080
2026-09-14T16:11:41.181Z,camera_1,1,0.00,0.00,0.00,746496.00,100.0,2000,null,null,10,1920,1080
2026-09-14T16:11:41.182Z,camera_0,1,1327.99,900.85,427.14,746496.00,99.9,2000,null,null,10,1920,1080
2026-09-14T16:11:44.182Z,camera_0,1,313.33,0.00,313.33,746496.00,100.0,2000,null,null,10,1920,1080
2026-09-14T16:11:44.182Z,camera_1,1,0.00,0.00,0.00,746496.00,100.0,2000,null,null,10,1920,1080
2026-09-14T16:11:44.182Z,camera_0,1,981.02,667.69,313.33,746496.00,100.0,2000,null,null,10,1920,1080
2026-09-14T16:11:47.181Z,camera_0,1,233.62,0.00,233.62,746496.00,100.0,2000,null,null,10,1920,1080
2026-09-14T16:11:47.182Z,camera_1,1,0.00,0.00,0.00,746496.00,100.0,2000,null,null,10,1920,1080
2026-09-14T16:11:47.182Z,camera_0,1,902.41,668.78,233.62,746496.00,100.0,2000,null,null,10,1920,1080
2026-09-14T16:11:50.185Z,camera_0,1,474.26,0.00,474.26,746496.00,99.9,2000,null,null,10,1920,1080
2026-09-14T16:11:50.185Z,camera_1,1,0.00,0.00,0.00,746496.00,100.0,2000,null,null,10,1920,1080
2026-09-14T16:11:50.185Z,camera_0,1,1476.24,1001.98,474.26,746496.00,99.9,2000,null,null,10,1920,1080
2026-09-14T16:11:53.184Z,camera_0,1,256.68,0.00,256.68,746496.00,100.0,2000,null,null,10,1920,1080
2026-09-14T16:11:53.184Z,camera_1,1,0.00,0.00,0.00,746496.00,100.0,2000,null,null,10,1920,1080
2026-09-14T16:11:53.184Z,camera_0,1,687.04,430.36,256.68,746496.00,100.0,2000,null,null,10,1920,1080
2026-09-14T16:11:56.185Z,camera_0,1,275.23,0.00,275.23,746496.00,100.0,2000,null,null,10,1920,1080
2026-09-14T16:11:56.185Z,camera_1,1,0.00,0.00,0.00,746496.00,100.0,2000,null,null,10,1920,1080
2026-09-14T16:11:56.185Z,camera_0,1,876.38,601.14,275.23,746496.00,100.0,2000,null,null,10,1920,1080
2026-09-14T16:11:59.184Z,camera_0,1,283.75,0.00,283.75,746496.00,100.0,2000,null,null,10,1920,1080
2026-09-14T16:11:59.185Z,camera_1,1,0.00,0.00,0.00,746496.00,100.0,2000,null,null,10,1920,1080
2026-09-14T16:11:59.185Z,camera_0,1,893.13,609.38,283.75,746496.00,100.0,2000,null,null,10,1920,1080
2026-09-14T16:12:02.184Z,camera_0,1,234.12,0.00,234.12,746496.00,100.0,2000,null,null,10,1920,1080
2026-09-14T16:12:02.185Z,camera_1,1,0.00,0.00,0.00,746496.00,100.0,2000,null,null,10,1920,1080
2026-09-14T16:12:02.185Z,camera_0,1,835.53,601.41,234.12,746496.00,100.0,2000,null,null,10,1920,1080
2026-09-14T16:12:05.185Z,camera_0,1,490.81,0.00,490.81,746496.00,99.9,2000,null,null,10,1920,1080
2026-09-14T16:12:05.185Z,camera_1,1,0.00,0.00,0.00,746496.00,100.0,2000,null,null,10,1920,1080
2026-09-14T16:12:05.186Z,camera_0,1,1184.96,694.15,490.81,746496.00,99.9,2000,null,null,10,1920,1080
2026-09-14T16:12:08.185Z,camera_0,1,264.70,0.00,264.70,746496.00,100.0,2000,null,null,10,1920,1080
2026-09-14T16:12:08.186Z,camera_1,1,0.00,0.00,0.00,746496.00,100.0,2000,null,null,10,1920,1080
2026-09-14T16:12:08.188Z,camera_0,1,664.69,399.98,264.70,746496.00,100.0,2000,null,null,10,1920,1080
2026-09-14T16:12:11.187Z,camera_0,1,265.21,0.00,265.21,746496.00,100.0,2000,null,null,10,1920,1080
2026-09-14T16:12:11.190Z,camera_1,1,0.00,0.00,0.00,746496.00,100.0,2000,null,null,10,1920,1080
2026-09-14T16:12:11.190Z,camera_0,1,971.15,705.95,265.21,746496.00,100.0,2000,null,null,10,1920,1080
2026-09-14T16:12:14.258Z,camera_0,1,247.16,0.00,247.16,746496.00,100.0,2000,null,null,10,1920,1080
2026-09-14T16:12:14.264Z,camera_1,1,0.00,0.00,0.00,746496.00,100.0,2000,null,null,10,1920,1080
2026-09-14T16:12:14.266Z,camera_0,1,654.31,407.15,247.16,746496.00,100.0,2000,null,null,10,1920,1080
2026-09-14T16:12:17.256Z,camera_0,1,218.08,0.00,218.08,746496.00,100.0,2000,null,null,10,1920,1080
2026-09-14T16:12:17.257Z,camera_1,1,0.00,0.00,0.00,746496.00,100.0,2000,null,null,10,1920,1080
2026-09-14T16:12:17.259Z,camera_0,1,830.10,612.02,218.08,746496.00,100.0,2000,null,null,10,1920,1080
2026-09-14T16:12:20.260Z,camera_0,1,226.60,0.00,226.60,746496.00,100.0,2000,null,null,10,1920,1080
2026-09-14T16:12:20.260Z,camera_1,1,0.00,0.00,0.00,746496.00,100.0,2000,null,null,10,1920,1080
2026-09-14T16:12:20.260Z,camera_0,1,633.73,407.13,226.60,746496.00,100.0,2000,null,null,10,1920,1080
2026-09-14T16:12:23.260Z,camera_0,1,253.67,0.00,253.67,746496.00,100.0,2000,null,null,10,1920,1080
2026-09-14T16:12:23.260Z,camera_1,1,0.00,0.00,0.00,746496.00,100.0,2000,null,null,10,1920,1080
2026-09-14T16:12:23.260Z,camera_0,1,873.06,619.38,253.67,746496.00,100.0,2000,null,null,10,1920,1080
2026-09-14T16:12:26.261Z,camera_0,1,251.17,0.00,251.17,746496.00,100.0,2000,null,null,10,1920,1080
2026-09-14T16:12:26.262Z,camera_0,1,903.65,652.49,251.17,746496.00,100.0,2000,null,null,10,1920,1080
2026-09-14T16:12:26.262Z,camera_1,1,0.00,0.00,0.00,746496.00,100.0,2000,null,null,10,1920,1080
2026-09-14T16:12:29.259Z,camera_0,1,215.57,0.00,215.57,746496.00,100.0,2000,null,null,10,1920,1080
2026-09-14T16:12:29.260Z,camera_1,1,0.00,0.00,0.00,746496.00,100.0,2000,null,null,10,1920,1080
2026-09-14T16:12:29.260Z,camera_0,1,864.18,648.61,215.57,746496.00,100.0,2000,null,null,10,1920,1080
2026-09-14T16:12:32.263Z,camera_0,1,307.82,0.00,307.82,746496.00,100.0,2000,null,null,10,1920,1080
2026-09-14T16:12:32.263Z,camera_1,1,0.00,0.00,0.00,746496.00,100.0,2000,null,null,10,1920,1080
2026-09-14T16:12:32.264Z,camera_0,1,966.04,658.22,307.82,746496.00,100.0,2000,null,null,10,1920,1080
2026-09-14T16:12:35.264Z,camera_0,1,135.36,0.00,135.36,746496.00,100.0,2000,null,null,10,1920,1080
2026-09-14T16:12:35.265Z,camera_1,1,0.00,0.00,0.00,746496.00,100.0,2000,null,null,10,1920,1080
2026-09-14T16:12:35.269Z,camera_0,1,608.07,472.71,135.36,746496.00,100.0,2000,null,null,10,1920,1080
2026-09-14T16:12:38.266Z,camera_0,1,370.99,0.00,370.99,746496.00,100.0,2000,null,null,10,1920,1080
2026-09-14T16:12:38.267Z,camera_1,1,0.00,0.00,0.00,746496.00,100.0,2000,null,null,10,1920,1080
2026-09-14T16:12:38.267Z,camera_0,1,1093.89,722.90,370.99,746496.00,100.0,2000,null,null,10,1920,1080
2026-09-14T16:12:41.267Z,camera_0,1,154.91,0.00,154.91,746496.00,100.0,2000,null,null,10,1920,1080
2026-09-14T16:12:41.271Z,camera_1,1,0.00,0.00,0.00,746496.00,100.0,2000,null,null,10,1920,1080
2026-09-14T16:12:41.277Z,camera_0,1,630.27,475.36,154.91,746496.00,100.0,2000,null,null,10,1920,1080
2026-09-14T16:12:44.268Z,camera_0,1,360.96,0.00,360.96,746496.00,100.0,2000,null,null,10,1920,1080
2026-09-14T16:12:44.280Z,camera_1,1,0.00,0.00,0.00,746496.00,100.0,2000,null,null,10,1920,1080
2026-09-14T16:12:44.280Z,camera_0,1,1040.32,679.36,360.96,746496.00,100.0,2000,null,null,10,1920,1080
2026-09-14T16:12:47.268Z,camera_0,1,158.92,0.00,158.92,746496.00,100.0,2000,null,null,10,1920,1080
2026-09-14T16:12:47.269Z,camera_1,1,0.00,0.00,0.00,746496.00,100.0,2000,null,null,10,1920,1080
2026-09-14T16:12:47.269Z,camera_0,1,582.51,423.59,158.92,746496.00,100.0,2000,null,null,10,1920,1080
2026-09-14T16:12:50.268Z,camera_0,1,489.80,0.00,489.80,746496.00,99.9,2000,null,null,10,1920,1080
2026-09-14T16:12:50.269Z,camera_1,1,0.00,0.00,0.00,746496.00,100.0,2000,null,null,10,1920,1080
2026-09-14T16:12:50.269Z,camera_0,1,1359.01,869.21,489.80,746496.00,99.9,2000,null,null,10,1920,1080
2026-09-14T16:12:53.341Z,camera_0,1,221.09,0.00,221.09,746496.00,100.0,2000,null,null,10,1920,1080
2026-09-14T16:12:53.341Z,camera_1,1,0.00,0.00,0.00,746496.00,100.0,2000,null,null,10,1920,1080
2026-09-14T16:12:53.341Z,camera_0,1,661.94,440.85,221.09,746496.00,100.0,2000,null,null,10,1920,1080
2026-09-14T16:12:56.338Z,camera_0,1,260.19,0.00,260.19,746496.00,100.0,2000,null,null,10,1920,1080
2026-09-14T16:12:56.338Z,camera_1,1,0.00,0.00,0.00,746496.00,100.0,2000,null,null,10,1920,1080
2026-09-14T16:12:56.342Z,camera_0,1,932.40,672.21,260.19,746496.00,100.0,2000,null,null,10,1920,1080
2026-09-14T16:12:59.340Z,camera_0,1,194.02,0.00,194.02,746496.00,100.0,2000,null,null,10,1920,1080
2026-09-14T16:12:59.340Z,camera_1,1,0.00,0.00,0.00,746496.00,100.0,2000,null,null,10,1920,1080
2026-09-14T16:12:59.340Z,camera_0,1,527.05,333.03,194.02,746496.00,100.0,2000,null,null,10,1920,1080
2026-09-14T16:13:02.341Z,camera_0,1,302.81,0.00,302.81,746496.00,100.0,2000,null,null,10,1920,1080
2026-09-14T16:13:02.341Z,camera_1,1,0.00,0.00,0.00,746496.00,100.0,2000,null,null,10,1920,1080
2026-09-14T16:13:02.341Z,camera_0,1,934.65,631.85,302.81,746496.00,100.0,2000,null,null,10,1920,1080
2026-09-14T16:13:05.460Z,camera_0,1,247.66,0.00,247.66,746496.00,100.0,2000,null,null,10,1920,1080
2026-09-14T16:13:05.461Z,camera_1,1,0.00,0.00,0.00,746496.00,100.0,2000,null,null,10,1920,1080
2026-09-14T16:13:05.462Z,camera_0,1,670.85,423.19,247.66,746496.00,100.0,2000,null,null,10,1920,1080
2026-09-14T16:13:08.478Z,camera_0,1,301.80,0.00,301.80,746496.00,100.0,2000,null,null,10,1920,1080
2026-09-14T16:13:08.478Z,camera_1,1,0.00,0.00,0.00,746496.00,100.0,2000,null,null,10,1920,1080
2026-09-14T16:13:08.478Z,camera_0,1,1035.61,733.80,301.80,746496.00,100.0,2000,null,null,10,1920,1080
2026-09-14T16:13:11.518Z,camera_0,1,315.34,0.00,315.34,746496.00,100.0,2000,null,null,10,1920,1080
2026-09-14T16:13:11.519Z,camera_1,1,0.00,0.00,0.00,746496.00,100.0,2000,null,null,10,1920,1080
2026-09-14T16:13:11.520Z,camera_0,1,939.95,624.61,315.34,746496.00,100.0,2000,null,null,10,1920,1080
2026-09-14T16:13:14.518Z,camera_0,1,232.12,0.00,232.12,746496.00,100.0,2000,null,null,10,1920,1080
2026-09-14T16:13:14.519Z,camera_1,1,0.00,0.00,0.00,746496.00,100.0,2000,null,null,10,1920,1080
2026-09-14T16:13:14.519Z,camera_0,1,760.65,528.53,232.12,746496.00,100.0,2000,null,null,10,1920,1080
2026-09-14T16:13:17.619Z,camera_0,1,455.71,0.00,455.71,746496.00,99.9,2000,null,null,10,1920,1080
2026-09-14T16:13:17.619Z,camera_1,1,0.00,0.00,0.00,746496.00,100.0,2000,null,null,10,1920,1080
2026-09-14T16:13:17.619Z,camera_0,1,1335.22,879.50,455.71,746496.00,99.9,2000,null,null,10,1920,1080
2026-09-14T16:13:20.619Z,camera_0,1,107.29,0.00,107.29,746496.00,100.0,2000,null,null,10,1920,1080
2026-09-14T16:13:20.620Z,camera_1,1,0.00,0.00,0.00,746496.00,100.0,2000,null,null,10,1920,1080
2026-09-14T16:13:20.620Z,camera_0,1,439.08,331.79,107.29,746496.00,100.0,2000,null,null,10,1920,1080
2026-09-14T16:13:23.624Z,camera_0,1,363.97,0.00,363.97,746496.00,100.0,2000,null,null,10,1920,1080
2026-09-14T16:13:23.624Z,camera_1,1,0.00,0.00,0.00,746496.00,100.0,2000,null,null,10,1920,1080
2026-09-14T16:13:23.628Z,camera_0,1,1027.17,663.20,363.97,746496.00,100.0,2000,null,null,10,1920,1080
2026-09-14T16:13:26.624Z,camera_1,1,0.00,0.00,0.00,746496.00,100.0,2000,null,null,10,1920,1080
2026-09-14T16:13:26.624Z,camera_0,1,596.19,447.30,148.90,746496.00,100.0,2000,null,null,10,1920,1080
2026-09-14T16:13:26.624Z,camera_0,1,148.90,0.00,148.90,746496.00,100.0,2000,null,null,10,1920,1080
2026-09-14T16:13:29.626Z,camera_0,1,365.47,0.00,365.47,746496.00,100.0,2000,null,null,10,1920,1080
2026-09-14T16:13:29.626Z,camera_1,1,0.00,0.00,0.00,746496.00,100.0,2000,null,null,10,1920,1080
2026-09-14T16:13:29.626Z,camera_0,1,1037.04,671.57,365.47,746496.00,100.0,2000,null,null,10,1920,1080
2026-09-14T16:13:32.627Z,camera_0,1,152.91,0.00,152.91,746496.00,100.0,2000,null,null,10,1920,1080
2026-09-14T16:13:32.627Z,camera_1,1,0.00,0.00,0.00,746496.00,100.0,2000,null,null,10,1920,1080
2026-09-14T16:13:32.627Z,camera_0,1,590.94,438.03,152.91,746496.00,100.0,2000,null,null,10,1920,1080
2026-09-14T16:13:35.629Z,camera_1,1,0.00,0.00,0.00,746496.00,100.0,2000,null,null,10,1920,1080
2026-09-14T16:13:35.629Z,camera_0,1,1295.66,851.48,444.18,746496.00,99.9,2000,null,null,10,1920,1080
2026-09-14T16:13:35.629Z,camera_0,1,444.18,0.00,444.18,746496.00,99.9,2000,null,null,10,1920,1080
2026-09-14T16:13:38.631Z,camera_0,1,350.43,0.00,350.43,746496.00,100.0,2000,null,null,10,1920,1080
2026-09-14T16:13:38.631Z,camera_1,1,0.00,0.00,0.00,746496.00,100.0,2000,null,null,10,1920,1080
2026-09-14T16:13:38.631Z,camera_0,1,982.31,631.88,350.43,746496.00,100.0,2000,null,null,10,1920,1080
2026-09-14T16:13:41.632Z,camera_0,1,242.65,0.00,242.65,746496.00,100.0,2000,null,null,10,1920,1080
2026-09-14T16:13:41.632Z,camera_1,1,0.00,0.00,0.00,746496.00,100.0,2000,null,null,10,1920,1080
2026-09-14T16:13:41.632Z,camera_0,1,868.31,625.67,242.65,746496.00,100.0,2000,null,null,10,1920,1080
2026-09-14T16:13:44.670Z,camera_0,1,454.21,0.00,454.21,746496.00,99.9,2000,null,null,10,1920,1080
2026-09-14T16:13:44.670Z,camera_1,1,0.00,0.00,0.00,746496.00,100.0,2000,null,null,10,1920,1080
2026-09-14T16:13:44.670Z,camera_0,1,1308.68,854.47,454.21,746496.00,99.9,2000,null,null,10,1920,1080
2026-09-14T16:13:47.669Z,camera_0,1,322.86,0.00,322.86,746496.00,100.0,2000,null,null,10,1920,1080
2026-09-14T16:13:47.669Z,camera_1,1,0.00,0.00,0.00,746496.00,100.0,2000,null,null,10,1920,1080
2026-09-14T16:13:47.670Z,camera_0,1,964.89,642.03,322.86,746496.00,100.0,2000,null,null,10,1920,1080
2026-09-14T16:13:50.669Z,camera_0,1,312.33,0.00,312.33,746496.00,100.0,2000,null,null,10,1920,1080
2026-09-14T16:13:50.671Z,camera_1,1,0.00,0.00,0.00,746496.00,100.0,2000,null,null,10,1920,1080
2026-09-14T16:13:50.671Z,camera_0,1,950.06,637.73,312.33,746496.00,100.0,2000,null,null,10,1920,1080
2026-09-14T16:13:53.718Z,camera_0,1,460.22,0.00,460.22,746496.00,99.9,2000,null,null,10,1920,1080
2026-09-14T16:13:53.718Z,camera_1,1,0.00,0.00,0.00,746496.00,100.0,2000,null,null,10,1920,1080
2026-09-14T16:13:53.718Z,camera_0,1,1275.90,815.67,460.22,746496.00,99.9,2000,null,null,10,1920,1080
2026-09-14T16:13:56.717Z,camera_0,1,326.37,0.00,326.37,746496.00,100.0,2000,null,null,10,1920,1080
2026-09-14T16:13:56.717Z,camera_1,1,0.00,0.00,0.00,746496.00,100.0,2000,null,null,10,1920,1080
2026-09-14T16:13:56.718Z,camera_0,1,842.14,515.77,326.37,746496.00,100.0,2000,null,null,10,1920,1080
2026-09-14T16:13:59.718Z,camera_0,1,220.09,0.00,220.09,746496.00,100.0,2000,null,null,10,1920,1080
2026-09-14T16:13:59.718Z,camera_1,1,0.00,0.00,0.00,746496.00,100.0,2000,null,null,10,1920,1080
2026-09-14T16:13:59.719Z,camera_0,1,853.56,633.47,220.09,746496.00,100.0,2000,null,null,10,1920,1080
2026-09-14T16:14:02.718Z,camera_0,1,394.55,0.00,394.55,746496.00,99.9,2000,null,null,10,1920,1080
2026-09-14T16:14:02.718Z,camera_1,1,0.00,0.00,0.00,746496.00,100.0,2000,null,null,10,1920,1080
2026-09-14T16:14:02.719Z,camera_0,1,1111.46,716.91,394.55,746496.00,99.9,2000,null,null,10,1920,1080
2026-09-14T16:14:05.724Z,camera_0,1,159.93,0.00,159.93,746496.00,100.0,2000,null,null,10,1920,1080
2026-09-14T16:14:05.724Z,camera_1,1,0.00,0.00,0.00,746496.00,100.0,2000,null,null,10,1920,1080
2026-09-14T16:14:05.725Z,camera_0,1,583.77,423.85,159.93,746496.00,100.0,2000,null,null,10,1920,1080
2026-09-14T16:14:08.760Z,camera_0,1,224.60,0.00,224.60,746496.00,100.0,2000,null,null,10,1920,1080
2026-09-14T16:14:08.760Z,camera_1,1,0.00,0.00,0.00,746496.00,100.0,2000,null,null,10,1920,1080
2026-09-14T16:14:08.760Z,camera_0,1,647.38,422.79,224.60,746496.00,100.0,2000,null,null,10,1920,1080
2026-09-14T16:14:11.760Z,camera_0,1,197.02,0.00,197.02,746496.00,100.0,2000,null,null,10,1920,1080
2026-09-14T16:14:11.760Z,camera_1,1,0.00,0.00,0.00,746496.00,100.0,2000,null,null,10,1920,1080
2026-09-14T16:14:11.761Z,camera_0,1,641.99,444.97,197.02,746496.00,100.0,2000,null,null,10,1920,1080
2026-09-14T16:14:14.761Z,camera_0,1,216.58,0.00,216.58,746496.00,100.0,2000,null,null,10,1920,1080
2026-09-14T16:14:14.761Z,camera_1,1,0.00,0.00,0.00,746496.00,100.0,2000,null,null,10,1920,1080
2026-09-14T16:14:14.762Z,camera_0,1,655.49,438.91,216.58,746496.00,100.0,2000,null,null,10,1920,1080
2026-09-14T16:14:17.762Z,camera_0,1,303.81,0.00,303.81,746496.00,100.0,2000,null,null,10,1920,1080
2026-09-14T16:14:17.762Z,camera_1,1,0.00,0.00,0.00,746496.00,100.0,2000,null,null,10,1920,1080
2026-09-14T16:14:17.762Z,camera_0,1,950.91,647.10,303.81,746496.00,100.0,2000,null,null,10,1920,1080
2026-09-14T16:14:20.761Z,camera_0,1,288.77,0.00,288.77,746496.00,100.0,2000,null,null,10,1920,1080
2026-09-14T16:14:20.763Z,camera_1,1,0.00,0.00,0.00,746496.00,100.0,2000,null,null,10,1920,1080
2026-09-14T16:14:20.763Z,camera_0,1,941.89,653.13,288.77,746496.00,100.0,2000,null,null,10,1920,1080
2026-09-14T16:14:23.762Z,camera_0,1,253.17,0.00,253.17,746496.00,100.0,2000,null,null,10,1920,1080
2026-09-14T16:14:23.764Z,camera_1,1,0.00,0.00,0.00,746496.00,100.0,2000,null,null,10,1920,1080
2026-09-14T16:14:23.764Z,camera_0,1,799.04,545.87,253.17,746496.00,100.0,2000,null,null,10,1920,1080
2026-09-14T16:14:26.764Z,camera_0,1,322.86,0.00,322.86,746496.00,100.0,2000,null,null,10,1920,1080
2026-09-14T16:14:26.765Z,camera_1,1,0.00,0.00,0.00,746496.00,100.0,2000,null,null,10,1920,1080
2026-09-14T16:14:26.766Z,camera_0,1,975.95,653.09,322.86,746496.00,100.0,2000,null,null,10,1920,1080
2026-09-14T16:14:29.763Z,camera_0,1,291.27,0.00,291.27,746496.00,100.0,2000,null,null,10,1920,1080
2026-09-14T16:14:29.763Z,camera_1,1,0.00,0.00,0.00,746496.00,100.0,2000,null,null,10,1920,1080
2026-09-14T16:14:29.763Z,camera_0,1,827.46,536.19,291.27,746496.00,100.0,2000,null,null,10,1920,1080
2026-09-14T16:14:32.763Z,camera_0,1,285.76,0.00,285.76,746496.00,100.0,2000,null,null,10,1920,1080
2026-09-14T16:14:32.766Z,camera_1,1,0.00,0.00,0.00,746496.00,100.0,2000,null,null,10,1920,1080
2026-09-14T16:14:32.769Z,camera_0,1,715.79,430.03,285.76,746496.00,100.0,2000,null,null,10,1920,1080
2026-09-14T16:14:35.765Z,camera_0,1,176.47,0.00,176.47,746496.00,100.0,2000,null,null,10,1920,1080
2026-09-14T16:14:35.765Z,camera_1,1,0.00,0.00,0.00,746496.00,100.0,2000,null,null,10,1920,1080
2026-09-14T16:14:35.766Z,camera_0,1,714.72,538.25,176.47,746496.00,100.0,2000,null,null,10,1920,1080
2026-09-14T16:14:38.767Z,camera_0,1,288.27,0.00,288.27,746496.00,100.0,2000,null,null,10,1920,1080
2026-09-14T16:14:38.768Z,camera_1,1,0.00,0.00,0.00,746496.00,100.0,2000,null,null,10,1920,1080
2026-09-14T16:14:38.769Z,camera_0,1,932.50,644.24,288.27,746496.00,100.0,2000,null,null,10,1920,1080
2026-09-14T16:14:41.767Z,camera_0,1,168.95,0.00,168.95,746496.00,100.0,2000,null,null,10,1920,1080
2026-09-14T16:14:41.767Z,camera_1,1,0.00,0.00,0.00,746496.00,100.0,2000,null,null,10,1920,1080
2026-09-14T16:14:41.768Z,camera_0,1,489.93,320.98,168.95,746496.00,100.0,2000,null,null,10,1920,1080
2026-09-14T16:14:44.767Z,camera_0,1,377.50,0.00,377.50,746496.00,99.9,2000,null,null,10,1920,1080
2026-09-14T16:14:44.767Z,camera_1,1,0.00,0.00,0.00,746496.00,100.0,2000,null,null,10,1920,1080
2026-09-14T16:14:44.767Z,camera_0,1,817.11,439.60,377.50,746496.00,99.9,2000,null,null,10,1920,1080
2026-09-14T16:14:47.767Z,camera_0,1,62.17,0.00,62.17,147571.20,100.0,2000,null,null,30,854,480
2026-09-14T16:14:47.767Z,camera_1,1,0.00,0.00,0.00,147571.20,100.0,2000,null,null,30,854,480
2026-09-14T16:14:47.767Z,camera_0,1,1636.17,1574.00,62.17,147571.20,100.0,2000,null,null,30,854,480
2026-09-14T16:14:50.767Z,camera_0,1,0.00,0.00,0.00,147571.20,100.0,2000,null,null,30,854,480
2026-09-14T16:14:50.767Z,camera_1,1,0.00,0.00,0.00,147571.20,100.0,2000,null,null,30,854,480
2026-09-14T16:14:50.767Z,camera_0,1,972.41,972.41,0.00,147571.20,100.0,2000,null,null,30,854,480
2026-09-14T16:14:53.768Z,camera_0,1,421.12,0.00,421.12,147571.20,99.7,2000,null,null,30,854,480
2026-09-14T16:14:53.768Z,camera_1,1,0.00,0.00,0.00,147571.20,100.0,2000,null,null,30,854,480
2026-09-14T16:14:53.769Z,camera_0,1,1191.85,770.73,421.12,147571.20,99.7,2000,null,null,30,854,480
2026-09-14T16:14:56.769Z,camera_0,1,285.26,0.00,285.26,147571.20,99.8,2000,null,null,30,854,480
2026-09-14T16:14:56.770Z,camera_1,1,0.00,0.00,0.00,147571.20,100.0,2000,null,null,30,854,480
2026-09-14T16:14:56.773Z,camera_0,1,1065.19,779.93,285.26,147571.20,99.8,2000,null,null,30,854,480
2026-09-14T16:14:59.769Z,camera_0,1,362.46,0.00,362.46,147571.20,99.8,2000,null,null,30,854,480
2026-09-14T16:14:59.769Z,camera_1,1,0.00,0.00,0.00,147571.20,100.0,2000,null,null,30,854,480
2026-09-14T16:14:59.769Z,camera_0,1,1143.12,780.65,362.46,147571.20,99.8,2000,null,null,30,854,480
2026-09-14T16:15:02.770Z,camera_0,1,441.17,0.00,441.17,147571.20,99.7,2000,null,null,30,854,480
2026-09-14T16:15:02.770Z,camera_1,1,0.00,0.00,0.00,147571.20,100.0,2000,null,null,30,854,480
2026-09-14T16:15:02.770Z,camera_0,1,1223.17,782.00,441.17,147571.20,99.7,2000,null,null,30,854,480
2026-09-14T16:15:05.771Z,camera_0,1,525.90,0.00,525.90,147571.20,99.6,2000,null,null,30,854,480
2026-09-14T16:15:05.774Z,camera_0,1,1600.90,1075.00,525.90,147571.20,99.6,2000,null,null,30,854,480
2026-09-14T16:15:05.774Z,camera_1,1,0.00,0.00,0.00,147571.20,100.0,2000,null,null,30,854,480
2026-09-14T16:15:30.305Z,camera_0,0,0.00,0.00,0.00,110592.00,100.0,2000,null,null,120,640,480
2026-09-14T16:15:30.307Z,camera_1,0,0.00,0.00,0.00,110592.00,100.0,2000,null,null,120,640,480
2026-09-14T16:15:30.308Z,camera_0,0,0.00,0.00,0.00,110592.00,100.0,2000,null,null,120,640,480
2026-09-14T16:15:33.308Z,camera_0,0,0.00,0.00,0.00,110592.00,100.0,2000,null,null,120,640,480
2026-09-14T16:15:33.308Z,camera_1,0,0.00,0.00,0.00,110592.00,100.0,2000,null,null,120,640,480
2026-09-14T16:15:33.308Z,camera_0,0,0.00,0.00,0.00,110592.00,100.0,2000,null,null,120,640,480
2026-09-14T16:15:36.310Z,camera_1,0,0.00,0.00,0.00,110592.00,100.0,2000,null,null,120,640,480
2026-09-14T16:15:36.309Z,camera_0,0,0.00,0.00,0.00,110592.00,100.0,2000,null,null,120,640,480
2026-09-14T16:15:36.311Z,camera_0,0,0.00,0.00,0.00,110592.00,100.0,2000,null,null,120,640,480
2026-09-14T16:15:39.315Z,camera_0,0,0.00,0.00,0.00,110592.00,100.0,2000,null,null,120,640,480
2026-09-14T16:15:39.315Z,camera_1,0,0.00,0.00,0.00,110592.00,100.0,2000,null,null,120,640,480
2026-09-14T16:15:39.316Z,camera_0,0,0.00,0.00,0.00,110592.00,100.0,2000,null,null,120,640,480
2026-09-14T16:15:42.317Z,camera_0,0,0.00,0.00,0.00,110592.00,100.0,2000,null,null,120,640,480
2026-09-14T16:15:42.317Z,camera_1,0,0.00,0.00,0.00,110592.00,100.0,2000,null,null,120,640,480
2026-09-14T16:15:42.318Z,camera_0,0,0.00,0.00,0.00,110592.00,100.0,2000,null,null,120,640,480
2026-09-14T16:15:45.320Z,camera_1,0,0.00,0.00,0.00,110592.00,100.0,2000,null,null,120,640,480
2026-09-14T16:15:45.320Z,camera_0,0,0.00,0.00,0.00,110592.00,100.0,2000,null,null,120,640,480
2026-09-14T16:15:45.320Z,camera_0,0,0.00,0.00,0.00,110592.00,100.0,2000,null,null,120,640,480
2026-09-14T16:15:48.324Z,camera_0,0,0.00,0.00,0.00,110592.00,100.0,2000,null,null,120,640,480
2026-09-14T16:15:48.324Z,camera_1,0,0.00,0.00,0.00,110592.00,100.0,2000,null,null,120,640,480
2026-09-14T16:15:48.324Z,camera_0,0,0.00,0.00,0.00,110592.00,100.0,2000,null,null,120,640,480
2026-09-14T16:15:51.328Z,camera_0,0,0.00,0.00,0.00,110592.00,100.0,2000,null,null,120,640,480
2026-09-14T16:15:51.328Z,camera_1,0,0.00,0.00,0.00,110592.00,100.0,2000,null,null,120,640,480
2026-09-14T16:15:51.328Z,camera_0,0,0.00,0.00,0.00,110592.00,100.0,2000,null,null,120,640,480
2026-09-14T16:15:54.331Z,camera_0,0,0.00,0.00,0.00,110592.00,100.0,2000,null,null,120,640,480
2026-09-14T16:15:54.331Z,camera_1,0,0.00,0.00,0.00,110592.00,100.0,2000,null,null,120,640,480
2026-09-14T16:15:54.332Z,camera_0,0,0.00,0.00,0.00,110592.00,100.0,2000,null,null,120,640,480
2026-09-14T16:15:57.334Z,camera_0,0,0.00,0.00,0.00,110592.00,100.0,2000,null,null,120,640,480
2026-09-14T16:15:57.335Z,camera_1,0,0.00,0.00,0.00,110592.00,100.0,2000,null,null,120,640,480
2026-09-14T16:15:57.336Z,camera_0,0,0.00,0.00,0.00,110592.00,100.0,2000,null,null,120,640,480
2026-09-14T16:16:00.337Z,camera_0,0,0.00,0.00,0.00,110592.00,100.0,2000,null,null,120,640,480
2026-09-14T16:16:00.337Z,camera_1,0,0.00,0.00,0.00,110592.00,100.0,2000,null,null,120,640,480
2026-09-14T16:16:00.337Z,camera_0,0,0.00,0.00,0.00,110592.00,100.0,2000,null,null,120,640,480
2026-09-14T16:16:03.338Z,camera_0,0,0.00,0.00,0.00,110592.00,100.0,2000,null,null,120,640,480
2026-09-14T16:16:03.343Z,camera_1,0,0.00,0.00,0.00,110592.00,100.0,2000,null,null,120,640,480
2026-09-14T16:16:03.344Z,camera_0,0,0.00,0.00,0.00,110592.00,100.0,2000,null,null,120,640,480
2026-09-14T16:16:06.341Z,camera_0,0,0.00,0.00,0.00,110592.00,100.0,2000,null,null,120,640,480
2026-09-14T16:16:06.341Z,camera_1,0,0.00,0.00,0.00,110592.00,100.0,2000,null,null,120,640,480
2026-09-14T16:16:06.342Z,camera_0,0,0.00,0.00,0.00,110592.00,100.0,2000,null,null,120,640,480
2026-09-14T16:16:09.342Z,camera_0,0,0.00,0.00,0.00,110592.00,100.0,2000,null,null,120,640,480
2026-09-14T16:16:09.342Z,camera_1,0,0.00,0.00,0.00,110592.00,100.0,2000,null,null,120,640,480
2026-09-14T16:16:09.343Z,camera_0,0,0.00,0.00,0.00,110592.00,100.0,2000,null,null,120,640,480
2026-09-14T16:16:12.345Z,camera_0,0,0.00,0.00,0.00,110592.00,100.0,2000,null,null,120,640,480
2026-09-14T16:16:12.345Z,camera_1,0,0.00,0.00,0.00,110592.00,100.0,2000,null,null,120,640,480
2026-09-14T16:16:12.346Z,camera_0,0,0.00,0.00,0.00,110592.00,100.0,2000,null,null,120,640,480
2026-09-14T16:16:15.347Z,camera_0,0,0.00,0.00,0.00,110592.00,100.0,2000,null,null,120,640,480
2026-09-14T16:16:15.347Z,camera_1,0,0.00,0.00,0.00,110592.00,100.0,2000,null,null,120,640,480
2026-09-14T16:16:15.347Z,camera_0,0,0.00,0.00,0.00,110592.00,100.0,2000,null,null,120,640,480
2026-09-14T16:16:18.348Z,camera_0,0,0.00,0.00,0.00,110592.00,100.0,2000,null,null,120,640,480
2026-09-14T16:16:18.348Z,camera_1,0,0.00,0.00,0.00,110592.00,100.0,2000,null,null,120,640,480
2026-09-14T16:16:18.349Z,camera_0,0,0.00,0.00,0.00,110592.00,100.0,2000,null,null,120,640,480
2026-09-14T16:16:21.350Z,camera_0,0,0.00,0.00,0.00,110592.00,100.0,2000,null,null,120,640,480
2026-09-14T16:16:21.350Z,camera_1,0,0.00,0.00,0.00,110592.00,100.0,2000,null,null,120,640,480
2026-09-14T16:16:21.350Z,camera_0,0,0.00,0.00,0.00,110592.00,100.0,2000,null,null,120,640,480
2026-09-14T16:16:24.351Z,camera_0,0,0.00,0.00,0.00,110592.00,100.0,2000,null,null,120,640,480
2026-09-14T16:16:24.351Z,camera_1,0,0.00,0.00,0.00,110592.00,100.0,2000,null,null,120,640,480
2026-09-14T16:16:24.352Z,camera_0,0,0.00,0.00,0.00,110592.00,100.0,2000,null,null,120,640,480
2026-09-14T16:16:27.352Z,camera_0,0,0.00,0.00,0.00,110592.00,100.0,2000,null,null,120,640,480
2026-09-14T16:16:27.352Z,camera_1,0,0.00,0.00,0.00,110592.00,100.0,2000,null,null,120,640,480
2026-09-14T16:16:27.355Z,camera_0,0,0.00,0.00,0.00,110592.00,100.0,2000,null,null,120,640,480
2026-09-14T16:16:30.354Z,camera_0,0,0.00,0.00,0.00,110592.00,100.0,2000,null,null,120,640,480
2026-09-14T16:16:30.354Z,camera_1,0,0.00,0.00,0.00,110592.00,100.0,2000,null,null,120,640,480
2026-09-14T16:16:30.355Z,camera_0,0,0.00,0.00,0.00,110592.00,100.0,2000,null,null,120,640,480
2026-09-14T16:16:33.356Z,camera_0,0,0.00,0.00,0.00,110592.00,100.0,2000,null,null,120,640,480
2026-09-14T16:16:33.356Z,camera_1,0,0.00,0.00,0.00,110592.00,100.0,2000,null,null,120,640,480
2026-09-14T16:16:33.357Z,camera_0,0,0.00,0.00,0.00,110592.00,100.0,2000,null,null,120,640,480
2026-09-14T16:16:36.356Z,camera_0,0,0.00,0.00,0.00,110592.00,100.0,2000,null,null,120,640,480
2026-09-14T16:16:36.357Z,camera_1,0,0.00,0.00,0.00,110592.00,100.0,2000,null,null,120,640,480
2026-09-14T16:16:36.357Z,camera_0,0,0.00,0.00,0.00,110592.00,100.0,2000,null,null,120,640,480
2026-09-14T16:16:39.358Z,camera_0,0,0.00,0.00,0.00,110592.00,100.0,2000,null,null,120,640,480
2026-09-14T16:16:39.358Z,camera_1,0,0.00,0.00,0.00,110592.00,100.0,2000,null,null,120,640,480
2026-09-14T16:16:39.358Z,camera_0,0,0.00,0.00,0.00,110592.00,100.0,2000,null,null,120,640,480
2026-09-14T16:16:42.358Z,camera_0,0,0.00,0.00,0.00,110592.00,100.0,2000,null,null,120,640,480
2026-09-14T16:16:42.359Z,camera_1,0,0.00,0.00,0.00,110592.00,100.0,2000,null,null,120,640,480
2026-09-14T16:16:42.359Z,camera_0,0,0.00,0.00,0.00,110592.00,100.0,2000,null,null,120,640,480
2026-09-14T16:16:45.359Z,camera_0,1,0.00,0.00,0.00,110592.00,100.0,2000,null,null,120,640,480
2026-09-14T16:16:45.359Z,camera_1,1,0.00,0.00,0.00,110592.00,100.0,2000,null,null,120,640,480
2026-09-14T16:16:45.359Z,camera_0,1,0.00,0.00,0.00,110592.00,100.0,2000,null,null,120,640,480
2026-09-14T16:16:48.361Z,camera_0,1,0.00,0.00,0.00,110592.00,100.0,2000,null,null,30,640,480
2026-09-14T16:16:48.361Z,camera_1,1,0.00,0.00,0.00,110592.00,100.0,2000,null,null,30,640,480
2026-09-14T16:16:48.362Z,camera_0,1,1053.22,1053.22,0.00,110592.00,100.0,2000,null,null,30,640,480
2026-09-14T16:16:51.361Z,camera_0,1,0.00,0.00,0.00,110592.00,100.0,2000,null,null,30,640,480
2026-09-14T16:16:51.362Z,camera_1,1,0.00,0.00,0.00,110592.00,100.0,2000,null,null,30,640,480
2026-09-14T16:16:51.362Z,camera_0,1,0.00,0.00,0.00,110592.00,100.0,2000,null,null,30,640,480
2026-09-14T16:16:54.363Z,camera_0,1,0.00,0.00,0.00,110592.00,100.0,2000,null,null,30,640,480
2026-09-14T16:16:54.366Z,camera_0,1,0.00,0.00,0.00,110592.00,100.0,2000,null,null,30,640,480
2026-09-14T16:16:54.363Z,camera_1,1,0.00,0.00,0.00,110592.00,100.0,2000,null,null,30,640,480
2026-09-14T16:16:57.364Z,camera_0,1,0.00,0.00,0.00,110592.00,100.0,2000,null,null,30,640,480
2026-09-14T16:16:57.364Z,camera_1,1,0.00,0.00,0.00,110592.00,100.0,2000,null,null,30,640,480
2026-09-14T16:16:57.364Z,camera_0,1,0.00,0.00,0.00,110592.00,100.0,2000,null,null,30,640,480
2026-09-14T16:17:00.366Z,camera_0,1,0.00,0.00,0.00,110592.00,100.0,2000,null,null,30,640,480
2026-09-14T16:17:00.366Z,camera_1,1,0.00,0.00,0.00,110592.00,100.0,2000,null,null,30,640,480
2026-09-14T16:17:00.366Z,camera_0,1,0.00,0.00,0.00,110592.00,100.0,2000,null,null,30,640,480
2026-09-14T16:17:03.368Z,camera_0,1,0.00,0.00,0.00,110592.00,100.0,2000,null,null,30,640,480
2026-09-14T16:17:03.368Z,camera_1,1,0.00,0.00,0.00,110592.00,100.0,2000,null,null,30,640,480
2026-09-14T16:17:03.368Z,camera_0,1,0.00,0.00,0.00,110592.00,100.0,2000,null,null,30,640,480
2026-09-14T16:17:06.369Z,camera_0,1,0.00,0.00,0.00,110592.00,100.0,2000,null,null,30,640,480
2026-09-14T16:17:06.369Z,camera_1,1,0.00,0.00,0.00,110592.00,100.0,2000,null,null,30,640,480
2026-09-14T16:17:06.370Z,camera_0,1,0.00,0.00,0.00,110592.00,100.0,2000,null,null,30,640,480
2026-09-14T16:17:09.370Z,camera_0,1,0.00,0.00,0.00,110592.00,100.0,2000,null,null,30,640,480
2026-09-14T16:17:09.370Z,camera_1,1,0.00,0.00,0.00,110592.00,100.0,2000,null,null,30,640,480
2026-09-14T16:17:09.371Z,camera_0,1,0.00,0.00,0.00,110592.00,100.0,2000,null,null,30,640,480
2026-09-14T16:17:12.371Z,camera_0,1,0.00,0.00,0.00,110592.00,100.0,2000,null,null,30,640,480
2026-09-14T16:17:12.371Z,camera_1,1,0.00,0.00,0.00,110592.00,100.0,2000,null,null,30,640,480
2026-09-14T16:17:12.374Z,camera_0,1,0.00,0.00,0.00,110592.00,100.0,2000,null,null,30,640,480
2026-09-14T16:17:15.372Z,camera_0,0,16.04,0.00,16.04,110592.00,100.0,2000,null,null,30,640,480
2026-09-14T16:17:15.372Z,camera_0,0,16.04,0.00,16.04,110592.00,100.0,2000,null,null,30,640,480
2026-09-14T16:17:15.372Z,camera_1,0,0.00,0.00,0.00,110592.00,100.0,2000,null,null,30,640,480
2026-09-14T16:17:18.372Z,camera_0,0,0.00,0.00,0.00,110592.00,100.0,2000,null,null,30,640,480
2026-09-14T16:17:18.372Z,camera_1,0,102.77,0.00,102.77,110592.00,99.9,2000,null,null,30,640,480
2026-09-14T16:17:18.373Z,camera_0,0,102.77,0.00,102.77,110592.00,99.9,2000,null,null,30,640,480
2026-09-14T16:17:21.374Z,camera_0,0,0.00,0.00,0.00,110592.00,100.0,2000,null,null,30,640,480
2026-09-14T16:17:21.374Z,camera_1,0,0.00,0.00,0.00,110592.00,100.0,2000,null,null,30,640,480
2026-09-14T16:17:21.375Z,camera_0,0,0.00,0.00,0.00,110592.00,100.0,2000,null,null,30,640,480
2026-09-14T16:17:24.375Z,camera_0,0,0.00,0.00,0.00,110592.00,100.0,2000,null,null,30,640,480
2026-09-14T16:17:24.375Z,camera_1,0,0.00,0.00,0.00,110592.00,100.0,2000,null,null,30,640,480
2026-09-14T16:17:24.375Z,camera_0,0,0.00,0.00,0.00,110592.00,100.0,2000,null,null,30,640,480
2026-09-14T16:17:27.375Z,camera_0,0,0.00,0.00,0.00,110592.00,100.0,2000,null,null,30,640,480
2026-09-14T16:17:27.376Z,camera_1,0,0.00,0.00,0.00,110592.00,100.0,2000,null,null,30,640,480
2026-09-14T16:17:27.376Z,camera_0,0,0.00,0.00,0.00,110592.00,100.0,2000,null,null,30,640,480
2026-09-14T16:17:30.377Z,camera_0,0,0.00,0.00,0.00,110592.00,100.0,2000,null,null,30,640,480
2026-09-14T16:17:30.377Z,camera_1,0,0.00,0.00,0.00,110592.00,100.0,2000,null,null,30,640,480
2026-09-14T16:17:30.378Z,camera_0,0,0.00,0.00,0.00,110592.00,100.0,2000,null,null,30,640,480
2026-09-14T16:17:33.378Z,camera_0,0,0.00,0.00,0.00,110592.00,100.0,2000,null,null,30,640,480
2026-09-14T16:17:33.378Z,camera_1,0,0.00,0.00,0.00,110592.00,100.0,2000,null,null,30,640,480
2026-09-14T16:17:33.379Z,camera_0,0,0.00,0.00,0.00,110592.00,100.0,2000,null,null,30,640,480
2026-09-14T16:17:36.381Z,camera_0,0,0.00,0.00,0.00,110592.00,100.0,2000,null,null,30,640,480
2026-09-14T16:17:36.381Z,camera_1,0,0.00,0.00,0.00,110592.00,100.0,2000,null,null,30,640,480
2026-09-14T16:17:36.382Z,camera_0,0,0.00,0.00,0.00,110592.00,100.0,2000,null,null,30,640,480
2026-09-14T16:17:39.382Z,camera_0,0,0.00,0.00,0.00,110592.00,100.0,2000,null,null,30,640,480
2026-09-14T16:17:39.382Z,camera_1,0,0.00,0.00,0.00,110592.00,100.0,2000,null,null,30,640,480
2026-09-14T16:17:39.383Z,camera_0,0,0.00,0.00,0.00,110592.00,100.0,2000,null,null,30,640,480
2026-09-14T16:17:42.384Z,camera_0,0,0.00,0.00,0.00,110592.00,100.0,2000,null,null,30,640,480
2026-09-14T16:17:42.385Z,camera_1,0,0.00,0.00,0.00,110592.00,100.0,2000,null,null,30,640,480
2026-09-14T16:17:42.385Z,camera_0,0,0.00,0.00,0.00,110592.00,100.0,2000,null,null,30,640,480
2026-09-14T16:17:45.384Z,camera_0,0,0.00,0.00,0.00,110592.00,100.0,2000,null,null,30,640,480
2026-09-14T16:17:45.385Z,camera_1,0,0.00,0.00,0.00,110592.00,100.0,2000,null,null,30,640,480
2026-09-14T16:17:45.385Z,camera_0,0,0.00,0.00,0.00,110592.00,100.0,2000,null,null,30,640,480
2026-09-14T16:17:48.385Z,camera_0,0,0.00,0.00,0.00,110592.00,100.0,2000,null,null,30,640,480
2026-09-14T16:17:48.385Z,camera_1,0,0.00,0.00,0.00,110592.00,100.0,2000,null,null,30,640,480
2026-09-14T16:17:48.386Z,camera_0,0,0.00,0.00,0.00,110592.00,100.0,2000,null,null,30,640,480
2026-09-14T16:17:51.386Z,camera_0,0,0.00,0.00,0.00,110592.00,100.0,2000,null,null,30,640,480
2026-09-14T16:17:51.386Z,camera_1,0,0.00,0.00,0.00,110592.00,100.0,2000,null,null,30,640,480
2026-09-14T16:17:51.387Z,camera_0,0,0.00,0.00,0.00,110592.00,100.0,2000,null,null,30,640,480
2026-09-14T16:17:54.387Z,camera_0,0,0.00,0.00,0.00,110592.00,100.0,2000,null,null,30,640,480
2026-09-14T16:17:54.387Z,camera_1,0,0.00,0.00,0.00,110592.00,100.0,2000,null,null,30,640,480
2026-09-14T16:17:54.387Z,camera_0,0,0.00,0.00,0.00,110592.00,100.0,2000,null,null,30,640,480
2026-09-14T16:17:57.388Z,camera_0,0,0.00,0.00,0.00,110592.00,100.0,2000,null,null,30,640,480
2026-09-14T16:17:57.388Z,camera_1,0,0.00,0.00,0.00,110592.00,100.0,2000,null,null,30,640,480
2026-09-14T16:17:57.388Z,camera_0,0,0.00,0.00,0.00,110592.00,100.0,2000,null,null,30,640,480
2026-09-14T16:18:00.389Z,camera_0,0,0.00,0.00,0.00,110592.00,100.0,2000,null,null,30,640,480
2026-09-14T16:18:00.389Z,camera_1,0,0.00,0.00,0.00,110592.00,100.0,2000,null,null,30,640,480
2026-09-14T16:18:00.389Z,camera_0,0,0.00,0.00,0.00,110592.00,100.0,2000,null,null,30,640,480
2026-09-14T16:18:03.391Z,camera_0,0,0.00,0.00,0.00,110592.00,100.0,2000,null,null,30,640,480
2026-09-14T16:18:03.391Z,camera_1,0,0.00,0.00,0.00,110592.00,100.0,2000,null,null,30,640,480
2026-09-14T16:18:03.392Z,camera_0,0,0.00,0.00,0.00,110592.00,100.0,2000,null,null,30,640,480
2026-09-14T16:18:06.391Z,camera_0,0,0.00,0.00,0.00,110592.00,100.0,2000,null,null,30,640,480
2026-09-14T16:18:06.392Z,camera_1,0,0.00,0.00,0.00,110592.00,100.0,2000,null,null,30,640,480
2026-09-14T16:18:06.392Z,camera_0,0,0.00,0.00,0.00,110592.00,100.0,2000,null,null,30,640,480
2026-09-14T16:18:09.394Z,camera_0,0,0.00,0.00,0.00,110592.00,100.0,2000,null,null,30,640,480
2026-09-14T16:18:09.394Z,camera_0,0,0.00,0.00,0.00,110592.00,100.0,2000,null,null,30,640,480
2026-09-14T16:18:09.394Z,camera_1,0,0.00,0.00,0.00,110592.00,100.0,2000,null,null,30,640,480
2026-09-14T16:18:12.394Z,camera_0,0,0.00,0.00,0.00,110592.00,100.0,2000,null,null,30,640,480
2026-09-14T16:18:12.395Z,camera_1,0,0.00,0.00,0.00,110592.00,100.0,2000,null,null,30,640,480
2026-09-14T16:18:12.395Z,camera_0,0,0.00,0.00,0.00,110592.00,100.0,2000,null,null,30,640,480
2026-09-14T16:18:15.397Z,camera_0,0,0.00,0.00,0.00,110592.00,100.0,2000,null,null,30,640,480
2026-09-14T16:18:15.397Z,camera_1,0,0.00,0.00,0.00,110592.00,100.0,2000,null,null,30,640,480
2026-09-14T16:18:15.398Z,camera_0,0,0.00,0.00,0.00,110592.00,100.0,2000,null,null,30,640,480
2026-09-14T16:18:43.189Z,camera_0,0,0.00,0.00,0.00,110592.00,100.0,2000,null,null,120,640,480
2026-09-14T16:18:43.191Z,camera_1,0,0.00,0.00,0.00,110592.00,100.0,2000,null,null,120,640,480
2026-09-14T16:18:43.191Z,camera_0,0,0.00,0.00,0.00,110592.00,100.0,2000,null,null,120,640,480
2026-09-14T16:18:46.191Z,camera_0,0,0.00,0.00,0.00,110592.00,100.0,2000,null,null,120,640,480
2026-09-14T16:18:46.191Z,camera_1,0,0.00,0.00,0.00,110592.00,100.0,2000,null,null,120,640,480
2026-09-14T16:18:46.192Z,camera_0,0,0.00,0.00,0.00,110592.00,100.0,2000,null,null,120,640,480
2026-09-14T16:18:49.191Z,camera_0,0,0.00,0.00,0.00,110592.00,100.0,2000,null,null,120,640,480
2026-09-14T16:18:49.192Z,camera_1,0,0.00,0.00,0.00,110592.00,100.0,2000,null,null,120,640,480
2026-09-14T16:18:49.193Z,camera_0,0,0.00,0.00,0.00,110592.00,100.0,2000,null,null,120,640,480
2026-09-14T16:18:52.194Z,camera_0,0,0.00,0.00,0.00,110592.00,100.0,2000,null,null,120,640,480
2026-09-14T16:18:52.196Z,camera_0,0,0.00,0.00,0.00,110592.00,100.0,2000,null,null,120,640,480
2026-09-14T16:18:52.195Z,camera_1,0,0.00,0.00,0.00,110592.00,100.0,2000,null,null,120,640,480
2026-09-14T16:18:55.197Z,camera_0,0,0.00,0.00,0.00,110592.00,100.0,2000,null,null,120,640,480
2026-09-14T16:18:55.197Z,camera_1,0,0.00,0.00,0.00,110592.00,100.0,2000,null,null,120,640,480
2026-09-14T16:18:55.198Z,camera_0,0,0.00,0.00,0.00,110592.00,100.0,2000,null,null,120,640,480
2026-09-14T16:18:58.198Z,camera_0,0,0.00,0.00,0.00,110592.00,100.0,2000,null,null,120,640,480
2026-09-14T16:18:58.198Z,camera_1,0,0.00,0.00,0.00,110592.00,100.0,2000,null,null,120,640,480
2026-09-14T16:18:58.199Z,camera_0,0,0.00,0.00,0.00,110592.00,100.0,2000,null,null,120,640,480
2026-09-14T16:19:01.201Z,camera_0,0,0.00,0.00,0.00,110592.00,100.0,2000,null,null,120,640,480
2026-09-14T16:19:01.201Z,camera_1,0,0.00,0.00,0.00,110592.00,100.0,2000,null,null,120,640,480
2026-09-14T16:19:01.201Z,camera_0,0,0.00,0.00,0.00,110592.00,100.0,2000,null,null,120,640,480
2026-09-14T16:19:04.204Z,camera_0,0,0.00,0.00,0.00,110592.00,100.0,2000,null,null,120,640,480
2026-09-14T16:19:04.204Z,camera_1,0,0.00,0.00,0.00,110592.00,100.0,2000,null,null,120,640,480
2026-09-14T16:19:04.205Z,camera_0,0,0.00,0.00,0.00,110592.00,100.0,2000,null,null,120,640,480
2026-09-14T16:19:07.208Z,camera_0,0,0.00,0.00,0.00,110592.00,100.0,2000,null,null,120,640,480
2026-09-14T16:19:07.208Z,camera_1,0,0.00,0.00,0.00,110592.00,100.0,2000,null,null,120,640,480
2026-09-14T16:19:07.208Z,camera_0,0,0.00,0.00,0.00,110592.00,100.0,2000,null,null,120,640,480
2026-09-14T16:19:10.211Z,camera_0,0,0.00,0.00,0.00,110592.00,100.0,2000,null,null,120,640,480
2026-09-14T16:19:10.211Z,camera_1,0,0.00,0.00,0.00,110592.00,100.0,2000,null,null,120,640,480
2026-09-14T16:19:10.211Z,camera_0,0,0.00,0.00,0.00,110592.00,100.0,2000,null,null,120,640,480
2026-09-14T16:19:13.214Z,camera_0,0,0.00,0.00,0.00,110592.00,100.0,2000,null,null,120,640,480
2026-09-14T16:19:13.214Z,camera_1,0,0.00,0.00,0.00,110592.00,100.0,2000,null,null,120,640,480
2026-09-14T16:19:13.214Z,camera_0,0,0.00,0.00,0.00,110592.00,100.0,2000,null,null,120,640,480
2026-09-14T16:19:16.218Z,camera_0,0,0.00,0.00,0.00,110592.00,100.0,2000,null,null,120,640,480
2026-09-14T16:19:16.218Z,camera_1,0,0.00,0.00,0.00,110592.00,100.0,2000,null,null,120,640,480
2026-09-14T16:19:16.218Z,camera_0,0,0.00,0.00,0.00,110592.00,100.0,2000,null,null,120,640,480
2026-09-14T16:19:19.222Z,camera_0,0,0.00,0.00,0.00,110592.00,100.0,2000,null,null,120,640,480
2026-09-14T16:19:19.222Z,camera_1,0,0.00,0.00,0.00,110592.00,100.0,2000,null,null,120,640,480
2026-09-14T16:19:19.222Z,camera_0,0,0.00,0.00,0.00,110592.00,100.0,2000,null,null,120,640,480
2026-09-14T16:19:22.225Z,camera_0,0,0.00,0.00,0.00,110592.00,100.0,2000,null,null,120,640,480
2026-09-14T16:19:22.225Z,camera_1,0,0.00,0.00,0.00,110592.00,100.0,2000,null,null,120,640,480
2026-09-14T16:19:22.225Z,camera_0,0,0.00,0.00,0.00,110592.00,100.0,2000,null,null,120,640,480
2026-09-14T16:19:25.228Z,camera_0,0,0.00,0.00,0.00,110592.00,100.0,2000,null,null,120,640,480
2026-09-14T16:19:25.228Z,camera_1,0,0.00,0.00,0.00,110592.00,100.0,2000,null,null,120,640,480
2026-09-14T16:19:25.228Z,camera_0,0,0.00,0.00,0.00,110592.00,100.0,2000,null,null,120,640,480
2026-09-14T16:19:28.231Z,camera_0,0,0.00,0.00,0.00,110592.00,100.0,2000,null,null,120,640,480
2026-09-14T16:19:28.231Z,camera_1,0,0.00,0.00,0.00,110592.00,100.0,2000,null,null,120,640,480
2026-09-14T16:19:28.231Z,camera_0,0,0.00,0.00,0.00,110592.00,100.0,2000,null,null,120,640,480
2026-09-14T16:19:31.234Z,camera_1,0,0.00,0.00,0.00,110592.00,100.0,2000,null,null,120,640,480
2026-09-14T16:19:31.234Z,camera_0,0,0.00,0.00,0.00,110592.00,100.0,2000,null,null,120,640,480
2026-09-14T16:19:31.234Z,camera_0,0,0.00,0.00,0.00,110592.00,100.0,2000,null,null,120,640,480
2026-09-14T16:19:34.237Z,camera_0,0,0.00,0.00,0.00,110592.00,100.0,2000,null,null,120,640,480
2026-09-14T16:19:34.238Z,camera_1,0,0.00,0.00,0.00,110592.00,100.0,2000,null,null,120,640,480
2026-09-14T16:19:34.238Z,camera_0,0,0.00,0.00,0.00,110592.00,100.0,2000,null,null,120,640,480
2026-09-14T16:19:37.241Z,camera_0,0,0.00,0.00,0.00,110592.00,100.0,2000,null,null,120,640,480
2026-09-14T16:19:37.241Z,camera_1,0,0.00,0.00,0.00,110592.00,100.0,2000,null,null,120,640,480
2026-09-14T16:19:37.241Z,camera_0,0,0.00,0.00,0.00,110592.00,100.0,2000,null,null,120,640,480
2026-09-14T16:19:40.240Z,camera_0,0,0.00,0.00,0.00,110592.00,100.0,2000,null,null,120,640,480
2026-09-14T16:19:40.240Z,camera_0,0,0.00,0.00,0.00,110592.00,100.0,2000,null,null,120,640,480
2026-09-14T16:19:40.240Z,camera_1,0,0.00,0.00,0.00,110592.00,100.0,2000,null,null,120,640,480
2026-09-14T16:19:43.243Z,camera_0,0,0.00,0.00,0.00,110592.00,100.0,2000,null,null,120,640,480
2026-09-14T16:19:43.244Z,camera_1,0,0.00,0.00,0.00,110592.00,100.0,2000,null,null,120,640,480
2026-09-14T16:19:43.244Z,camera_0,0,0.00,0.00,0.00,110592.00,100.0,2000,null,null,120,640,480
2026-09-14T16:19:46.247Z,camera_1,0,0.00,0.00,0.00,110592.00,100.0,2000,null,null,120,640,480
2026-09-14T16:19:46.247Z,camera_0,0,0.00,0.00,0.00,110592.00,100.0,2000,null,null,120,640,480
2026-09-14T16:19:46.247Z,camera_0,0,0.00,0.00,0.00,110592.00,100.0,2000,null,null,120,640,480
2026-09-14T16:19:49.249Z,camera_0,0,0.00,0.00,0.00,110592.00,100.0,2000,null,null,120,640,480
2026-09-14T16:19:49.249Z,camera_1,0,0.00,0.00,0.00,110592.00,100.0,2000,null,null,120,640,480
2026-09-14T16:19:49.249Z,camera_0,0,0.00,0.00,0.00,110592.00,100.0,2000,null,null,120,640,480
2026-09-14T16:19:52.252Z,camera_0,0,0.00,0.00,0.00,110592.00,100.0,2000,null,null,120,640,480
2026-09-14T16:19:52.253Z,camera_1,0,0.00,0.00,0.00,110592.00,100.0,2000,null,null,120,640,480
2026-09-14T16:19:52.253Z,camera_0,0,0.00,0.00,0.00,110592.00,100.0,2000,null,null,120,640,480
2026-09-14T16:19:55.255Z,camera_0,0,0.00,0.00,0.00,110592.00,100.0,2000,null,null,120,640,480
2026-09-14T16:19:55.255Z,camera_1,0,0.00,0.00,0.00,110592.00,100.0,2000,null,null,120,640,480
2026-09-14T16:19:55.255Z,camera_0,0,0.00,0.00,0.00,110592.00,100.0,2000,null,null,120,640,480
2026-09-14T16:19:58.257Z,camera_0,1,0.00,0.00,0.00,110592.00,100.0,2000,null,null,120,640,480
2026-09-14T16:19:58.257Z,camera_1,1,0.00,0.00,0.00,110592.00,100.0,2000,null,null,120,640,480
2026-09-14T16:19:58.257Z,camera_0,1,0.00,0.00,0.00,110592.00,100.0,2000,null,null,120,640,480
2026-09-14T16:20:01.259Z,camera_0,1,0.00,0.00,0.00,746496.00,100.0,2000,null,null,30,1920,1080
2026-09-14T16:20:01.259Z,camera_1,1,0.00,0.00,0.00,746496.00,100.0,2000,null,null,30,1920,1080
2026-09-14T16:20:01.259Z,camera_0,1,357.46,357.46,0.00,746496.00,100.0,2000,null,null,30,1920,1080
2026-09-14T16:20:04.262Z,camera_0,1,0.00,0.00,0.00,746496.00,100.0,2000,null,null,30,1920,1080
2026-09-14T16:20:04.262Z,camera_1,1,0.00,0.00,0.00,746496.00,100.0,2000,null,null,30,1920,1080
2026-09-14T16:20:04.262Z,camera_0,1,0.00,0.00,0.00,746496.00,100.0,2000,null,null,30,1920,1080
2026-09-14T16:20:07.265Z,camera_0,1,0.00,0.00,0.00,746496.00,100.0,2000,null,null,30,1920,1080
2026-09-14T16:20:07.265Z,camera_1,1,0.00,0.00,0.00,746496.00,100.0,2000,null,null,30,1920,1080
2026-09-14T16:20:07.265Z,camera_0,1,0.00,0.00,0.00,746496.00,100.0,2000,null,null,30,1920,1080
2026-09-14T16:20:10.265Z,camera_1,1,0.00,0.00,0.00,746496.00,100.0,2000,null,null,30,1920,1080
2026-09-14T16:20:10.265Z,camera_0,1,0.00,0.00,0.00,746496.00,100.0,2000,null,null,30,1920,1080
2026-09-14T16:20:10.266Z,camera_0,1,0.00,0.00,0.00,746496.00,100.0,2000,null,null,30,1920,1080
2026-09-14T16:20:13.268Z,camera_0,1,0.00,0.00,0.00,746496.00,100.0,2000,null,null,30,1920,1080
2026-09-14T16:20:13.268Z,camera_1,1,0.00,0.00,0.00,746496.00,100.0,2000,null,null,30,1920,1080
2026-09-14T16:20:13.268Z,camera_0,1,0.00,0.00,0.00,746496.00,100.0,2000,null,null,30,1920,1080
2026-09-14T16:20:16.271Z,camera_0,1,0.00,0.00,0.00,746496.00,100.0,2000,null,null,30,1920,1080
2026-09-14T16:20:16.271Z,camera_1,1,0.00,0.00,0.00,746496.00,100.0,2000,null,null,30,1920,1080
2026-09-14T16:20:16.271Z,camera_0,1,0.00,0.00,0.00,746496.00,100.0,2000,null,null,30,1920,1080
2026-09-14T16:20:19.274Z,camera_0,1,0.00,0.00,0.00,746496.00,100.0,2000,null,null,30,1920,1080
2026-09-14T16:20:19.274Z,camera_1,1,0.00,0.00,0.00,746496.00,100.0,2000,null,null,30,1920,1080
2026-09-14T16:20:19.275Z,camera_0,1,0.00,0.00,0.00,746496.00,100.0,2000,null,null,30,1920,1080
2026-09-14T16:20:22.275Z,camera_0,0,0.00,0.00,0.00,746496.00,100.0,2000,null,null,30,1920,1080
2026-09-14T16:20:22.275Z,camera_1,0,0.00,0.00,0.00,746496.00,100.0,2000,null,null,30,1920,1080
2026-09-14T16:20:22.278Z,camera_0,0,0.00,0.00,0.00,746496.00,100.0,2000,null,null,30,1920,1080
2026-09-14T16:20:25.277Z,camera_0,0,15.54,0.00,15.54,746496.00,100.0,2000,null,null,30,1920,1080
2026-09-14T16:20:25.277Z,camera_1,0,105.78,0.00,105.78,746496.00,100.0,2000,null,null,30,1920,1080
2026-09-14T16:20:25.277Z,camera_0,0,121.32,0.00,121.32,746496.00,100.0,2000,null,null,30,1920,1080
2026-09-14T16:20:28.280Z,camera_0,0,0.00,0.00,0.00,746496.00,100.0,2000,null,null,30,1920,1080
2026-09-14T16:20:28.280Z,camera_1,0,0.00,0.00,0.00,746496.00,100.0,2000,null,null,30,1920,1080
2026-09-14T16:20:28.280Z,camera_0,0,0.00,0.00,0.00,746496.00,100.0,2000,null,null,30,1920,1080
2026-09-14T16:20:31.283Z,camera_0,0,0.00,0.00,0.00,746496.00,100.0,2000,null,null,30,1920,1080
2026-09-14T16:20:31.283Z,camera_1,0,0.00,0.00,0.00,746496.00,100.0,2000,null,null,30,1920,1080
2026-09-14T16:20:31.283Z,camera_0,0,0.00,0.00,0.00,746496.00,100.0,2000,null,null,30,1920,1080
2026-09-14T16:20:34.286Z,camera_0,0,0.00,0.00,0.00,746496.00,100.0,2000,null,null,30,1920,1080
2026-09-14T16:20:34.286Z,camera_1,0,0.00,0.00,0.00,746496.00,100.0,2000,null,null,30,1920,1080
2026-09-14T16:20:34.286Z,camera_0,0,0.00,0.00,0.00,746496.00,100.0,2000,null,null,30,1920,1080
2026-09-14T16:20:37.289Z,camera_0,0,0.00,0.00,0.00,746496.00,100.0,2000,null,null,30,1920,1080
2026-09-14T16:20:37.289Z,camera_1,0,0.00,0.00,0.00,746496.00,100.0,2000,null,null,30,1920,1080
2026-09-14T16:20:37.289Z,camera_0,0,0.00,0.00,0.00,746496.00,100.0,2000,null,null,30,1920,1080
2026-09-14T16:20:40.289Z,camera_0,0,0.00,0.00,0.00,746496.00,100.0,2000,null,null,30,1920,1080
2026-09-14T16:20:40.289Z,camera_1,0,0.00,0.00,0.00,746496.00,100.0,2000,null,null,30,1920,1080
2026-09-14T16:20:40.289Z,camera_0,0,0.00,0.00,0.00,746496.00,100.0,2000,null,null,30,1920,1080
2026-09-14T16:20:43.292Z,camera_0,0,0.00,0.00,0.00,746496.00,100.0,2000,null,null,30,1920,1080
2026-09-14T16:20:43.292Z,camera_1,0,0.00,0.00,0.00,746496.00,100.0,2000,null,null,30,1920,1080
2026-09-14T16:20:43.292Z,camera_0,0,0.00,0.00,0.00,746496.00,100.0,2000,null,null,30,1920,1080
2026-09-14T16:20:46.296Z,camera_0,0,0.00,0.00,0.00,746496.00,100.0,2000,null,null,30,1920,1080
2026-09-14T16:20:46.296Z,camera_1,0,0.00,0.00,0.00,746496.00,100.0,2000,null,null,30,1920,1080
2026-09-14T16:20:46.296Z,camera_0,0,0.00,0.00,0.00,746496.00,100.0,2000,null,null,30,1920,1080
2026-09-14T16:20:49.299Z,camera_0,0,0.00,0.00,0.00,746496.00,100.0,2000,null,null,30,1920,1080
2026-09-14T16:20:49.299Z,camera_1,0,0.00,0.00,0.00,746496.00,100.0,2000,null,null,30,1920,1080
2026-09-14T16:20:49.299Z,camera_0,0,0.00,0.00,0.00,746496.00,100.0,2000,null,null,30,1920,1080
2026-09-14T16:20:52.302Z,camera_0,0,0.00,0.00,0.00,746496.00,100.0,2000,null,null,30,1920,1080
2026-09-14T16:20:52.302Z,camera_1,0,0.00,0.00,0.00,746496.00,100.0,2000,null,null,30,1920,1080
2026-09-14T16:20:52.303Z,camera_0,0,0.00,0.00,0.00,746496.00,100.0,2000,null,null,30,1920,1080
2026-09-14T16:20:55.305Z,camera_0,0,0.00,0.00,0.00,746496.00,100.0,2000,null,null,30,1920,1080
2026-09-14T16:20:55.305Z,camera_1,0,0.00,0.00,0.00,746496.00,100.0,2000,null,null,30,1920,1080
2026-09-14T16:20:55.306Z,camera_0,0,0.00,0.00,0.00,746496.00,100.0,2000,null,null,30,1920,1080
2026-09-14T16:20:58.308Z,camera_0,0,0.00,0.00,0.00,746496.00,100.0,2000,null,null,30,1920,1080
2026-09-14T16:20:58.324Z,camera_1,0,0.00,0.00,0.00,746496.00,100.0,2000,null,null,30,1920,1080
2026-09-14T16:20:58.340Z,camera_0,0,0.00,0.00,0.00,746496.00,100.0,2000,null,null,30,1920,1080
2026-09-14T16:21:01.312Z,camera_0,0,0.00,0.00,0.00,746496.00,100.0,2000,null,null,30,1920,1080
2026-09-14T16:21:01.312Z,camera_1,0,0.00,0.00,0.00,746496.00,100.0,2000,null,null,30,1920,1080
2026-09-14T16:21:01.312Z,camera_0,0,0.00,0.00,0.00,746496.00,100.0,2000,null,null,30,1920,1080
2026-09-14T16:21:04.315Z,camera_0,0,0.00,0.00,0.00,746496.00,100.0,2000,null,null,30,1920,1080
2026-09-14T16:21:04.315Z,camera_1,0,0.00,0.00,0.00,746496.00,100.0,2000,null,null,30,1920,1080
2026-09-14T16:21:04.315Z,camera_0,0,0.00,0.00,0.00,746496.00,100.0,2000,null,null,30,1920,1080
2026-09-14T16:21:07.316Z,camera_0,0,0.00,0.00,0.00,746496.00,100.0,2000,null,null,30,1920,1080
2026-09-14T16:21:07.316Z,camera_1,0,0.00,0.00,0.00,746496.00,100.0,2000,null,null,30,1920,1080
2026-09-14T16:21:07.316Z,camera_0,0,0.00,0.00,0.00,746496.00,100.0,2000,null,null,30,1920,1080
2026-09-14T16:21:10.317Z,camera_0,0,0.00,0.00,0.00,746496.00,100.0,2000,null,null,30,1920,1080
2026-09-14T16:21:10.317Z,camera_1,0,0.00,0.00,0.00,746496.00,100.0,2000,null,null,30,1920,1080
2026-09-14T16:21:10.318Z,camera_0,0,0.00,0.00,0.00,746496.00,100.0,2000,null,null,30,1920,1080
2026-09-14T16:21:13.319Z,camera_0,0,0.00,0.00,0.00,746496.00,100.0,2000,null,null,30,1920,1080
2026-09-14T16:21:13.319Z,camera_1,0,0.00,0.00,0.00,746496.00,100.0,2000,null,null,30,1920,1080
2026-09-14T16:21:13.319Z,camera_0,0,0.00,0.00,0.00,746496.00,100.0,2000,null,null,30,1920,1080
2026-09-14T16:21:16.319Z,camera_0,0,0.00,0.00,0.00,746496.00,100.0,2000,null,null,30,1920,1080
2026-09-14T16:21:16.320Z,camera_1,0,0.00,0.00,0.00,746496.00,100.0,2000,null,null,30,1920,1080
2026-09-14T16:21:16.320Z,camera_0,0,0.00,0.00,0.00,746496.00,100.0,2000,null,null,30,1920,1080
2026-09-14T16:21:19.322Z,camera_0,0,0.00,0.00,0.00,746496.00,100.0,2000,null,null,30,1920,1080
2026-09-14T16:21:19.322Z,camera_1,0,0.00,0.00,0.00,746496.00,100.0,2000,null,null,30,1920,1080
2026-09-14T16:21:19.322Z,camera_0,0,0.00,0.00,0.00,746496.00,100.0,2000,null,null,30,1920,1080
2026-09-14T16:21:22.323Z,camera_0,0,0.00,0.00,0.00,746496.00,100.0,2000,null,null,30,1920,1080
2026-09-14T16:21:22.323Z,camera_1,0,0.00,0.00,0.00,746496.00,100.0,2000,null,null,30,1920,1080
2026-09-14T16:21:22.323Z,camera_0,0,0.00,0.00,0.00,746496.00,100.0,2000,null,null,30,1920,1080
2026-09-14T16:21:25.326Z,camera_0,0,0.00,0.00,0.00,746496.00,100.0,2000,null,null,30,1920,1080
2026-09-14T16:21:25.326Z,camera_1,0,0.00,0.00,0.00,746496.00,100.0,2000,null,null,30,1920,1080
2026-09-14T16:21:25.326Z,camera_0,0,0.00,0.00,0.00,746496.00,100.0,2000,null,null,30,1920,1080
2026-09-14T16:21:28.328Z,camera_0,0,0.00,0.00,0.00,746496.00,100.0,2000,null,null,30,1920,1080
2026-09-14T16:21:28.328Z,camera_1,0,0.00,0.00,0.00,746496.00,100.0,2000,null,null,30,1920,1080
2026-09-14T16:21:28.329Z,camera_0,0,0.00,0.00,0.00,746496.00,100.0,2000,null,null,30,1920,1080
2026-09-14T16:21:31.329Z,camera_1,0,0.00,0.00,0.00,746496.00,100.0,2000,null,null,30,1920,1080
2026-09-14T16:21:31.329Z,camera_0,0,0.00,0.00,0.00,746496.00,100.0,2000,null,null,30,1920,1080
2026-09-14T16:21:31.328Z,camera_0,0,0.00,0.00,0.00,746496.00,100.0,2000,null,null,30,1920,1080
2026-09-14T16:21:34.330Z,camera_0,0,0.00,0.00,0.00,746496.00,100.0,2000,null,null,30,1920,1080
2026-09-14T16:21:34.330Z,camera_1,0,0.00,0.00,0.00,746496.00,100.0,2000,null,null,30,1920,1080
2026-09-14T16:21:34.330Z,camera_0,0,0.00,0.00,0.00,746496.00,100.0,2000,null,null,30,1920,1080
2026-09-14T16:21:37.331Z,camera_0,0,0.00,0.00,0.00,746496.00,100.0,2000,null,null,30,1920,1080
2026-09-14T16:21:37.331Z,camera_1,0,0.00,0.00,0.00,746496.00,100.0,2000,null,null,30,1920,1080
2026-09-14T16:21:37.331Z,camera_0,0,0.00,0.00,0.00,746496.00,100.0,2000,null,null,30,1920,1080
2026-09-14T16:21:40.331Z,camera_0,0,0.00,0.00,0.00,746496.00,100.0,2000,null,null,30,1920,1080
2026-09-14T16:21:40.331Z,camera_1,0,0.00,0.00,0.00,746496.00,100.0,2000,null,null,30,1920,1080
2026-09-14T16:21:40.332Z,camera_0,0,0.00,0.00,0.00,746496.00,100.0,2000,null,null,30,1920,1080
2026-09-14T16:21:43.333Z,camera_0,0,0.00,0.00,0.00,746496.00,100.0,2000,null,null,30,1920,1080
2026-09-14T16:21:43.333Z,camera_1,0,0.00,0.00,0.00,746496.00,100.0,2000,null,null,30,1920,1080
2026-09-14T16:21:43.333Z,camera_0,0,0.00,0.00,0.00,746496.00,100.0,2000,null,null,30,1920,1080
2026-09-14T16:21:46.333Z,camera_0,0,0.00,0.00,0.00,746496.00,100.0,2000,null,null,30,1920,1080
2026-09-14T16:21:46.334Z,camera_1,0,0.00,0.00,0.00,746496.00,100.0,2000,null,null,30,1920,1080
2026-09-14T16:21:46.334Z,camera_0,0,0.00,0.00,0.00,746496.00,100.0,2000,null,null,30,1920,1080
2026-09-14T16:21:49.336Z,camera_1,0,0.00,0.00,0.00,746496.00,100.0,2000,null,null,30,1920,1080
2026-09-14T16:21:49.337Z,camera_0,0,0.00,0.00,0.00,746496.00,100.0,2000,null,null,30,1920,1080
2026-09-14T16:21:49.336Z,camera_0,0,0.00,0.00,0.00,746496.00,100.0,2000,null,null,30,1920,1080
2026-09-14T16:21:52.336Z,camera_0,0,0.00,0.00,0.00,746496.00,100.0,2000,null,null,30,1920,1080
2026-09-14T16:21:52.337Z,camera_1,0,0.00,0.00,0.00,746496.00,100.0,2000,null,null,30,1920,1080
2026-09-14T16:21:52.337Z,camera_0,0,0.00,0.00,0.00,746496.00,100.0,2000,null,null,30,1920,1080
2026-09-14T16:21:55.339Z,camera_0,0,0.00,0.00,0.00,746496.00,100.0,2000,null,null,30,1920,1080
2026-09-14T16:21:55.339Z,camera_1,0,0.00,0.00,0.00,746496.00,100.0,2000,null,null,30,1920,1080
2026-09-14T16:21:55.340Z,camera_0,0,0.00,0.00,0.00,746496.00,100.0,2000,null,null,30,1920,1080
2026-09-14T16:21:58.341Z,camera_0,0,0.00,0.00,0.00,746496.00,100.0,2000,null,null,30,1920,1080
2026-09-14T16:21:58.341Z,camera_1,0,0.00,0.00,0.00,746496.00,100.0,2000,null,null,30,1920,1080
2026-09-14T16:21:58.342Z,camera_0,0,0.00,0.00,0.00,746496.00,100.0,2000,null,null,30,1920,1080
2026-09-14T16:22:01.341Z,camera_0,0,0.00,0.00,0.00,746496.00,100.0,2000,null,null,30,1920,1080
2026-09-14T16:22:01.342Z,camera_1,0,0.00,0.00,0.00,746496.00,100.0,2000,null,null,30,1920,1080
2026-09-14T16:22:01.342Z,camera_0,0,0.00,0.00,0.00,746496.00,100.0,2000,null,null,30,1920,1080
2026-09-14T16:22:04.344Z,camera_0,0,0.00,0.00,0.00,746496.00,100.0,2000,null,null,30,1920,1080
2026-09-14T16:22:04.344Z,camera_1,0,0.00,0.00,0.00,746496.00,100.0,2000,null,null,30,1920,1080
2026-09-14T16:22:04.344Z,camera_0,0,0.00,0.00,0.00,746496.00,100.0,2000,null,null,30,1920,1080
2026-09-14T16:22:07.345Z,camera_0,0,0.00,0.00,0.00,746496.00,100.0,2000,null,null,30,1920,1080
2026-09-14T16:22:07.345Z,camera_1,0,0.00,0.00,0.00,746496.00,100.0,2000,null,null,30,1920,1080
2026-09-14T16:22:07.345Z,camera_0,0,0.00,0.00,0.00,746496.00,100.0,2000,null,null,30,1920,1080
2026-09-14T16:22:10.345Z,camera_0,0,0.00,0.00,0.00,746496.00,100.0,2000,null,null,30,1920,1080
2026-09-14T16:22:10.346Z,camera_1,0,0.00,0.00,0.00,746496.00,100.0,2000,null,null,30,1920,1080
2026-09-14T16:22:10.346Z,camera_0,0,0.00,0.00,0.00,746496.00,100.0,2000,null,null,30,1920,1080
2026-09-14T16:22:13.347Z,camera_0,0,0.00,0.00,0.00,746496.00,100.0,2000,null,null,30,1920,1080
2026-09-14T16:22:13.347Z,camera_1,0,0.00,0.00,0.00,746496.00,100.0,2000,null,null,30,1920,1080
2026-09-14T16:22:13.348Z,camera_0,0,0.00,0.00,0.00,746496.00,100.0,2000,null,null,30,1920,1080
2026-09-14T16:22:16.348Z,camera_0,0,0.00,0.00,0.00,746496.00,100.0,2000,null,null,30,1920,1080
2026-09-14T16:22:16.348Z,camera_1,0,0.00,0.00,0.00,746496.00,100.0,2000,null,null,30,1920,1080
2026-09-14T16:22:16.348Z,camera_0,0,0.00,0.00,0.00,746496.00,100.0,2000,null,null,30,1920,1080
2026-09-14T16:22:19.350Z,camera_0,0,0.00,0.00,0.00,746496.00,100.0,2000,null,null,30,1920,1080
2026-09-14T16:22:19.350Z,camera_1,0,0.00,0.00,0.00,746496.00,100.0,2000,null,null,30,1920,1080
2026-09-14T16:22:19.350Z,camera_0,0,0.00,0.00,0.00,746496.00,100.0,2000,null,null,30,1920,1080
2026-09-14T16:22:22.350Z,camera_0,0,0.00,0.00,0.00,746496.00,100.0,2000,null,null,30,1920,1080
2026-09-14T16:22:22.350Z,camera_1,0,0.00,0.00,0.00,746496.00,100.0,2000,null,null,30,1920,1080
2026-09-14T16:22:22.350Z,camera_0,0,0.00,0.00,0.00,746496.00,100.0,2000,null,null,30,1920,1080
2026-09-14T16:22:25.352Z,camera_0,0,0.00,0.00,0.00,746496.00,100.0,2000,null,null,30,1920,1080
2026-09-14T16:22:25.352Z,camera_1,0,0.00,0.00,0.00,746496.00,100.0,2000,null,null,30,1920,1080
2026-09-14T16:22:25.353Z,camera_0,0,0.00,0.00,0.00,746496.00,100.0,2000,null,null,30,1920,1080
2026-09-14T16:22:28.355Z,camera_0,0,0.00,0.00,0.00,746496.00,100.0,2000,null,null,30,1920,1080
2026-09-14T16:22:28.355Z,camera_1,0,0.00,0.00,0.00,746496.00,100.0,2000,null,null,30,1920,1080
2026-09-14T16:22:28.355Z,camera_0,0,0.00,0.00,0.00,746496.00,100.0,2000,null,null,30,1920,1080
2026-09-14T16:22:31.354Z,camera_0,0,0.00,0.00,0.00,746496.00,100.0,2000,null,null,30,1920,1080
2026-09-14T16:22:31.355Z,camera_1,0,0.00,0.00,0.00,746496.00,100.0,2000,null,null,30,1920,1080
2026-09-14T16:22:31.355Z,camera_0,0,0.00,0.00,0.00,746496.00,100.0,2000,null,null,30,1920,1080
2026-09-14T16:22:34.356Z,camera_1,0,0.00,0.00,0.00,746496.00,100.0,2000,null,null,30,1920,1080
2026-09-14T16:22:34.356Z,camera_0,0,0.00,0.00,0.00,746496.00,100.0,2000,null,null,30,1920,1080
2026-09-14T16:22:34.357Z,camera_0,0,0.00,0.00,0.00,746496.00,100.0,2000,null,null,30,1920,1080
2026-09-14T16:22:37.357Z,camera_0,0,0.00,0.00,0.00,746496.00,100.0,2000,null,null,30,1920,1080
2026-09-14T16:22:37.358Z,camera_1,0,0.00,0.00,0.00,746496.00,100.0,2000,null,null,30,1920,1080
2026-09-14T16:22:37.358Z,camera_0,0,0.00,0.00,0.00,746496.00,100.0,2000,null,null,30,1920,1080
2026-09-14T16:22:40.359Z,camera_1,0,0.00,0.00,0.00,746496.00,100.0,2000,null,null,30,1920,1080
2026-09-14T16:22:40.358Z,camera_0,0,0.00,0.00,0.00,746496.00,100.0,2000,null,null,30,1920,1080
2026-09-14T16:22:40.359Z,camera_0,0,0.00,0.00,0.00,746496.00,100.0,2000,null,null,30,1920,1080
2026-09-14T16:22:43.359Z,camera_0,0,0.00,0.00,0.00,746496.00,100.0,2000,null,null,30,1920,1080
2026-09-14T16:22:43.359Z,camera_1,0,0.00,0.00,0.00,746496.00,100.0,2000,null,null,30,1920,1080
2026-09-14T16:22:43.359Z,camera_0,0,0.00,0.00,0.00,746496.00,100.0,2000,null,null,30,1920,1080
2026-09-14T16:22:46.360Z,camera_0,0,0.00,0.00,0.00,746496.00,100.0,2000,null,null,30,1920,1080
2026-09-14T16:22:46.360Z,camera_1,0,0.00,0.00,0.00,746496.00,100.0,2000,null,null,30,1920,1080
2026-09-14T16:22:46.361Z,camera_0,0,0.00,0.00,0.00,746496.00,100.0,2000,null,null,30,1920,1080
2026-09-14T16:22:49.362Z,camera_0,0,0.00,0.00,0.00,746496.00,100.0,2000,null,null,30,1920,1080
2026-09-14T16:22:49.362Z,camera_1,0,0.00,0.00,0.00,746496.00,100.0,2000,null,null,30,1920,1080
2026-09-14T16:22:49.363Z,camera_0,0,0.00,0.00,0.00,746496.00,100.0,2000,null,null,30,1920,1080
2026-09-14T16:22:52.363Z,camera_0,0,0.00,0.00,0.00,746496.00,100.0,2000,null,null,30,1920,1080
2026-09-14T16:22:52.363Z,camera_1,0,0.00,0.00,0.00,746496.00,100.0,2000,null,null,30,1920,1080
2026-09-14T16:22:52.364Z,camera_0,0,0.00,0.00,0.00,746496.00,100.0,2000,null,null,30,1920,1080
2026-09-14T16:22:55.366Z,camera_0,0,0.00,0.00,0.00,746496.00,100.0,2000,null,null,30,1920,1080
2026-09-14T16:22:55.366Z,camera_1,0,0.00,0.00,0.00,746496.00,100.0,2000,null,null,30,1920,1080
2026-09-14T16:22:55.367Z,camera_0,0,0.00,0.00,0.00,746496.00,100.0,2000,null,null,30,1920,1080
2026-09-14T16:22:58.367Z,camera_0,0,0.00,0.00,0.00,746496.00,100.0,2000,null,null,30,1920,1080
2026-09-14T16:22:58.368Z,camera_1,0,0.00,0.00,0.00,746496.00,100.0,2000,null,null,30,1920,1080
2026-09-14T16:22:58.368Z,camera_0,0,0.00,0.00,0.00,746496.00,100.0,2000,null,null,30,1920,1080
2026-09-14T16:23:01.368Z,camera_0,0,0.00,0.00,0.00,746496.00,100.0,2000,null,null,30,1920,1080
2026-09-14T16:23:01.368Z,camera_1,0,0.00,0.00,0.00,746496.00,100.0,2000,null,null,30,1920,1080
2026-09-14T16:23:01.369Z,camera_0,0,0.00,0.00,0.00,746496.00,100.0,2000,null,null,30,1920,1080
2026-09-14T16:23:04.371Z,camera_1,0,0.00,0.00,0.00,746496.00,100.0,2000,null,null,30,1920,1080
2026-09-14T16:23:04.371Z,camera_0,0,0.00,0.00,0.00,746496.00,100.0,2000,null,null,30,1920,1080
2026-09-14T16:23:04.371Z,camera_0,0,0.00,0.00,0.00,746496.00,100.0,2000,null,null,30,1920,1080
2026-09-14T16:23:07.372Z,camera_0,0,0.00,0.00,0.00,746496.00,100.0,2000,null,null,30,1920,1080
2026-09-14T16:23:07.372Z,camera_1,0,0.00,0.00,0.00,746496.00,100.0,2000,null,null,30,1920,1080
2026-09-14T16:23:07.372Z,camera_0,0,0.00,0.00,0.00,746496.00,100.0,2000,null,null,30,1920,1080
2026-09-14T16:23:10.372Z,camera_0,0,0.00,0.00,0.00,746496.00,100.0,2000,null,null,30,1920,1080
2026-09-14T16:23:10.373Z,camera_1,0,0.00,0.00,0.00,746496.00,100.0,2000,null,null,30,1920,1080
2026-09-14T16:23:10.375Z,camera_0,0,0.00,0.00,0.00,746496.00,100.0,2000,null,null,30,1920,1080
2026-09-14T16:23:13.373Z,camera_0,0,0.00,0.00,0.00,746496.00,100.0,2000,null,null,30,1920,1080
2026-09-14T16:23:13.374Z,camera_1,0,0.00,0.00,0.00,746496.00,100.0,2000,null,null,30,1920,1080
2026-09-14T16:23:13.374Z,camera_0,0,0.00,0.00,0.00,746496.00,100.0,2000,null,null,30,1920,1080
2026-09-14T16:23:16.373Z,camera_0,0,0.00,0.00,0.00,746496.00,100.0,2000,null,null,30,1920,1080
2026-09-14T16:23:16.374Z,camera_1,0,0.00,0.00,0.00,746496.00,100.0,2000,null,null,30,1920,1080
2026-09-14T16:23:16.374Z,camera_0,0,0.00,0.00,0.00,746496.00,100.0,2000,null,null,30,1920,1080
2026-09-14T16:23:19.376Z,camera_1,0,0.00,0.00,0.00,746496.00,100.0,2000,null,null,30,1920,1080
2026-09-14T16:23:19.375Z,camera_0,0,0.00,0.00,0.00,746496.00,100.0,2000,null,null,30,1920,1080
2026-09-14T16:23:19.376Z,camera_0,0,0.00,0.00,0.00,746496.00,100.0,2000,null,null,30,1920,1080
2026-09-14T16:23:22.376Z,camera_0,0,0.00,0.00,0.00,746496.00,100.0,2000,null,null,30,1920,1080
2026-09-14T16:23:22.376Z,camera_1,0,0.00,0.00,0.00,746496.00,100.0,2000,null,null,30,1920,1080
2026-09-14T16:23:22.376Z,camera_0,0,0.00,0.00,0.00,746496.00,100.0,2000,null,null,30,1920,1080
2026-09-14T16:23:25.378Z,camera_0,0,0.00,0.00,0.00,746496.00,100.0,2000,null,null,30,1920,1080
2026-09-14T16:23:25.378Z,camera_1,0,0.00,0.00,0.00,746496.00,100.0,2000,null,null,30,1920,1080
2026-09-14T16:23:25.378Z,camera_0,0,0.00,0.00,0.00,746496.00,100.0,2000,null,null,30,1920,1080
2026-09-14T16:23:28.379Z,camera_0,0,0.00,0.00,0.00,746496.00,100.0,2000,null,null,30,1920,1080
2026-09-14T16:23:28.379Z,camera_1,0,0.00,0.00,0.00,746496.00,100.0,2000,null,null,30,1920,1080
2026-09-14T16:23:28.379Z,camera_0,0,0.00,0.00,0.00,746496.00,100.0,2000,null,null,30,1920,1080
2026-09-14T16:23:31.380Z,camera_0,0,0.00,0.00,0.00,746496.00,100.0,2000,null,null,30,1920,1080
2026-09-14T16:23:31.383Z,camera_1,0,0.00,0.00,0.00,746496.00,100.0,2000,null,null,30,1920,1080
2026-09-14T16:23:31.383Z,camera_0,0,0.00,0.00,0.00,746496.00,100.0,2000,null,null,30,1920,1080
2026-09-14T16:23:34.383Z,camera_0,0,0.00,0.00,0.00,746496.00,100.0,2000,null,null,30,1920,1080
2026-09-14T16:23:34.383Z,camera_1,0,0.00,0.00,0.00,746496.00,100.0,2000,null,null,30,1920,1080
2026-09-14T16:23:34.384Z,camera_0,0,0.00,0.00,0.00,746496.00,100.0,2000,null,null,30,1920,1080
2026-09-14T16:23:37.384Z,camera_0,0,0.00,0.00,0.00,746496.00,100.0,2000,null,null,30,1920,1080
2026-09-14T16:23:37.384Z,camera_1,0,0.00,0.00,0.00,746496.00,100.0,2000,null,null,30,1920,1080
2026-09-14T16:23:37.384Z,camera_0,0,0.00,0.00,0.00,746496.00,100.0,2000,null,null,30,1920,1080
2026-09-14T16:23:40.385Z,camera_0,0,0.00,0.00,0.00,746496.00,100.0,2000,null,null,30,1920,1080
2026-09-14T16:23:40.385Z,camera_1,0,0.00,0.00,0.00,746496.00,100.0,2000,null,null,30,1920,1080
2026-09-14T16:23:40.386Z,camera_0,0,0.00,0.00,0.00,746496.00,100.0,2000,null,null,30,1920,1080
2026-09-14T16:23:43.386Z,camera_0,0,0.00,0.00,0.00,746496.00,100.0,2000,null,null,30,1920,1080
2026-09-14T16:23:43.386Z,camera_1,0,0.00,0.00,0.00,746496.00,100.0,2000,null,null,30,1920,1080
2026-09-14T16:23:43.387Z,camera_0,0,0.00,0.00,0.00,746496.00,100.0,2000,null,null,30,1920,1080
2026-09-14T16:23:46.386Z,camera_0,0,0.00,0.00,0.00,746496.00,100.0,2000,null,null,30,1920,1080
2026-09-14T16:23:46.387Z,camera_1,0,0.00,0.00,0.00,746496.00,100.0,2000,null,null,30,1920,1080
2026-09-14T16:23:46.387Z,camera_0,0,0.00,0.00,0.00,746496.00,100.0,2000,null,null,30,1920,1080
2026-09-14T16:23:49.389Z,camera_0,0,0.00,0.00,0.00,746496.00,100.0,2000,null,null,30,1920,1080
2026-09-14T16:23:49.389Z,camera_1,0,0.00,0.00,0.00,746496.00,100.0,2000,null,null,30,1920,1080
2026-09-14T16:23:49.390Z,camera_0,0,0.00,0.00,0.00,746496.00,100.0,2000,null,null,30,1920,1080
2026-09-14T16:23:52.390Z,camera_0,0,0.00,0.00,0.00,746496.00,100.0,2000,null,null,30,1920,1080
2026-09-14T16:23:52.390Z,camera_1,0,0.00,0.00,0.00,746496.00,100.0,2000,null,null,30,1920,1080
2026-09-14T16:23:52.390Z,camera_0,0,0.00,0.00,0.00,746496.00,100.0,2000,null,null,30,1920,1080
2026-09-14T16:23:55.393Z,camera_0,0,0.00,0.00,0.00,746496.00,100.0,2000,null,null,30,1920,1080
2026-09-14T16:23:55.394Z,camera_1,0,0.00,0.00,0.00,746496.00,100.0,2000,null,null,30,1920,1080
2026-09-14T16:23:55.394Z,camera_0,0,0.00,0.00,0.00,746496.00,100.0,2000,null,null,30,1920,1080
2026-09-14T16:23:58.395Z,camera_0,0,0.00,0.00,0.00,746496.00,100.0,2000,null,null,30,1920,1080
2026-09-14T16:23:58.396Z,camera_1,0,0.00,0.00,0.00,746496.00,100.0,2000,null,null,30,1920,1080
2026-09-14T16:23:58.396Z,camera_0,0,0.00,0.00,0.00,746496.00,100.0,2000,null,null,30,1920,1080
2026-09-14T16:24:01.395Z,camera_0,0,0.00,0.00,0.00,746496.00,100.0,2000,null,null,30,1920,1080
2026-09-14T16:24:01.396Z,camera_1,0,0.00,0.00,0.00,746496.00,100.0,2000,null,null,30,1920,1080
2026-09-14T16:24:01.396Z,camera_0,0,0.00,0.00,0.00,746496.00,100.0,2000,null,null,30,1920,1080
2026-09-14T16:24:04.397Z,camera_0,0,0.00,0.00,0.00,746496.00,100.0,2000,null,null,30,1920,1080
2026-09-14T16:24:04.397Z,camera_1,0,0.00,0.00,0.00,746496.00,100.0,2000,null,null,30,1920,1080
2026-09-14T16:24:04.398Z,camera_0,0,0.00,0.00,0.00,746496.00,100.0,2000,null,null,30,1920,1080
2026-09-14T16:24:07.398Z,camera_0,0,0.00,0.00,0.00,746496.00,100.0,2000,null,null,30,1920,1080
2026-09-14T16:24:07.398Z,camera_1,0,0.00,0.00,0.00,746496.00,100.0,2000,null,null,30,1920,1080
2026-09-14T16:24:07.398Z,camera_0,0,0.00,0.00,0.00,746496.00,100.0,2000,null,null,30,1920,1080
2026-09-14T16:24:10.397Z,camera_0,1,0.00,0.00,0.00,746496.00,100.0,2000,null,null,30,1920,1080
2026-09-14T16:24:10.397Z,camera_1,1,0.00,0.00,0.00,746496.00,100.0,2000,null,null,30,1920,1080
2026-09-14T16:24:10.398Z,camera_0,1,0.00,0.00,0.00,746496.00,100.0,2000,null,null,30,1920,1080
2026-09-14T16:24:13.398Z,camera_0,1,0.00,0.00,0.00,110592.00,100.0,2000,null,null,30,640,480
2026-09-14T16:24:13.398Z,camera_1,1,0.00,0.00,0.00,110592.00,100.0,2000,null,null,30,640,480
2026-09-14T16:24:13.398Z,camera_0,1,1035.22,1035.22,0.00,110592.00,100.0,2000,null,null,30,640,480
2026-09-14T16:24:16.399Z,camera_0,1,0.00,0.00,0.00,746496.00,100.0,2000,null,null,30,1920,1080
2026-09-14T16:24:16.399Z,camera_1,1,0.00,0.00,0.00,746496.00,100.0,2000,null,null,30,1920,1080
2026-09-14T16:24:16.400Z,camera_0,1,345.79,345.79,0.00,746496.00,100.0,2000,null,null,30,1920,1080
2026-09-14T16:24:19.402Z,camera_0,1,16.04,0.00,16.04,746496.00,100.0,2000,null,null,30,1920,1080
2026-09-14T16:24:19.408Z,camera_1,1,0.00,0.00,0.00,746496.00,100.0,2000,null,null,30,1920,1080
2026-09-14T16:24:19.408Z,camera_0,1,5649.44,5633.40,16.04,746496.00,100.0,2000,null,null,30,1920,1080
2026-09-14T16:24:22.441Z,camera_0,1,0.00,0.00,0.00,746496.00,100.0,2000,null,null,10,1920,1080
2026-09-14T16:24:22.442Z,camera_1,1,0.00,0.00,0.00,746496.00,100.0,2000,null,null,10,1920,1080
2026-09-14T16:24:22.444Z,camera_0,1,4409.48,4409.48,0.00,746496.00,100.0,2000,null,null,10,1920,1080
2026-09-14T16:24:25.446Z,camera_0,1,0.00,0.00,0.00,746496.00,100.0,2000,null,null,10,1920,1080
2026-09-14T16:24:25.446Z,camera_1,1,0.00,0.00,0.00,746496.00,100.0,2000,null,null,10,1920,1080
2026-09-14T16:24:25.447Z,camera_0,1,3675.91,3675.91,0.00,746496.00,100.0,2000,null,null,10,1920,1080
2026-09-14T16:24:28.446Z,camera_0,0,0.00,0.00,0.00,746496.00,100.0,2000,null,null,10,1920,1080
2026-09-14T16:24:28.446Z,camera_1,0,0.00,0.00,0.00,746496.00,100.0,2000,null,null,10,1920,1080
2026-09-14T16:24:28.447Z,camera_0,0,446.33,446.33,0.00,746496.00,100.0,2000,null,null,10,1920,1080
2026-09-14T16:24:31.447Z,camera_0,0,23.56,0.00,23.56,746496.00,100.0,2000,null,null,10,1920,1080
2026-09-14T16:24:31.448Z,camera_1,0,129.34,0.00,129.34,746496.00,100.0,2000,null,null,10,1920,1080
2026-09-14T16:24:31.448Z,camera_0,0,152.91,0.00,152.91,746496.00,100.0,2000,null,null,10,1920,1080
2026-09-14T16:24:34.448Z,camera_0,0,15.54,0.00,15.54,746496.00,100.0,2000,null,null,10,1920,1080
2026-09-14T16:24:34.449Z,camera_1,0,24.57,0.00,24.57,746496.00,100.0,2000,null,null,10,1920,1080
2026-09-14T16:24:34.449Z,camera_0,0,40.11,0.00,40.11,746496.00,100.0,2000,null,null,10,1920,1080
2026-09-14T16:24:37.449Z,camera_0,0,16.04,0.00,16.04,746496.00,100.0,2000,null,null,10,1920,1080
2026-09-14T16:24:37.449Z,camera_1,0,267.71,0.00,267.71,746496.00,100.0,2000,null,null,10,1920,1080
2026-09-14T16:24:37.451Z,camera_0,0,283.75,0.00,283.75,746496.00,100.0,2000,null,null,10,1920,1080
2026-09-14T16:24:40.449Z,camera_0,0,25.07,0.00,25.07,746496.00,100.0,2000,null,null,10,1920,1080
2026-09-14T16:24:40.450Z,camera_1,0,437.16,0.00,437.16,746496.00,99.9,2000,null,null,10,1920,1080
2026-09-14T16:24:40.450Z,camera_0,0,462.23,0.00,462.23,746496.00,99.9,2000,null,null,10,1920,1080
2026-09-14T16:24:43.450Z,camera_0,0,0.00,0.00,0.00,746496.00,100.0,2000,null,null,10,1920,1080
2026-09-14T16:24:43.450Z,camera_1,0,434.66,0.00,434.66,746496.00,99.9,2000,null,null,10,1920,1080
2026-09-14T16:24:43.451Z,camera_0,0,434.66,0.00,434.66,746496.00,99.9,2000,null,null,10,1920,1080
2026-09-14T16:24:46.451Z,camera_0,0,0.00,0.00,0.00,746496.00,100.0,2000,null,null,10,1920,1080
2026-09-14T16:24:46.451Z,camera_1,0,0.00,0.00,0.00,746496.00,100.0,2000,null,null,10,1920,1080
2026-09-14T16:24:46.451Z,camera_0,0,0.00,0.00,0.00,746496.00,100.0,2000,null,null,10,1920,1080
2026-09-14T16:24:49.456Z,camera_1,0,0.00,0.00,0.00,746496.00,100.0,2000,null,null,10,1920,1080
2026-09-14T16:24:49.454Z,camera_0,0,0.00,0.00,0.00,746496.00,100.0,2000,null,null,10,1920,1080
2026-09-14T16:24:49.457Z,camera_0,0,0.00,0.00,0.00,746496.00,100.0,2000,null,null,10,1920,1080
2026-09-14T16:24:52.455Z,camera_0,0,0.00,0.00,0.00,746496.00,100.0,2000,null,null,10,1920,1080
2026-09-14T16:24:52.456Z,camera_1,0,0.00,0.00,0.00,746496.00,100.0,2000,null,null,10,1920,1080
2026-09-14T16:24:52.456Z,camera_0,0,0.00,0.00,0.00,746496.00,100.0,2000,null,null,10,1920,1080
2026-09-14T16:24:55.458Z,camera_0,0,0.00,0.00,0.00,746496.00,100.0,2000,null,null,10,1920,1080
2026-09-14T16:24:55.458Z,camera_1,0,0.00,0.00,0.00,746496.00,100.0,2000,null,null,10,1920,1080
2026-09-14T16:24:55.459Z,camera_0,0,0.00,0.00,0.00,746496.00,100.0,2000,null,null,10,1920,1080
2026-09-14T16:24:58.460Z,camera_0,0,0.00,0.00,0.00,746496.00,100.0,2000,null,null,10,1920,1080
2026-09-14T16:24:58.460Z,camera_1,0,0.00,0.00,0.00,746496.00,100.0,2000,null,null,10,1920,1080
2026-09-14T16:24:58.460Z,camera_0,0,0.00,0.00,0.00,746496.00,100.0,2000,null,null,10,1920,1080
2026-09-14T16:25:01.460Z,camera_0,0,0.00,0.00,0.00,746496.00,100.0,2000,null,null,10,1920,1080
2026-09-14T16:25:01.461Z,camera_0,0,0.00,0.00,0.00,746496.00,100.0,2000,null,null,10,1920,1080
2026-09-14T16:25:01.461Z,camera_1,0,0.00,0.00,0.00,746496.00,100.0,2000,null,null,10,1920,1080
2026-09-14T16:25:04.463Z,camera_0,0,0.00,0.00,0.00,746496.00,100.0,2000,null,null,10,1920,1080
2026-09-14T16:25:04.463Z,camera_1,0,0.00,0.00,0.00,746496.00,100.0,2000,null,null,10,1920,1080
2026-09-14T16:25:04.464Z,camera_0,0,0.00,0.00,0.00,746496.00,100.0,2000,null,null,10,1920,1080
2026-09-14T16:25:07.464Z,camera_0,0,0.00,0.00,0.00,746496.00,100.0,2000,null,null,10,1920,1080
2026-09-14T16:25:07.464Z,camera_1,0,0.00,0.00,0.00,746496.00,100.0,2000,null,null,10,1920,1080
2026-09-14T16:25:07.465Z,camera_0,0,0.00,0.00,0.00,746496.00,100.0,2000,null,null,10,1920,1080
2026-09-14T16:25:10.464Z,camera_0,0,0.00,0.00,0.00,746496.00,100.0,2000,null,null,10,1920,1080
2026-09-14T16:25:10.465Z,camera_1,0,0.00,0.00,0.00,746496.00,100.0,2000,null,null,10,1920,1080
2026-09-14T16:25:10.465Z,camera_0,0,0.00,0.00,0.00,746496.00,100.0,2000,null,null,10,1920,1080
2026-09-14T16:25:13.474Z,camera_0,0,0.00,0.00,0.00,746496.00,100.0,2000,null,null,10,1920,1080
2026-09-14T16:25:13.474Z,camera_1,0,0.00,0.00,0.00,746496.00,100.0,2000,null,null,10,1920,1080
2026-09-14T16:25:13.475Z,camera_0,0,0.00,0.00,0.00,746496.00,100.0,2000,null,null,10,1920,1080
2026-09-14T16:25:16.475Z,camera_0,0,0.00,0.00,0.00,746496.00,100.0,2000,null,null,10,1920,1080
2026-09-14T16:25:16.475Z,camera_1,0,0.00,0.00,0.00,746496.00,100.0,2000,null,null,10,1920,1080
2026-09-14T16:25:16.475Z,camera_0,0,0.00,0.00,0.00,746496.00,100.0,2000,null,null,10,1920,1080
2026-09-14T16:25:19.478Z,camera_1,0,0.00,0.00,0.00,746496.00,100.0,2000,null,null,10,1920,1080
2026-09-14T16:25:19.478Z,camera_0,0,0.00,0.00,0.00,746496.00,100.0,2000,null,null,10,1920,1080
2026-09-14T16:25:19.478Z,camera_0,0,0.00,0.00,0.00,746496.00,100.0,2000,null,null,10,1920,1080
2026-09-14T16:29:48.906Z,camera_0,0,0.00,0.00,0.00,110592.00,100.0,2000,null,null,120,640,480
2026-09-14T16:29:48.908Z,camera_1,0,0.00,0.00,0.00,110592.00,100.0,2000,null,null,120,640,480
2026-09-14T16:29:48.908Z,camera_0,0,0.00,0.00,0.00,110592.00,100.0,2000,null,null,120,640,480
2026-09-14T16:29:51.908Z,camera_0,1,0.00,0.00,0.00,110592.00,100.0,2000,null,null,120,640,480
2026-09-14T16:29:51.909Z,camera_0,1,0.00,0.00,0.00,110592.00,100.0,2000,null,null,120,640,480
2026-09-14T16:29:51.908Z,camera_1,1,0.00,0.00,0.00,110592.00,100.0,2000,null,null,120,640,480
2026-09-14T16:29:54.910Z,camera_0,0,15.54,0.00,15.54,746496.00,100.0,2000,null,null,30,1920,1080
2026-09-14T16:29:54.910Z,camera_1,0,98.26,0.00,98.26,746496.00,100.0,2000,null,null,30,1920,1080
2026-09-14T16:29:54.910Z,camera_0,0,457.03,343.23,113.80,746496.00,100.0,2000,null,null,30,1920,1080
2026-09-14T16:29:57.912Z,camera_1,0,0.00,0.00,0.00,746496.00,100.0,2000,null,null,30,1920,1080
2026-09-14T16:29:57.912Z,camera_0,0,0.00,0.00,0.00,746496.00,100.0,2000,null,null,30,1920,1080
2026-09-14T16:29:57.912Z,camera_0,0,0.00,0.00,0.00,746496.00,100.0,2000,null,null,30,1920,1080
2026-09-14T16:30:00.915Z,camera_0,0,0.00,0.00,0.00,746496.00,100.0,2000,null,null,30,1920,1080
2026-09-14T16:30:00.915Z,camera_1,0,0.00,0.00,0.00,746496.00,100.0,2000,null,null,30,1920,1080
2026-09-14T16:30:00.915Z,camera_0,0,0.00,0.00,0.00,746496.00,100.0,2000,null,null,30,1920,1080
2026-09-14T16:30:03.916Z,camera_0,0,0.00,0.00,0.00,746496.00,100.0,2000,null,null,30,1920,1080
2026-09-14T16:30:03.916Z,camera_1,0,0.00,0.00,0.00,746496.00,100.0,2000,null,null,30,1920,1080
2026-09-14T16:30:03.916Z,camera_0,0,0.00,0.00,0.00,746496.00,100.0,2000,null,null,30,1920,1080
2026-09-14T16:30:06.919Z,camera_0,0,0.00,0.00,0.00,746496.00,100.0,2000,null,null,30,1920,1080
2026-09-14T16:30:06.919Z,camera_1,0,0.00,0.00,0.00,746496.00,100.0,2000,null,null,30,1920,1080
2026-09-14T16:30:06.919Z,camera_0,0,0.00,0.00,0.00,746496.00,100.0,2000,null,null,30,1920,1080
2026-09-14T16:30:09.922Z,camera_0,0,0.00,0.00,0.00,746496.00,100.0,2000,null,null,30,1920,1080
2026-09-14T16:30:09.922Z,camera_1,0,0.00,0.00,0.00,746496.00,100.0,2000,null,null,30,1920,1080
2026-09-14T16:30:09.922Z,camera_0,0,0.00,0.00,0.00,746496.00,100.0,2000,null,null,30,1920,1080
2026-09-14T16:30:12.925Z,camera_0,0,0.00,0.00,0.00,746496.00,100.0,2000,null,null,30,1920,1080
2026-09-14T16:30:12.925Z,camera_1,0,0.00,0.00,0.00,746496.00,100.0,2000,null,null,30,1920,1080
2026-09-14T16:30:12.925Z,camera_0,0,0.00,0.00,0.00,746496.00,100.0,2000,null,null,30,1920,1080
2026-09-14T16:30:15.928Z,camera_0,0,0.00,0.00,0.00,746496.00,100.0,2000,null,null,30,1920,1080
2026-09-14T16:30:15.928Z,camera_1,0,0.00,0.00,0.00,746496.00,100.0,2000,null,null,30,1920,1080
2026-09-14T16:30:15.928Z,camera_0,0,0.00,0.00,0.00,746496.00,100.0,2000,null,null,30,1920,1080
2026-09-14T16:30:18.931Z,camera_0,0,0.00,0.00,0.00,746496.00,100.0,2000,null,null,30,1920,1080
2026-09-14T16:30:18.932Z,camera_1,0,0.00,0.00,0.00,746496.00,100.0,2000,null,null,30,1920,1080
2026-09-14T16:30:18.932Z,camera_0,0,0.00,0.00,0.00,746496.00,100.0,2000,null,null,30,1920,1080
2026-09-14T16:30:21.934Z,camera_0,0,0.00,0.00,0.00,746496.00,100.0,2000,null,null,30,1920,1080
2026-09-14T16:30:21.934Z,camera_1,0,0.00,0.00,0.00,746496.00,100.0,2000,null,null,30,1920,1080
2026-09-14T16:30:21.934Z,camera_0,0,0.00,0.00,0.00,746496.00,100.0,2000,null,null,30,1920,1080
2026-09-14T16:30:24.937Z,camera_0,0,0.00,0.00,0.00,746496.00,100.0,2000,null,null,30,1920,1080
2026-09-14T16:30:24.938Z,camera_1,0,0.00,0.00,0.00,746496.00,100.0,2000,null,null,30,1920,1080
2026-09-14T16:30:24.940Z,camera_0,0,0.00,0.00,0.00,746496.00,100.0,2000,null,null,30,1920,1080
2026-09-14T16:30:27.940Z,camera_0,0,0.00,0.00,0.00,746496.00,100.0,2000,null,null,30,1920,1080
2026-09-14T16:30:27.940Z,camera_1,0,0.00,0.00,0.00,746496.00,100.0,2000,null,null,30,1920,1080
2026-09-14T16:30:27.940Z,camera_0,0,0.00,0.00,0.00,746496.00,100.0,2000,null,null,30,1920,1080
2026-09-14T16:30:30.943Z,camera_0,0,0.00,0.00,0.00,746496.00,100.0,2000,null,null,30,1920,1080
2026-09-14T16:30:30.943Z,camera_1,0,0.00,0.00,0.00,746496.00,100.0,2000,null,null,30,1920,1080
2026-09-14T16:30:30.943Z,camera_0,0,0.00,0.00,0.00,746496.00,100.0,2000,null,null,30,1920,1080
2026-09-14T16:30:33.944Z,camera_0,0,0.00,0.00,0.00,746496.00,100.0,2000,null,null,30,1920,1080
2026-09-14T16:30:33.944Z,camera_1,0,0.00,0.00,0.00,746496.00,100.0,2000,null,null,30,1920,1080
2026-09-14T16:30:33.945Z,camera_0,0,0.00,0.00,0.00,746496.00,100.0,2000,null,null,30,1920,1080
2026-09-14T16:30:36.947Z,camera_0,0,0.00,0.00,0.00,746496.00,100.0,2000,null,null,30,1920,1080
2026-09-14T16:30:36.947Z,camera_1,0,0.00,0.00,0.00,746496.00,100.0,2000,null,null,30,1920,1080
2026-09-14T16:30:36.948Z,camera_0,0,0.00,0.00,0.00,746496.00,100.0,2000,null,null,30,1920,1080
2026-09-14T16:30:39.948Z,camera_0,0,0.00,0.00,0.00,746496.00,100.0,2000,null,null,30,1920,1080
2026-09-14T16:30:39.948Z,camera_1,0,0.00,0.00,0.00,746496.00,100.0,2000,null,null,30,1920,1080
2026-09-14T16:30:39.948Z,camera_0,0,0.00,0.00,0.00,746496.00,100.0,2000,null,null,30,1920,1080
2026-09-14T16:30:42.949Z,camera_0,0,0.00,0.00,0.00,746496.00,100.0,2000,null,null,30,1920,1080
2026-09-14T16:30:42.949Z,camera_1,0,0.00,0.00,0.00,746496.00,100.0,2000,null,null,30,1920,1080
2026-09-14T16:30:42.950Z,camera_0,0,0.00,0.00,0.00,746496.00,100.0,2000,null,null,30,1920,1080
2026-09-14T16:30:45.948Z,camera_0,0,0.00,0.00,0.00,746496.00,100.0,2000,null,null,30,1920,1080
2026-09-14T16:30:45.949Z,camera_1,0,0.00,0.00,0.00,746496.00,100.0,2000,null,null,30,1920,1080
2026-09-14T16:30:45.949Z,camera_0,0,0.00,0.00,0.00,746496.00,100.0,2000,null,null,30,1920,1080
2026-09-14T16:30:48.952Z,camera_0,0,0.00,0.00,0.00,746496.00,100.0,2000,null,null,30,1920,1080
2026-09-14T16:30:48.952Z,camera_1,0,0.00,0.00,0.00,746496.00,100.0,2000,null,null,30,1920,1080
2026-09-14T16:30:48.953Z,camera_0,0,0.00,0.00,0.00,746496.00,100.0,2000,null,null,30,1920,1080
2026-09-14T16:30:51.954Z,camera_0,0,0.00,0.00,0.00,746496.00,100.0,2000,null,null,30,1920,1080
2026-09-14T16:30:51.955Z,camera_1,0,0.00,0.00,0.00,746496.00,100.0,2000,null,null,30,1920,1080
2026-09-14T16:30:51.955Z,camera_0,0,0.00,0.00,0.00,746496.00,100.0,2000,null,null,30,1920,1080
2026-09-14T16:30:54.955Z,camera_0,0,0.00,0.00,0.00,746496.00,100.0,2000,null,null,30,1920,1080
2026-09-14T16:30:54.955Z,camera_1,0,0.00,0.00,0.00,746496.00,100.0,2000,null,null,30,1920,1080
2026-09-14T16:30:54.955Z,camera_0,0,0.00,0.00,0.00,746496.00,100.0,2000,null,null,30,1920,1080
2026-09-14T16:30:57.957Z,camera_0,0,0.00,0.00,0.00,746496.00,100.0,2000,null,null,30,1920,1080
2026-09-14T16:30:57.958Z,camera_1,0,0.00,0.00,0.00,746496.00,100.0,2000,null,null,30,1920,1080
2026-09-14T16:30:57.958Z,camera_0,0,0.00,0.00,0.00,746496.00,100.0,2000,null,null,30,1920,1080
2026-09-14T16:31:00.957Z,camera_0,0,0.00,0.00,0.00,746496.00,100.0,2000,null,null,30,1920,1080
2026-09-14T16:31:00.957Z,camera_1,0,0.00,0.00,0.00,746496.00,100.0,2000,null,null,30,1920,1080
2026-09-14T16:31:00.958Z,camera_0,0,0.00,0.00,0.00,746496.00,100.0,2000,null,null,30,1920,1080
2026-09-14T16:31:03.960Z,camera_0,0,0.00,0.00,0.00,746496.00,100.0,2000,null,null,30,1920,1080
2026-09-14T16:31:03.960Z,camera_1,0,0.00,0.00,0.00,746496.00,100.0,2000,null,null,30,1920,1080
2026-09-14T16:31:03.960Z,camera_0,0,0.00,0.00,0.00,746496.00,100.0,2000,null,null,30,1920,1080
2026-09-14T16:31:06.962Z,camera_0,0,0.00,0.00,0.00,746496.00,100.0,2000,null,null,30,1920,1080
2026-09-14T16:31:06.962Z,camera_1,0,0.00,0.00,0.00,746496.00,100.0,2000,null,null,30,1920,1080
2026-09-14T16:31:06.962Z,camera_0,0,0.00,0.00,0.00,746496.00,100.0,2000,null,null,30,1920,1080
2026-09-14T16:31:09.962Z,camera_0,0,0.00,0.00,0.00,746496.00,100.0,2000,null,null,30,1920,1080
2026-09-14T16:31:09.963Z,camera_1,0,0.00,0.00,0.00,746496.00,100.0,2000,null,null,30,1920,1080
2026-09-14T16:31:09.963Z,camera_0,0,0.00,0.00,0.00,746496.00,100.0,2000,null,null,30,1920,1080
2026-09-14T16:31:12.965Z,camera_1,0,0.00,0.00,0.00,746496.00,100.0,2000,null,null,30,1920,1080
2026-09-14T16:31:12.965Z,camera_0,0,0.00,0.00,0.00,746496.00,100.0,2000,null,null,30,1920,1080
2026-09-14T16:31:12.966Z,camera_0,0,0.00,0.00,0.00,746496.00,100.0,2000,null,null,30,1920,1080
2026-09-14T16:31:15.966Z,camera_0,0,0.00,0.00,0.00,746496.00,100.0,2000,null,null,30,1920,1080
2026-09-14T16:31:15.966Z,camera_1,0,0.00,0.00,0.00,746496.00,100.0,2000,null,null,30,1920,1080
2026-09-14T16:31:15.966Z,camera_0,0,0.00,0.00,0.00,746496.00,100.0,2000,null,null,30,1920,1080
2026-09-14T16:31:18.968Z,camera_0,0,0.00,0.00,0.00,746496.00,100.0,2000,null,null,30,1920,1080
2026-09-14T16:31:18.968Z,camera_1,0,0.00,0.00,0.00,746496.00,100.0,2000,null,null,30,1920,1080
2026-09-14T16:31:18.968Z,camera_0,0,0.00,0.00,0.00,746496.00,100.0,2000,null,null,30,1920,1080
2026-09-14T16:31:21.969Z,camera_0,0,0.00,0.00,0.00,746496.00,100.0,2000,null,null,30,1920,1080
2026-09-14T16:31:21.969Z,camera_1,0,0.00,0.00,0.00,746496.00,100.0,2000,null,null,30,1920,1080
2026-09-14T16:31:21.970Z,camera_0,0,0.00,0.00,0.00,746496.00,100.0,2000,null,null,30,1920,1080
2026-09-14T16:31:24.970Z,camera_0,0,0.00,0.00,0.00,746496.00,100.0,2000,null,null,30,1920,1080
2026-09-14T16:31:24.970Z,camera_1,0,0.00,0.00,0.00,746496.00,100.0,2000,null,null,30,1920,1080
2026-09-14T16:31:24.971Z,camera_0,0,0.00,0.00,0.00,746496.00,100.0,2000,null,null,30,1920,1080
2026-09-14T16:31:27.973Z,camera_0,0,0.00,0.00,0.00,746496.00,100.0,2000,null,null,30,1920,1080
2026-09-14T16:31:27.973Z,camera_1,0,0.00,0.00,0.00,746496.00,100.0,2000,null,null,30,1920,1080
2026-09-14T16:31:27.973Z,camera_0,0,0.00,0.00,0.00,746496.00,100.0,2000,null,null,30,1920,1080
2026-09-14T16:31:30.972Z,camera_0,0,0.00,0.00,0.00,746496.00,100.0,2000,null,null,30,1920,1080
2026-09-14T16:31:30.973Z,camera_1,0,0.00,0.00,0.00,746496.00,100.0,2000,null,null,30,1920,1080
2026-09-14T16:31:30.973Z,camera_0,0,0.00,0.00,0.00,746496.00,100.0,2000,null,null,30,1920,1080
2026-09-14T16:31:33.975Z,camera_0,0,0.00,0.00,0.00,746496.00,100.0,2000,null,null,30,1920,1080
2026-09-14T16:31:33.975Z,camera_1,0,0.00,0.00,0.00,746496.00,100.0,2000,null,null,30,1920,1080
2026-09-14T16:31:33.976Z,camera_0,0,0.00,0.00,0.00,746496.00,100.0,2000,null,null,30,1920,1080
2026-09-14T16:31:36.977Z,camera_0,0,0.00,0.00,0.00,746496.00,100.0,2000,null,null,30,1920,1080
2026-09-14T16:31:36.978Z,camera_1,0,0.00,0.00,0.00,746496.00,100.0,2000,null,null,30,1920,1080
2026-09-14T16:31:36.978Z,camera_0,0,0.00,0.00,0.00,746496.00,100.0,2000,null,null,30,1920,1080
2026-09-14T16:31:39.978Z,camera_0,0,0.00,0.00,0.00,746496.00,100.0,2000,null,null,30,1920,1080
2026-09-14T16:31:39.978Z,camera_0,0,0.00,0.00,0.00,746496.00,100.0,2000,null,null,30,1920,1080
2026-09-14T16:31:39.978Z,camera_1,0,0.00,0.00,0.00,746496.00,100.0,2000,null,null,30,1920,1080
2026-09-14T16:31:42.981Z,camera_0,0,0.00,0.00,0.00,746496.00,100.0,2000,null,null,30,1920,1080
2026-09-14T16:31:42.981Z,camera_1,0,0.00,0.00,0.00,746496.00,100.0,2000,null,null,30,1920,1080
2026-09-14T16:31:42.982Z,camera_0,0,0.00,0.00,0.00,746496.00,100.0,2000,null,null,30,1920,1080
2026-09-14T16:31:45.982Z,camera_0,0,0.00,0.00,0.00,746496.00,100.0,2000,null,null,30,1920,1080
2026-09-14T16:31:45.982Z,camera_1,0,0.00,0.00,0.00,746496.00,100.0,2000,null,null,30,1920,1080
2026-09-14T16:31:45.982Z,camera_0,0,0.00,0.00,0.00,746496.00,100.0,2000,null,null,30,1920,1080
2026-09-14T16:31:48.985Z,camera_0,0,0.00,0.00,0.00,746496.00,100.0,2000,null,null,30,1920,1080
2026-09-14T16:31:48.985Z,camera_1,0,0.00,0.00,0.00,746496.00,100.0,2000,null,null,30,1920,1080
2026-09-14T16:31:48.985Z,camera_0,0,0.00,0.00,0.00,746496.00,100.0,2000,null,null,30,1920,1080
2026-09-14T16:31:51.988Z,camera_0,0,0.00,0.00,0.00,746496.00,100.0,2000,null,null,30,1920,1080
2026-09-14T16:31:51.989Z,camera_1,0,0.00,0.00,0.00,746496.00,100.0,2000,null,null,30,1920,1080
2026-09-14T16:31:51.989Z,camera_0,0,0.00,0.00,0.00,746496.00,100.0,2000,null,null,30,1920,1080
2026-09-14T16:31:54.989Z,camera_0,0,0.00,0.00,0.00,746496.00,100.0,2000,null,null,30,1920,1080
2026-09-14T16:31:54.989Z,camera_1,0,0.00,0.00,0.00,746496.00,100.0,2000,null,null,30,1920,1080
2026-09-14T16:31:54.989Z,camera_0,0,0.00,0.00,0.00,746496.00,100.0,2000,null,null,30,1920,1080
2026-09-14T16:31:57.991Z,camera_0,0,0.00,0.00,0.00,746496.00,100.0,2000,null,null,30,1920,1080
2026-09-14T16:31:57.994Z,camera_1,0,0.00,0.00,0.00,746496.00,100.0,2000,null,null,30,1920,1080
2026-09-14T16:31:57.994Z,camera_0,0,0.00,0.00,0.00,746496.00,100.0,2000,null,null,30,1920,1080
2026-09-14T16:32:00.992Z,camera_0,0,0.00,0.00,0.00,746496.00,100.0,2000,null,null,30,1920,1080
2026-09-14T16:32:00.992Z,camera_1,0,0.00,0.00,0.00,746496.00,100.0,2000,null,null,30,1920,1080
2026-09-14T16:32:00.992Z,camera_0,0,0.00,0.00,0.00,746496.00,100.0,2000,null,null,30,1920,1080
2026-09-14T16:32:03.995Z,camera_0,0,0.00,0.00,0.00,746496.00,100.0,2000,null,null,30,1920,1080
2026-09-14T16:32:03.995Z,camera_1,0,0.00,0.00,0.00,746496.00,100.0,2000,null,null,30,1920,1080
2026-09-14T16:32:03.996Z,camera_0,0,0.00,0.00,0.00,746496.00,100.0,2000,null,null,30,1920,1080
2026-09-14T16:32:06.996Z,camera_0,0,0.00,0.00,0.00,746496.00,100.0,2000,null,null,30,1920,1080
2026-09-14T16:32:06.996Z,camera_1,0,0.00,0.00,0.00,746496.00,100.0,2000,null,null,30,1920,1080
2026-09-14T16:32:06.996Z,camera_0,0,0.00,0.00,0.00,746496.00,100.0,2000,null,null,30,1920,1080
2026-09-14T16:32:09.999Z,camera_0,0,0.00,0.00,0.00,746496.00,100.0,2000,null,null,30,1920,1080
2026-09-14T16:32:09.999Z,camera_1,0,0.00,0.00,0.00,746496.00,100.0,2000,null,null,30,1920,1080
2026-09-14T16:32:10.000Z,camera_0,0,0.00,0.00,0.00,746496.00,100.0,2000,null,null,30,1920,1080
2026-09-14T16:32:13.001Z,camera_0,0,0.00,0.00,0.00,746496.00,100.0,2000,null,null,30,1920,1080
2026-09-14T16:32:13.001Z,camera_1,0,0.00,0.00,0.00,746496.00,100.0,2000,null,null,30,1920,1080
2026-09-14T16:32:13.001Z,camera_0,0,0.00,0.00,0.00,746496.00,100.0,2000,null,null,30,1920,1080
2026-09-14T16:32:16.000Z,camera_0,0,0.00,0.00,0.00,746496.00,100.0,2000,null,null,30,1920,1080
2026-09-14T16:32:16.000Z,camera_1,0,0.00,0.00,0.00,746496.00,100.0,2000,null,null,30,1920,1080
2026-09-14T16:32:16.000Z,camera_0,0,0.00,0.00,0.00,746496.00,100.0,2000,null,null,30,1920,1080
2026-09-14T16:32:19.003Z,camera_1,0,0.00,0.00,0.00,746496.00,100.0,2000,null,null,30,1920,1080
2026-09-14T16:32:19.003Z,camera_0,0,0.00,0.00,0.00,746496.00,100.0,2000,null,null,30,1920,1080
2026-09-14T16:32:19.003Z,camera_0,0,0.00,0.00,0.00,746496.00,100.0,2000,null,null,30,1920,1080
2026-09-14T16:32:22.006Z,camera_0,0,0.00,0.00,0.00,746496.00,100.0,2000,null,null,30,1920,1080
2026-09-14T16:32:22.006Z,camera_1,0,0.00,0.00,0.00,746496.00,100.0,2000,null,null,30,1920,1080
2026-09-14T16:32:22.006Z,camera_0,0,0.00,0.00,0.00,746496.00,100.0,2000,null,null,30,1920,1080
2026-09-14T16:32:25.009Z,camera_0,0,0.00,0.00,0.00,746496.00,100.0,2000,null,null,30,1920,1080
2026-09-14T16:32:25.009Z,camera_1,0,0.00,0.00,0.00,746496.00,100.0,2000,null,null,30,1920,1080
2026-09-14T16:32:25.009Z,camera_0,0,0.00,0.00,0.00,746496.00,100.0,2000,null,null,30,1920,1080
2026-09-14T16:32:28.012Z,camera_0,0,0.00,0.00,0.00,746496.00,100.0,2000,null,null,30,1920,1080
2026-09-14T16:32:28.012Z,camera_1,0,0.00,0.00,0.00,746496.00,100.0,2000,null,null,30,1920,1080
2026-09-14T16:32:28.012Z,camera_0,0,0.00,0.00,0.00,746496.00,100.0,2000,null,null,30,1920,1080
2026-09-14T16:32:31.015Z,camera_0,0,0.00,0.00,0.00,746496.00,100.0,2000,null,null,30,1920,1080
2026-09-14T16:32:31.015Z,camera_1,0,0.00,0.00,0.00,746496.00,100.0,2000,null,null,30,1920,1080
2026-09-14T16:32:31.015Z,camera_0,0,0.00,0.00,0.00,746496.00,100.0,2000,null,null,30,1920,1080
2026-09-14T16:32:34.018Z,camera_0,0,0.00,0.00,0.00,746496.00,100.0,2000,null,null,30,1920,1080
2026-09-14T16:32:34.018Z,camera_1,0,0.00,0.00,0.00,746496.00,100.0,2000,null,null,30,1920,1080
2026-09-14T16:32:34.018Z,camera_0,0,0.00,0.00,0.00,746496.00,100.0,2000,null,null,30,1920,1080
2026-09-14T16:32:37.021Z,camera_0,0,0.00,0.00,0.00,746496.00,100.0,2000,null,null,30,1920,1080
2026-09-14T16:32:37.021Z,camera_1,0,0.00,0.00,0.00,746496.00,100.0,2000,null,null,30,1920,1080
2026-09-14T16:32:37.021Z,camera_0,0,0.00,0.00,0.00,746496.00,100.0,2000,null,null,30,1920,1080
2026-09-14T16:32:40.024Z,camera_1,0,0.00,0.00,0.00,746496.00,100.0,2000,null,null,30,1920,1080
2026-09-14T16:32:40.024Z,camera_0,0,0.00,0.00,0.00,746496.00,100.0,2000,null,null,30,1920,1080
2026-09-14T16:32:40.025Z,camera_0,0,0.00,0.00,0.00,746496.00,100.0,2000,null,null,30,1920,1080
2026-09-14T16:32:43.027Z,camera_0,0,0.00,0.00,0.00,746496.00,100.0,2000,null,null,30,1920,1080
2026-09-14T16:32:43.027Z,camera_1,0,0.00,0.00,0.00,746496.00,100.0,2000,null,null,30,1920,1080
2026-09-14T16:32:43.028Z,camera_0,0,0.00,0.00,0.00,746496.00,100.0,2000,null,null,30,1920,1080
2026-09-14T16:32:46.027Z,camera_0,0,0.00,0.00,0.00,746496.00,100.0,2000,null,null,30,1920,1080
2026-09-14T16:32:46.028Z,camera_1,0,0.00,0.00,0.00,746496.00,100.0,2000,null,null,30,1920,1080
2026-09-14T16:32:46.028Z,camera_0,0,0.00,0.00,0.00,746496.00,100.0,2000,null,null,30,1920,1080
2026-09-14T16:32:56.506Z,camera_0,0,0.00,0.00,0.00,110592.00,100.0,2000,null,null,120,640,480
2026-09-14T16:32:56.509Z,camera_1,0,0.00,0.00,0.00,110592.00,100.0,2000,null,null,120,640,480
2026-09-14T16:32:56.509Z,camera_0,0,0.00,0.00,0.00,110592.00,100.0,2000,null,null,120,640,480
2026-09-14T16:32:59.509Z,camera_0,1,0.00,0.00,0.00,110592.00,100.0,2000,null,null,120,640,480
2026-09-14T16:32:59.509Z,camera_1,1,0.00,0.00,0.00,110592.00,100.0,2000,null,null,120,640,480
2026-09-14T16:32:59.509Z,camera_0,1,0.00,0.00,0.00,110592.00,100.0,2000,null,null,120,640,480
2026-09-14T16:33:02.510Z,camera_0,1,0.00,0.00,0.00,110592.00,100.0,2000,null,null,30,640,480
2026-09-14T16:33:02.510Z,camera_1,1,0.00,0.00,0.00,110592.00,100.0,2000,null,null,30,640,480
2026-09-14T16:33:02.511Z,camera_0,1,1243.91,1243.91,0.00,110592.00,100.0,2000,null,null,30,640,480
2026-09-14T16:33:05.512Z,camera_0,1,0.00,0.00,0.00,746496.00,100.0,2000,null,null,30,1920,1080
2026-09-14T16:33:05.512Z,camera_1,1,0.00,0.00,0.00,746496.00,100.0,2000,null,null,30,1920,1080
2026-09-14T16:33:05.513Z,camera_0,1,3501.67,3501.67,0.00,746496.00,100.0,2000,null,null,30,1920,1080
2026-09-14T16:33:08.529Z,camera_0,1,17.05,0.00,17.05,746496.00,100.0,2000,null,null,10,1920,1080
2026-09-14T16:33:08.529Z,camera_1,1,0.00,0.00,0.00,746496.00,100.0,2000,null,null,10,1920,1080
2026-09-14T16:33:08.529Z,camera_0,1,5732.57,5715.52,17.05,746496.00,100.0,2000,null,null,10,1920,1080
2026-09-14T16:33:11.551Z,camera_0,1,0.00,0.00,0.00,746496.00,100.0,2000,null,null,10,1920,1080
2026-09-14T16:33:11.551Z,camera_1,1,0.00,0.00,0.00,746496.00,100.0,2000,null,null,10,1920,1080
2026-09-14T16:33:11.576Z,camera_0,1,3219.91,3219.91,0.00,746496.00,100.0,2000,null,null,10,1920,1080
2026-09-14T16:33:14.738Z,camera_0,1,0.00,0.00,0.00,746496.00,100.0,2000,null,null,10,1920,1080
2026-09-14T16:33:14.738Z,camera_1,1,0.00,0.00,0.00,746496.00,100.0,2000,null,null,10,1920,1080
2026-09-14T16:33:14.742Z,camera_0,1,2983.26,2983.26,0.00,746496.00,100.0,2000,null,null,10,1920,1080
2026-09-14T16:33:17.739Z,camera_1,1,0.00,0.00,0.00,746496.00,100.0,2000,null,null,10,1920,1080
2026-09-14T16:33:17.743Z,camera_0,1,1590.10,1590.10,0.00,746496.00,100.0,2000,null,null,10,1920,1080
2026-09-14T16:33:17.739Z,camera_0,1,0.00,0.00,0.00,746496.00,100.0,2000,null,null,10,1920,1080
2026-09-14T16:33:20.741Z,camera_0,1,0.00,0.00,0.00,746496.00,100.0,2000,null,null,10,1920,1080
2026-09-14T16:33:20.741Z,camera_1,1,0.00,0.00,0.00,746496.00,100.0,2000,null,null,10,1920,1080
2026-09-14T16:33:20.744Z,camera_0,1,0.00,0.00,0.00,746496.00,100.0,2000,null,null,10,1920,1080
2026-09-14T16:33:23.742Z,camera_0,1,24.57,0.00,24.57,746496.00,100.0,2000,null,null,30,1920,1080
2026-09-14T16:33:23.743Z,camera_1,1,102.77,0.00,102.77,746496.00,100.0,2000,null,null,30,1920,1080
2026-09-14T16:33:23.745Z,camera_0,1,961.37,834.03,127.34,746496.00,100.0,2000,null,null,30,1920,1080
2026-09-14T16:33:26.953Z,camera_0,1,4.01,0.00,4.01,746496.00,100.0,2000,null,null,10,1920,1080
2026-09-14T16:33:26.962Z,camera_1,1,69.69,0.00,69.69,746496.00,100.0,2000,null,null,10,1920,1080
2026-09-14T16:33:26.962Z,camera_0,1,1391.41,1317.72,73.70,746496.00,100.0,2000,null,null,10,1920,1080
2026-09-14T16:33:30.100Z,camera_0,1,19.55,0.00,19.55,746496.00,100.0,2000,null,null,10,1920,1080
2026-09-14T16:33:30.104Z,camera_1,1,19.05,0.00,19.05,746496.00,100.0,2000,null,null,10,1920,1080
2026-09-14T16:33:30.104Z,camera_0,1,1537.84,1499.24,38.60,746496.00,100.0,2000,null,null,10,1920,1080
2026-09-14T16:33:33.096Z,camera_0,1,8.02,0.00,8.02,746496.00,100.0,2000,null,null,30,1920,1080
2026-09-14T16:33:33.097Z,camera_1,1,213.07,0.00,213.07,746496.00,100.0,2000,null,null,30,1920,1080
2026-09-14T16:33:33.097Z,camera_0,1,2457.52,2236.43,221.09,746496.00,100.0,2000,null,null,30,1920,1080
2026-09-14T16:33:36.106Z,camera_0,1,0.50,0.00,0.50,746496.00,100.0,2000,null,null,10,1920,1080
2026-09-14T16:33:36.106Z,camera_1,1,86.73,0.00,86.73,746496.00,100.0,2000,null,null,10,1920,1080
2026-09-14T16:33:36.106Z,camera_0,1,1850.41,1763.18,87.23,746496.00,100.0,2000,null,null,10,1920,1080
2026-09-14T16:33:39.112Z,camera_0,1,21.56,0.00,21.56,746496.00,100.0,2000,null,null,10,1920,1080
2026-09-14T16:33:39.112Z,camera_1,1,237.13,0.00,237.13,746496.00,100.0,2000,null,null,10,1920,1080
2026-09-14T16:33:39.112Z,camera_0,1,1883.51,1624.83,258.69,746496.00,100.0,2000,null,null,10,1920,1080
2026-09-14T16:33:42.113Z,camera_0,1,5.51,0.00,5.51,746496.00,100.0,2000,null,null,10,1920,1080
2026-09-14T16:33:42.113Z,camera_1,1,129.34,0.00,129.34,746496.00,100.0,2000,null,null,10,1920,1080
2026-09-14T16:33:42.116Z,camera_0,1,1606.81,1471.95,134.86,746496.00,100.0,2000,null,null,10,1920,1080
2026-09-14T16:33:45.154Z,camera_0,1,21.56,0.00,21.56,746496.00,100.0,2000,null,null,10,1920,1080
2026-09-14T16:33:45.154Z,camera_1,1,178.47,0.00,178.47,746496.00,100.0,2000,null,null,10,1920,1080
2026-09-14T16:33:45.154Z,camera_0,1,2513.83,2313.80,200.03,746496.00,100.0,2000,null,null,10,1920,1080
2026-09-14T16:33:48.152Z,camera_0,1,9.53,0.00,9.53,746496.00,100.0,2000,null,null,30,1920,1080
2026-09-14T16:33:48.152Z,camera_1,1,95.75,0.00,95.75,746496.00,100.0,2000,null,null,30,1920,1080
2026-09-14T16:33:48.152Z,camera_0,1,2273.50,2168.22,105.28,746496.00,100.0,2000,null,null,30,1920,1080
2026-09-14T16:33:51.185Z,camera_0,1,17.55,0.00,17.55,746496.00,100.0,2000,null,null,10,1920,1080
2026-09-14T16:33:51.185Z,camera_1,1,161.93,0.00,161.93,746496.00,100.0,2000,null,null,10,1920,1080
2026-09-14T16:33:51.187Z,camera_0,1,2688.89,2509.41,179.48,746496.00,100.0,2000,null,null,10,1920,1080
2026-09-14T16:33:54.247Z,camera_1,1,25.07,0.00,25.07,746496.00,100.0,2000,null,null,10,1920,1080
2026-09-14T16:33:54.248Z,camera_0,1,632.19,596.10,36.10,746496.00,100.0,2000,null,null,10,1920,1080
2026-09-14T16:33:54.247Z,camera_0,1,11.03,0.00,11.03,746496.00,100.0,2000,null,null,10,1920,1080
2026-09-14T16:33:57.250Z,camera_0,1,13.54,0.00,13.54,746496.00,100.0,2000,null,null,30,1920,1080
2026-09-14T16:33:57.250Z,camera_1,1,244.15,0.00,244.15,746496.00,100.0,2000,null,null,30,1920,1080
2026-09-14T16:33:57.250Z,camera_0,1,1651.39,1393.70,257.69,746496.00,100.0,2000,null,null,30,1920,1080
2026-09-14T16:34:00.255Z,camera_0,1,3.51,0.00,3.51,746496.00,100.0,2000,null,null,30,1920,1080
2026-09-14T16:34:00.257Z,camera_1,1,77.21,0.00,77.21,746496.00,100.0,2000,null,null,30,1920,1080
2026-09-14T16:34:00.257Z,camera_0,1,2414.19,2333.47,80.71,746496.00,100.0,2000,null,null,30,1920,1080
2026-09-14T16:34:03.253Z,camera_0,1,22.06,0.00,22.06,746496.00,100.0,2000,null,null,10,1920,1080
2026-09-14T16:34:03.253Z,camera_1,1,163.94,0.00,163.94,746496.00,100.0,2000,null,null,10,1920,1080
2026-09-14T16:34:03.253Z,camera_0,1,2934.60,2748.60,185.99,746496.00,100.0,2000,null,null,10,1920,1080
2026-09-14T16:34:06.253Z,camera_0,1,14.04,0.00,14.04,746496.00,100.0,2000,null,null,10,1920,1080
2026-09-14T16:34:06.253Z,camera_1,1,101.77,0.00,101.77,746496.00,100.0,2000,null,null,10,1920,1080
2026-09-14T16:34:06.253Z,camera_0,1,1721.31,1605.50,115.81,746496.00,100.0,2000,null,null,10,1920,1080
2026-09-14T16:34:09.253Z,camera_0,1,1.50,0.00,1.50,746496.00,100.0,2000,null,null,10,1920,1080
2026-09-14T16:34:09.253Z,camera_1,1,68.68,0.00,68.68,746496.00,100.0,2000,null,null,10,1920,1080
2026-09-14T16:34:09.254Z,camera_0,1,1848.64,1778.45,70.19,746496.00,100.0,2000,null,null,10,1920,1080
2026-09-14T16:34:12.256Z,camera_0,1,18.05,0.00,18.05,746496.00,100.0,2000,null,null,30,1920,1080
2026-09-14T16:34:12.256Z,camera_1,1,193.51,0.00,193.51,746496.00,100.0,2000,null,null,30,1920,1080
2026-09-14T16:34:12.256Z,camera_0,1,2729.98,2518.42,211.56,746496.00,100.0,2000,null,null,30,1920,1080
2026-09-14T16:34:15.256Z,camera_0,1,23.06,0.00,23.06,746496.00,100.0,2000,null,null,10,1920,1080
2026-09-14T16:34:15.256Z,camera_1,1,58.15,0.00,58.15,746496.00,100.0,2000,null,null,10,1920,1080
2026-09-14T16:34:15.259Z,camera_0,1,1885.59,1804.37,81.22,746496.00,100.0,2000,null,null,10,1920,1080
2026-09-14T16:34:18.257Z,camera_0,1,1.50,0.00,1.50,746496.00,100.0,2000,null,null,30,1920,1080
2026-09-14T16:34:18.257Z,camera_1,1,169.45,0.00,169.45,746496.00,100.0,2000,null,null,30,1920,1080
2026-09-14T16:34:18.257Z,camera_0,1,2124.44,1953.49,170.95,746496.00,100.0,2000,null,null,30,1920,1080
2026-09-14T16:34:21.257Z,camera_0,1,24.06,0.00,24.06,746496.00,100.0,2000,null,null,30,1920,1080
2026-09-14T16:34:21.257Z,camera_1,1,176.47,0.00,176.47,746496.00,100.0,2000,null,null,30,1920,1080
2026-09-14T16:34:21.257Z,camera_0,1,2430.13,2229.59,200.53,746496.00,100.0,2000,null,null,30,1920,1080
2026-09-14T16:34:24.263Z,camera_0,1,9.53,0.00,9.53,746496.00,100.0,2000,null,null,10,1920,1080
2026-09-14T16:34:24.263Z,camera_1,1,79.21,0.00,79.21,746496.00,100.0,2000,null,null,10,1920,1080
2026-09-14T16:34:24.265Z,camera_0,1,1053.28,964.54,88.74,746496.00,100.0,2000,null,null,10,1920,1080
2026-09-14T16:34:27.267Z,camera_0,1,0.00,0.00,0.00,746496.00,100.0,2000,null,null,30,1920,1080
2026-09-14T16:34:27.267Z,camera_1,1,17.55,0.00,17.55,746496.00,100.0,2000,null,null,30,1920,1080
2026-09-14T16:34:27.267Z,camera_0,1,1048.56,1031.01,17.55,746496.00,100.0,2000,null,null,30,1920,1080
2026-09-14T16:34:30.272Z,camera_0,1,24.06,0.00,24.06,746496.00,100.0,2000,null,null,10,1920,1080
2026-09-14T16:34:30.273Z,camera_1,1,22.06,0.00,22.06,746496.00,100.0,2000,null,null,10,1920,1080
2026-09-14T16:34:30.273Z,camera_0,1,1103.76,1057.64,46.12,746496.00,100.0,2000,null,null,10,1920,1080
2026-09-14T16:34:33.275Z,camera_0,1,12.03,0.00,12.03,746496.00,100.0,2000,null,null,30,1920,1080
2026-09-14T16:34:33.275Z,camera_1,1,269.22,0.00,269.22,746496.00,100.0,2000,null,null,30,1920,1080
2026-09-14T16:34:33.275Z,camera_0,1,1456.41,1175.16,281.25,746496.00,100.0,2000,null,null,30,1920,1080
2026-09-14T16:34:36.276Z,camera_0,1,22.56,0.00,22.56,746496.00,100.0,2000,null,null,30,1920,1080
2026-09-14T16:34:36.276Z,camera_1,1,164.44,0.00,164.44,746496.00,100.0,2000,null,null,30,1920,1080
2026-09-14T16:34:36.276Z,camera_0,1,2678.39,2491.39,187.00,746496.00,100.0,2000,null,null,30,1920,1080
2026-09-14T16:34:39.277Z,camera_0,1,11.03,0.00,11.03,746496.00,100.0,2000,null,null,30,1920,1080
2026-09-14T16:34:39.278Z,camera_1,1,182.99,0.00,182.99,746496.00,100.0,2000,null,null,30,1920,1080
2026-09-14T16:34:39.278Z,camera_0,1,2004.71,1810.70,194.02,746496.00,100.0,2000,null,null,30,1920,1080
2026-09-14T16:34:42.299Z,camera_0,1,23.06,0.00,23.06,746496.00,100.0,2000,null,null,10,1920,1080
2026-09-14T16:34:42.299Z,camera_1,1,91.24,0.00,91.24,746496.00,100.0,2000,null,null,10,1920,1080
2026-09-14T16:34:42.299Z,camera_0,1,2238.79,2124.49,114.30,746496.00,100.0,2000,null,null,10,1920,1080
2026-09-14T16:34:45.341Z,camera_0,1,11.03,0.00,11.03,746496.00,100.0,2000,null,null,10,1920,1080
2026-09-14T16:34:45.341Z,camera_1,1,164.94,0.00,164.94,746496.00,100.0,2000,null,null,10,1920,1080
2026-09-14T16:34:45.344Z,camera_0,1,1911.09,1735.12,175.97,746496.00,100.0,2000,null,null,10,1920,1080
2026-09-14T16:34:48.342Z,camera_0,1,1.00,0.00,1.00,746496.00,100.0,2000,null,null,10,1920,1080
2026-09-14T16:34:48.342Z,camera_1,1,56.65,0.00,56.65,746496.00,100.0,2000,null,null,10,1920,1080
2026-09-14T16:34:48.344Z,camera_0,1,1203.97,1146.32,57.65,746496.00,100.0,2000,null,null,10,1920,1080
2026-09-14T16:34:51.342Z,camera_0,1,34.59,0.00,34.59,746496.00,100.0,2000,null,null,10,1920,1080
2026-09-14T16:34:51.344Z,camera_1,1,163.94,0.00,163.94,746496.00,100.0,2000,null,null,10,1920,1080
2026-09-14T16:34:51.344Z,camera_0,1,2672.70,2474.17,198.53,746496.00,100.0,2000,null,null,10,1920,1080
2026-09-14T16:34:54.343Z,camera_0,1,2.01,0.00,2.01,746496.00,100.0,2000,null,null,30,1920,1080
2026-09-14T16:34:54.343Z,camera_1,1,55.15,0.00,55.15,746496.00,100.0,2000,null,null,30,1920,1080
2026-09-14T16:34:54.343Z,camera_0,1,1398.26,1341.10,57.15,746496.00,100.0,2000,null,null,30,1920,1080
2026-09-14T16:34:57.477Z,camera_0,1,28.58,0.00,28.58,746496.00,100.0,2000,null,null,10,1920,1080
2026-09-14T16:34:57.477Z,camera_1,1,115.31,0.00,115.31,746496.00,100.0,2000,null,null,10,1920,1080
2026-09-14T16:34:57.477Z,camera_0,1,3197.65,3053.77,143.88,746496.00,100.0,2000,null,null,10,1920,1080
2026-09-14T16:35:00.513Z,camera_0,1,5.51,0.00,5.51,746496.00,100.0,2000,null,null,10,1920,1080
2026-09-14T16:35:00.514Z,camera_1,1,175.97,0.00,175.97,746496.00,100.0,2000,null,null,10,1920,1080
2026-09-14T16:35:00.514Z,camera_0,1,2815.55,2634.07,181.48,746496.00,100.0,2000,null,null,10,1920,1080
2026-09-14T16:35:03.513Z,camera_0,1,3.01,0.00,3.01,746496.00,100.0,2000,null,null,10,1920,1080
2026-09-14T16:35:03.514Z,camera_1,1,47.13,0.00,47.13,746496.00,100.0,2000,null,null,10,1920,1080
2026-09-14T16:35:03.514Z,camera_0,1,1389.79,1339.66,50.13,746496.00,100.0,2000,null,null,10,1920,1080
2026-09-14T16:35:06.514Z,camera_0,1,24.06,0.00,24.06,746496.00,100.0,2000,null,null,10,1920,1080
2026-09-14T16:35:06.514Z,camera_1,1,17.55,0.00,17.55,746496.00,100.0,2000,null,null,10,1920,1080
2026-09-14T16:35:06.514Z,camera_0,1,1131.31,1089.70,41.61,746496.00,100.0,2000,null,null,10,1920,1080
2026-09-14T16:35:09.514Z,camera_0,1,9.53,0.00,9.53,746496.00,100.0,2000,null,null,30,1920,1080
2026-09-14T16:35:09.514Z,camera_1,1,171.96,0.00,171.96,746496.00,100.0,2000,null,null,30,1920,1080
2026-09-14T16:35:09.514Z,camera_0,1,2143.62,1962.14,181.48,746496.00,100.0,2000,null,null,30,1920,1080
2026-09-14T16:35:12.518Z,camera_0,1,28.58,0.00,28.58,746496.00,100.0,2000,null,null,30,1920,1080
2026-09-14T16:35:12.518Z,camera_1,1,142.38,0.00,142.38,746496.00,100.0,2000,null,null,30,1920,1080
2026-09-14T16:35:12.519Z,camera_0,1,3239.14,3068.19,170.95,746496.00,100.0,2000,null,null,30,1920,1080
2026-09-14T16:35:15.519Z,camera_0,1,7.52,0.00,7.52,746496.00,100.0,2000,null,null,30,1920,1080
2026-09-14T16:35:15.519Z,camera_1,1,104.78,0.00,104.78,746496.00,100.0,2000,null,null,30,1920,1080
2026-09-14T16:35:15.519Z,camera_0,1,1717.19,1604.89,112.30,746496.00,100.0,2000,null,null,30,1920,1080
2026-09-14T16:35:25.851Z,camera_0,0,0.00,0.00,0.00,110592.00,100.0,2000,null,null,120,640,480
2026-09-14T16:35:25.864Z,camera_1,0,0.00,0.00,0.00,110592.00,100.0,2000,null,null,120,640,480
2026-09-14T16:35:25.865Z,camera_0,0,0.00,0.00,0.00,110592.00,100.0,2000,null,null,120,640,480
2026-09-14T16:35:28.851Z,camera_0,1,0.00,0.00,0.00,110592.00,100.0,2000,null,null,120,640,480
2026-09-14T16:35:28.851Z,camera_1,1,0.00,0.00,0.00,110592.00,100.0,2000,null,null,120,640,480
2026-09-14T16:35:28.852Z,camera_0,1,0.00,0.00,0.00,110592.00,100.0,2000,null,null,120,640,480
2026-09-14T16:35:31.852Z,camera_0,1,0.00,0.00,0.00,110592.00,100.0,2000,null,null,120,640,480
2026-09-14T16:35:31.852Z,camera_1,1,0.00,0.00,0.00,110592.00,100.0,2000,null,null,120,640,480
2026-09-14T16:35:31.853Z,camera_0,1,0.00,0.00,0.00,110592.00,100.0,2000,null,null,120,640,480
2026-09-14T16:35:34.852Z,camera_0,1,0.00,0.00,0.00,110592.00,100.0,2000,null,null,120,640,480
2026-09-14T16:35:34.852Z,camera_1,1,0.00,0.00,0.00,110592.00,100.0,2000,null,null,120,640,480
2026-09-14T16:35:34.852Z,camera_0,1,0.00,0.00,0.00,110592.00,100.0,2000,null,null,120,640,480
2026-09-14T16:35:37.854Z,camera_0,1,0.00,0.00,0.00,746496.00,100.0,2000,null,null,30,1920,1080
2026-09-14T16:35:37.854Z,camera_1,1,0.00,0.00,0.00,746496.00,100.0,2000,null,null,30,1920,1080
2026-09-14T16:35:37.854Z,camera_0,1,930.11,930.11,0.00,746496.00,100.0,2000,null,null,30,1920,1080
2026-09-14T16:35:40.855Z,camera_0,1,0.00,0.00,0.00,746496.00,100.0,2000,null,null,30,1920,1080
2026-09-14T16:35:40.855Z,camera_1,1,0.00,0.00,0.00,746496.00,100.0,2000,null,null,30,1920,1080
2026-09-14T16:35:40.856Z,camera_0,1,0.00,0.00,0.00,746496.00,100.0,2000,null,null,30,1920,1080
2026-09-14T16:35:43.856Z,camera_0,1,17.05,0.00,17.05,746496.00,100.0,2000,null,null,10,1920,1080
2026-09-14T16:35:43.856Z,camera_0,1,726.67,709.63,17.05,746496.00,100.0,2000,null,null,10,1920,1080
2026-09-14T16:35:43.856Z,camera_1,1,0.00,0.00,0.00,746496.00,100.0,2000,null,null,10,1920,1080
2026-09-14T16:35:46.856Z,camera_0,1,0.00,0.00,0.00,746496.00,100.0,2000,null,null,10,1920,1080
2026-09-14T16:35:46.857Z,camera_1,1,0.00,0.00,0.00,746496.00,100.0,2000,null,null,10,1920,1080
2026-09-14T16:35:46.857Z,camera_0,1,1578.72,1578.72,0.00,746496.00,100.0,2000,null,null,10,1920,1080
2026-09-14T16:35:49.862Z,camera_0,1,0.00,0.00,0.00,746496.00,100.0,2000,null,null,10,1920,1080
2026-09-14T16:35:49.862Z,camera_1,1,0.00,0.00,0.00,746496.00,100.0,2000,null,null,10,1920,1080
2026-09-14T16:35:49.864Z,camera_0,1,1590.63,1590.63,0.00,746496.00,100.0,2000,null,null,10,1920,1080
2026-09-14T16:35:52.862Z,camera_0,1,0.00,0.00,0.00,746496.00,100.0,2000,null,null,10,1920,1080
2026-09-14T16:35:52.866Z,camera_1,1,0.00,0.00,0.00,746496.00,100.0,2000,null,null,10,1920,1080
2026-09-14T16:35:52.866Z,camera_0,1,2278.31,2278.31,0.00,746496.00,100.0,2000,null,null,10,1920,1080
2026-09-14T16:35:55.863Z,camera_0,1,0.00,0.00,0.00,147571.20,100.0,2000,null,null,30,854,480
2026-09-14T16:35:55.863Z,camera_1,1,0.00,0.00,0.00,147571.20,100.0,2000,null,null,30,854,480
2026-09-14T16:35:55.863Z,camera_0,1,422.62,422.62,0.00,147571.20,100.0,2000,null,null,30,854,480
2026-09-14T16:35:58.864Z,camera_0,1,0.00,0.00,0.00,147571.20,100.0,2000,null,null,30,854,480
2026-09-14T16:35:58.864Z,camera_1,1,0.00,0.00,0.00,147571.20,100.0,2000,null,null,30,854,480
2026-09-14T16:35:58.864Z,camera_0,1,1270.92,1270.92,0.00,147571.20,100.0,2000,null,null,30,854,480
2026-09-14T16:36:01.865Z,camera_0,1,22.06,0.00,22.06,746496.00,100.0,2000,null,null,10,1920,1080
2026-09-14T16:36:01.869Z,camera_1,1,0.00,0.00,0.00,746496.00,100.0,2000,null,null,10,1920,1080
2026-09-14T16:36:01.872Z,camera_0,1,2080.14,2058.08,22.06,746496.00,100.0,2000,null,null,10,1920,1080
2026-09-14T16:36:04.867Z,camera_0,1,3.51,0.00,3.51,147571.20,100.0,2000,null,null,30,854,480
2026-09-14T16:36:04.867Z,camera_1,1,0.00,0.00,0.00,147571.20,100.0,2000,null,null,30,854,480
2026-09-14T16:36:04.867Z,camera_0,1,1090.38,1086.87,3.51,147571.20,100.0,2000,null,null,30,854,480
2026-09-14T16:36:07.870Z,camera_1,1,0.00,0.00,0.00,746496.00,100.0,2000,null,null,10,1920,1080
2026-09-14T16:36:07.871Z,camera_0,1,2641.97,2620.42,21.56,746496.00,100.0,2000,null,null,10,1920,1080
2026-09-14T16:36:07.870Z,camera_0,1,21.56,0.00,21.56,746496.00,100.0,2000,null,null,10,1920,1080
2026-09-14T16:36:11.029Z,camera_0,1,9.53,0.00,9.53,746496.00,100.0,2000,null,null,10,1920,1080
2026-09-14T16:36:11.037Z,camera_1,1,0.00,0.00,0.00,746496.00,100.0,2000,null,null,10,1920,1080
2026-09-14T16:36:11.037Z,camera_0,1,1474.65,1465.13,9.53,746496.00,100.0,2000,null,null,10,1920,1080
2026-09-14T16:36:14.030Z,camera_0,1,1.00,0.00,1.00,746496.00,100.0,2000,null,null,10,1920,1080
2026-09-14T16:36:14.031Z,camera_1,1,397.23,0.00,397.23,746496.00,99.9,2000,null,null,10,1920,1080
2026-09-14T16:36:14.031Z,camera_0,1,2348.69,1950.46,398.23,746496.00,99.9,2000,null,null,10,1920,1080
2026-09-14T16:36:17.048Z,camera_0,1,20.55,0.00,20.55,147571.20,100.0,2000,null,null,30,854,480
2026-09-14T16:36:17.049Z,camera_1,1,114.81,0.00,114.81,147571.20,99.9,2000,null,null,30,854,480
2026-09-14T16:36:17.051Z,camera_0,1,2756.31,2620.95,135.36,147571.20,99.9,2000,null,null,30,854,480
2026-09-14T16:36:20.051Z,camera_0,1,9.02,0.00,9.02,147571.20,100.0,2000,null,null,30,854,480
2026-09-14T16:36:20.052Z,camera_1,1,158.42,0.00,158.42,147571.20,99.9,2000,null,null,30,854,480
2026-09-14T16:36:20.052Z,camera_0,1,1925.70,1758.25,167.45,147571.20,99.9,2000,null,null,30,854,480
2026-09-14T16:36:23.052Z,camera_0,1,1.00,0.00,1.00,746496.00,100.0,2000,null,null,10,1920,1080
2026-09-14T16:36:23.053Z,camera_1,1,33.59,0.00,33.59,746496.00,100.0,2000,null,null,10,1920,1080
2026-09-14T16:36:23.064Z,camera_0,1,1587.01,1552.42,34.59,746496.00,100.0,2000,null,null,10,1920,1080
2026-09-14T16:36:26.053Z,camera_0,1,21.56,0.00,21.56,746496.00,100.0,2000,null,null,10,1920,1080
2026-09-14T16:36:26.054Z,camera_1,1,174.97,0.00,174.97,746496.00,100.0,2000,null,null,10,1920,1080
2026-09-14T16:36:26.054Z,camera_0,1,2830.47,2633.95,196.52,746496.00,100.0,2000,null,null,10,1920,1080
2026-09-14T16:36:29.054Z,camera_0,1,13.54,0.00,13.54,147571.20,100.0,2000,null,null,30,854,480
2026-09-14T16:36:29.055Z,camera_1,1,189.50,0.00,189.50,147571.20,99.9,2000,null,null,30,854,480
2026-09-14T16:36:29.061Z,camera_0,1,3634.36,3431.32,203.04,147571.20,99.9,2000,null,null,30,854,480
2026-09-14T16:36:32.058Z,camera_0,1,2.01,0.00,2.01,147571.20,100.0,2000,null,null,30,854,480
2026-09-14T16:36:32.059Z,camera_1,1,11.53,0.00,11.53,147571.20,100.0,2000,null,null,30,854,480
2026-09-14T16:36:32.059Z,camera_0,1,2281.80,2268.27,13.54,147571.20,100.0,2000,null,null,30,854,480
2026-09-14T16:36:35.058Z,camera_0,1,23.56,0.00,23.56,746496.00,100.0,2000,null,null,10,1920,1080
2026-09-14T16:36:35.059Z,camera_1,1,341.91,0.00,341.91,746496.00,100.0,2000,null,null,10,1920,1080
2026-09-14T16:36:35.060Z,camera_0,1,3002.39,2636.91,365.47,746496.00,100.0,2000,null,null,10,1920,1080
2026-09-14T16:36:38.059Z,camera_0,1,11.03,0.00,11.03,746496.00,100.0,2000,null,null,10,1920,1080
2026-09-14T16:36:38.059Z,camera_1,1,129.85,0.00,129.85,746496.00,100.0,2000,null,null,10,1920,1080
2026-09-14T16:36:38.060Z,camera_0,1,3633.13,3492.25,140.87,746496.00,100.0,2000,null,null,10,1920,1080
2026-09-14T16:36:41.061Z,camera_0,1,1.00,0.00,1.00,147571.20,100.0,2000,null,null,30,854,480
2026-09-14T16:36:41.062Z,camera_1,1,55.15,0.00,55.15,147571.20,100.0,2000,null,null,30,854,480
2026-09-14T16:36:41.062Z,camera_0,1,3060.09,3003.94,56.15,147571.20,100.0,2000,null,null,30,854,480
2026-09-14T16:36:44.061Z,camera_0,1,21.56,0.00,21.56,147571.20,100.0,2000,null,null,30,854,480
2026-09-14T16:36:44.062Z,camera_1,1,303.31,0.00,303.31,147571.20,99.8,2000,null,null,30,854,480
2026-09-14T16:36:44.063Z,camera_0,1,2865.93,2541.06,324.86,147571.20,99.8,2000,null,null,30,854,480
2026-09-14T16:36:47.061Z,camera_0,1,11.53,0.00,11.53,746496.00,100.0,2000,null,null,10,1920,1080
2026-09-14T16:36:47.062Z,camera_1,1,467.11,0.00,467.11,746496.00,99.9,2000,null,null,10,1920,1080
2026-09-14T16:36:47.062Z,camera_0,1,2634.91,2156.26,478.65,746496.00,99.9,2000,null,null,10,1920,1080
2026-09-14T16:36:50.063Z,camera_0,1,1.00,0.00,1.00,147571.20,100.0,2000,null,null,30,854,480
2026-09-14T16:36:50.068Z,camera_1,1,397.06,0.00,397.06,147571.20,99.7,2000,null,null,30,854,480
2026-09-14T16:36:50.068Z,camera_0,1,3398.69,3000.63,398.06,147571.20,99.7,2000,null,null,30,854,480
2026-09-14T16:36:53.064Z,camera_0,1,21.06,0.00,21.06,147571.20,100.0,2000,null,null,30,854,480
2026-09-14T16:36:53.064Z,camera_1,1,211.06,0.00,211.06,147571.20,99.9,2000,null,null,30,854,480
2026-09-14T16:36:53.065Z,camera_0,1,4147.69,3915.57,232.12,147571.20,99.8,2000,null,null,30,854,480
2026-09-14T16:36:56.089Z,camera_0,1,11.53,0.00,11.53,746496.00,100.0,2000,null,null,10,1920,1080
2026-09-14T16:36:56.090Z,camera_1,1,199.03,0.00,199.03,746496.00,100.0,2000,null,null,10,1920,1080
2026-09-14T16:36:56.090Z,camera_0,1,2365.61,2155.05,210.56,746496.00,100.0,2000,null,null,10,1920,1080
2026-09-14T16:36:59.092Z,camera_0,1,1.00,0.00,1.00,147571.20,100.0,2000,null,null,30,854,480
2026-09-14T16:36:59.093Z,camera_1,1,215.07,0.00,215.07,147571.20,99.9,2000,null,null,30,854,480
2026-09-14T16:36:59.093Z,camera_0,1,3931.94,3715.87,216.07,147571.20,99.9,2000,null,null,30,854,480
2026-09-14T16:37:02.092Z,camera_0,1,24.06,0.00,24.06,746496.00,100.0,2000,null,null,10,1920,1080
2026-09-14T16:37:02.094Z,camera_1,1,375.17,0.00,375.17,746496.00,99.9,2000,null,null,10,1920,1080
2026-09-14T16:37:02.097Z,camera_0,1,3859.21,3459.97,399.23,746496.00,99.9,2000,null,null,10,1920,1080
2026-09-14T16:37:05.242Z,camera_0,1,6.52,0.00,6.52,746496.00,100.0,2000,null,null,10,1920,1080
2026-09-14T16:37:05.242Z,camera_1,1,321.86,0.00,321.86,746496.00,100.0,2000,null,null,10,1920,1080
2026-09-14T16:37:05.247Z,camera_0,1,2115.21,1786.84,328.37,746496.00,100.0,2000,null,null,10,1920,1080
2026-09-14T16:37:08.335Z,camera_0,1,2.51,0.00,2.51,746496.00,100.0,2000,null,null,10,1920,1080
2026-09-14T16:37:08.336Z,camera_1,1,3.51,0.00,3.51,746496.00,100.0,2000,null,null,10,1920,1080
2026-09-14T16:37:08.344Z,camera_0,1,3080.99,3074.97,6.02,746496.00,100.0,2000,null,null,10,1920,1080
2026-09-14T16:37:11.484Z,camera_0,1,25.57,0.00,25.57,746496.00,100.0,2000,null,null,10,1920,1080
2026-09-14T16:37:11.488Z,camera_1,1,275.23,0.00,275.23,746496.00,100.0,2000,null,null,10,1920,1080
2026-09-14T16:37:11.492Z,camera_0,1,3761.57,3460.77,300.80,746496.00,100.0,2000,null,null,10,1920,1080
2026-09-14T16:37:14.550Z,camera_0,1,8.02,0.00,8.02,147571.20,100.0,2000,null,null,30,854,480
2026-09-14T16:37:14.550Z,camera_1,1,184.99,0.00,184.99,147571.20,99.9,2000,null,null,30,854,480
2026-09-14T16:37:14.551Z,camera_0,1,2835.89,2642.87,193.01,147571.20,99.9,2000,null,null,30,854,480
2026-09-14T16:37:17.550Z,camera_0,1,19.05,0.00,19.05,746496.00,100.0,2000,null,null,10,1920,1080
2026-09-14T16:37:17.552Z,camera_1,1,175.47,0.00,175.47,746496.00,100.0,2000,null,null,10,1920,1080
2026-09-14T16:37:17.555Z,camera_0,1,3313.13,3118.61,194.52,746496.00,100.0,2000,null,null,10,1920,1080
2026-09-14T16:37:20.552Z,camera_0,1,9.02,0.00,9.02,147571.20,100.0,2000,null,null,30,854,480
2026-09-14T16:37:20.554Z,camera_1,1,177.97,0.00,177.97,147571.20,99.9,2000,null,null,30,854,480
2026-09-14T16:37:20.555Z,camera_0,1,3545.25,3358.25,187.00,147571.20,99.9,2000,null,null,30,854,480
2026-09-14T16:37:23.587Z,camera_0,1,5.01,0.00,5.01,147571.20,100.0,2000,null,null,30,854,480
2026-09-14T16:37:23.590Z,camera_1,1,5.01,0.00,5.01,147571.20,100.0,2000,null,null,30,854,480
2026-09-14T16:37:23.591Z,camera_0,1,1893.89,1883.86,10.03,147571.20,100.0,2000,null,null,30,854,480
2026-09-14T16:37:26.611Z,camera_0,1,21.56,0.00,21.56,746496.00,100.0,2000,null,null,10,1920,1080
2026-09-14T16:37:26.612Z,camera_1,1,374.67,0.00,374.67,746496.00,99.9,2000,null,null,10,1920,1080
2026-09-14T16:37:26.614Z,camera_0,1,3551.89,3155.67,396.22,746496.00,99.9,2000,null,null,10,1920,1080
2026-09-14T16:37:29.607Z,camera_0,1,7.52,0.00,7.52,746496.00,100.0,2000,null,null,10,1920,1080
2026-09-14T16:37:29.607Z,camera_1,1,184.99,0.00,184.99,746496.00,100.0,2000,null,null,10,1920,1080
2026-09-14T16:37:29.608Z,camera_0,1,3365.37,3172.86,192.51,746496.00,100.0,2000,null,null,10,1920,1080
2026-09-14T16:37:32.610Z,camera_0,1,5.51,0.00,5.51,147571.20,100.0,2000,null,null,30,854,480
2026-09-14T16:37:32.610Z,camera_1,1,152.91,0.00,152.91,147571.20,99.9,2000,null,null,30,854,480
2026-09-14T16:37:32.610Z,camera_0,1,3436.54,3278.11,158.42,147571.20,99.9,2000,null,null,30,854,480
2026-09-14T16:37:35.855Z,camera_0,1,21.56,0.00,21.56,746496.00,100.0,2000,null,null,10,1920,1080
2026-09-14T16:37:35.858Z,camera_1,1,160.43,0.00,160.43,746496.00,100.0,2000,null,null,10,1920,1080
2026-09-14T16:37:35.858Z,camera_0,1,3948.51,3766.53,181.98,746496.00,100.0,2000,null,null,10,1920,1080
2026-09-14T16:37:38.858Z,camera_0,1,10.03,0.00,10.03,147571.20,100.0,2000,null,null,30,854,480
2026-09-14T16:37:38.860Z,camera_1,1,28.07,0.00,28.07,147571.20,100.0,2000,null,null,30,854,480
2026-09-14T16:37:38.861Z,camera_0,1,1622.08,1583.98,38.10,147571.20,100.0,2000,null,null,30,854,480
2026-09-14T16:37:41.860Z,camera_0,1,4.01,0.00,4.01,147571.20,100.0,2000,null,null,30,854,480
2026-09-14T16:37:41.861Z,camera_1,1,203.54,0.00,203.54,147571.20,99.9,2000,null,null,30,854,480
2026-09-14T16:37:41.861Z,camera_0,1,1394.09,1186.54,207.55,147571.20,99.9,2000,null,null,30,854,480
2026-09-14T16:37:44.863Z,camera_0,1,21.06,0.00,21.06,147571.20,100.0,2000,null,null,30,854,480
2026-09-14T16:37:44.863Z,camera_1,1,200.53,0.00,200.53,147571.20,99.9,2000,null,null,30,854,480
2026-09-14T16:37:44.864Z,camera_0,1,1539.75,1318.16,221.59,147571.20,99.8,2000,null,null,30,854,480
2026-09-14T16:37:47.935Z,camera_0,1,12.53,0.00,12.53,746496.00,100.0,2000,null,null,10,1920,1080
2026-09-14T16:37:47.936Z,camera_1,1,6.02,0.00,6.02,746496.00,100.0,2000,null,null,10,1920,1080
2026-09-14T16:37:47.936Z,camera_0,1,2097.45,2078.90,18.55,746496.00,100.0,2000,null,null,10,1920,1080
2026-09-14T16:37:50.936Z,camera_0,1,1.00,0.00,1.00,147571.20,100.0,2000,null,null,30,854,480
2026-09-14T16:37:50.940Z,camera_1,1,453.65,0.00,453.65,147571.20,99.7,2000,null,null,30,854,480
2026-09-14T16:37:50.941Z,camera_0,1,2192.08,1737.42,454.66,147571.20,99.7,2000,null,null,30,854,480
2026-09-14T16:37:53.935Z,camera_0,1,34.09,0.00,34.09,746496.00,100.0,2000,null,null,10,1920,1080
2026-09-14T16:37:53.937Z,camera_0,1,1089.11,1039.98,49.13,746496.00,100.0,2000,null,null,10,1920,1080
2026-09-14T16:37:53.937Z,camera_1,1,15.04,0.00,15.04,746496.00,100.0,2000,null,null,10,1920,1080
2026-09-14T16:37:56.936Z,camera_0,1,9.02,0.00,9.02,746496.00,100.0,2000,null,null,10,1920,1080
2026-09-14T16:37:56.936Z,camera_1,1,0.00,0.00,0.00,746496.00,100.0,2000,null,null,10,1920,1080
2026-09-14T16:37:56.937Z,camera_0,1,614.82,605.80,9.02,746496.00,100.0,2000,null,null,10,1920,1080
2026-09-14T16:37:59.937Z,camera_0,1,0.00,0.00,0.00,746496.00,100.0,2000,null,null,10,1920,1080
2026-09-14T16:37:59.938Z,camera_0,1,0.00,0.00,0.00,746496.00,100.0,2000,null,null,10,1920,1080
2026-09-14T16:37:59.937Z,camera_1,1,0.00,0.00,0.00,746496.00,100.0,2000,null,null,10,1920,1080
2026-09-14T16:38:02.974Z,camera_0,1,26.57,0.00,26.57,746496.00,100.0,2000,null,null,10,1920,1080
2026-09-14T16:38:02.975Z,camera_1,1,0.00,0.00,0.00,746496.00,100.0,2000,null,null,10,1920,1080
2026-09-14T16:38:02.976Z,camera_0,1,512.48,485.91,26.57,746496.00,100.0,2000,null,null,10,1920,1080
2026-09-14T16:38:05.984Z,camera_0,1,6.02,0.00,6.02,746496.00,100.0,2000,null,null,10,1920,1080
2026-09-14T16:38:05.984Z,camera_1,1,0.00,0.00,0.00,746496.00,100.0,2000,null,null,10,1920,1080
2026-09-14T16:38:05.985Z,camera_0,1,1265.35,1259.34,6.02,746496.00,100.0,2000,null,null,10,1920,1080
2026-09-14T16:38:08.985Z,camera_0,1,4.51,0.00,4.51,746496.00,100.0,2000,null,null,10,1920,1080
2026-09-14T16:38:08.985Z,camera_1,1,0.00,0.00,0.00,746496.00,100.0,2000,null,null,10,1920,1080
2026-09-14T16:38:08.989Z,camera_0,1,1258.13,1253.62,4.51,746496.00,100.0,2000,null,null,10,1920,1080
2026-09-14T16:38:11.985Z,camera_0,1,0.00,0.00,0.00,746496.00,100.0,2000,null,null,10,1920,1080
2026-09-14T16:38:11.985Z,camera_1,1,0.00,0.00,0.00,746496.00,100.0,2000,null,null,10,1920,1080
2026-09-14T16:38:11.986Z,camera_0,1,1345.31,1345.31,0.00,746496.00,100.0,2000,null,null,10,1920,1080
2026-09-14T16:38:15.078Z,camera_0,1,27.07,0.00,27.07,746496.00,100.0,2000,null,null,10,1920,1080
2026-09-14T16:38:15.087Z,camera_1,1,0.00,0.00,0.00,746496.00,100.0,2000,null,null,10,1920,1080
2026-09-14T16:38:15.088Z,camera_0,1,1848.42,1821.34,27.07,746496.00,100.0,2000,null,null,10,1920,1080
2026-09-14T16:38:18.079Z,camera_0,1,3.51,0.00,3.51,746496.00,100.0,2000,null,null,10,1920,1080
2026-09-14T16:38:18.079Z,camera_1,1,0.00,0.00,0.00,746496.00,100.0,2000,null,null,10,1920,1080
2026-09-14T16:38:18.080Z,camera_0,1,1144.66,1141.15,3.51,746496.00,100.0,2000,null,null,10,1920,1080
2026-09-14T16:38:21.083Z,camera_0,1,5.51,0.00,5.51,746496.00,100.0,2000,null,null,10,1920,1080
2026-09-14T16:38:21.083Z,camera_1,1,0.00,0.00,0.00,746496.00,100.0,2000,null,null,10,1920,1080
2026-09-14T16:38:21.084Z,camera_0,1,2622.94,2617.43,5.51,746496.00,100.0,2000,null,null,10,1920,1080
2026-09-14T16:38:24.084Z,camera_0,1,1.00,0.00,1.00,746496.00,100.0,2000,null,null,10,1920,1080
2026-09-14T16:38:24.085Z,camera_1,1,0.00,0.00,0.00,746496.00,100.0,2000,null,null,10,1920,1080
2026-09-14T16:38:24.091Z,camera_0,1,1476.12,1475.12,1.00,746496.00,100.0,2000,null,null,10,1920,1080
2026-09-14T16:38:27.207Z,camera_0,1,26.57,0.00,26.57,746496.00,100.0,2000,null,null,10,1920,1080
2026-09-14T16:38:27.208Z,camera_0,1,800.68,774.11,26.57,746496.00,100.0,2000,null,null,10,1920,1080
2026-09-14T16:38:27.207Z,camera_1,1,0.00,0.00,0.00,746496.00,100.0,2000,null,null,10,1920,1080
2026-09-14T16:38:30.090Z,camera_0,1,5.01,0.00,5.01,746496.00,100.0,2000,null,null,10,1920,1080
2026-09-14T16:38:30.091Z,camera_1,1,0.00,0.00,0.00,746496.00,100.0,2000,null,null,10,1920,1080
2026-09-14T16:38:30.091Z,camera_0,1,723.30,718.29,5.01,746496.00,100.0,2000,null,null,10,1920,1080
2026-09-14T16:38:33.092Z,camera_0,1,5.01,0.00,5.01,746496.00,100.0,2000,null,null,10,1920,1080
2026-09-14T16:38:33.094Z,camera_1,1,0.00,0.00,0.00,746496.00,100.0,2000,null,null,10,1920,1080
2026-09-14T16:38:33.097Z,camera_0,1,1142.91,1137.90,5.01,746496.00,100.0,2000,null,null,10,1920,1080
2026-09-14T16:38:36.101Z,camera_0,1,0.00,0.00,0.00,746496.00,100.0,2000,null,null,10,1920,1080
2026-09-14T16:38:36.101Z,camera_1,1,0.00,0.00,0.00,746496.00,100.0,2000,null,null,10,1920,1080
2026-09-14T16:38:36.102Z,camera_0,1,422.44,422.44,0.00,746496.00,100.0,2000,null,null,10,1920,1080
2026-09-14T16:38:39.102Z,camera_0,1,1.00,0.00,1.00,746496.00,100.0,2000,null,null,10,1920,1080
2026-09-14T16:38:39.102Z,camera_1,1,254.68,0.00,254.68,746496.00,100.0,2000,null,null,10,1920,1080
2026-09-14T16:38:39.103Z,camera_0,1,778.18,522.50,255.68,746496.00,100.0,2000,null,null,10,1920,1080
2026-09-14T16:38:42.103Z,camera_0,1,31.58,0.00,31.58,746496.00,100.0,2000,null,null,10,1920,1080
2026-09-14T16:38:42.103Z,camera_1,1,9.53,0.00,9.53,746496.00,100.0,2000,null,null,10,1920,1080
2026-09-14T16:38:42.103Z,camera_0,1,1285.89,1244.78,41.11,746496.00,100.0,2000,null,null,10,1920,1080
2026-09-14T16:38:45.169Z,camera_0,1,5.01,0.00,5.01,746496.00,100.0,2000,null,null,10,1920,1080
2026-09-14T16:38:45.170Z,camera_1,1,0.00,0.00,0.00,746496.00,100.0,2000,null,null,10,1920,1080
2026-09-14T16:38:45.170Z,camera_0,1,925.97,920.95,5.01,746496.00,100.0,2000,null,null,10,1920,1080
2026-09-14T16:38:48.169Z,camera_0,1,0.00,0.00,0.00,746496.00,100.0,2000,null,null,10,1920,1080
2026-09-14T16:38:48.169Z,camera_1,1,2.01,0.00,2.01,746496.00,100.0,2000,null,null,10,1920,1080
2026-09-14T16:38:48.169Z,camera_0,1,424.62,422.61,2.01,746496.00,100.0,2000,null,null,10,1920,1080
2026-09-14T16:38:51.171Z,camera_0,1,27.57,0.00,27.57,746496.00,100.0,2000,null,null,10,1920,1080
2026-09-14T16:38:51.172Z,camera_1,1,0.00,0.00,0.00,746496.00,100.0,2000,null,null,10,1920,1080
2026-09-14T16:38:51.172Z,camera_0,1,1174.67,1147.10,27.57,746496.00,100.0,2000,null,null,10,1920,1080
2026-09-14T16:38:54.175Z,camera_0,1,10.03,0.00,10.03,746496.00,100.0,2000,null,null,10,1920,1080
2026-09-14T16:38:54.175Z,camera_1,1,154.91,0.00,154.91,746496.00,100.0,2000,null,null,10,1920,1080
2026-09-14T16:38:54.175Z,camera_0,1,1314.82,1149.88,164.94,746496.00,100.0,2000,null,null,10,1920,1080
2026-09-14T16:38:57.176Z,camera_0,1,3.51,0.00,3.51,746496.00,100.0,2000,null,null,10,1920,1080
2026-09-14T16:38:57.178Z,camera_1,1,41.61,0.00,41.61,746496.00,100.0,2000,null,null,10,1920,1080
2026-09-14T16:38:57.180Z,camera_0,1,869.36,824.24,45.12,746496.00,100.0,2000,null,null,10,1920,1080
2026-09-14T16:39:00.177Z,camera_0,1,1.00,0.00,1.00,746496.00,100.0,2000,null,null,10,1920,1080
2026-09-14T16:39:00.177Z,camera_1,1,11.03,0.00,11.03,746496.00,100.0,2000,null,null,10,1920,1080
2026-09-14T16:39:00.177Z,camera_0,1,955.05,943.02,12.03,746496.00,100.0,2000,null,null,10,1920,1080
2026-09-14T16:39:03.179Z,camera_0,1,23.56,0.00,23.56,746496.00,100.0,2000,null,null,10,1920,1080
2026-09-14T16:39:03.180Z,camera_1,1,5.51,0.00,5.51,746496.00,100.0,2000,null,null,10,1920,1080
2026-09-14T16:39:03.180Z,camera_0,1,647.01,617.93,29.08,746496.00,100.0,2000,null,null,10,1920,1080
2026-09-14T16:39:06.180Z,camera_0,1,11.03,0.00,11.03,746496.00,100.0,2000,null,null,10,1920,1080
2026-09-14T16:39:06.180Z,camera_1,1,0.00,0.00,0.00,746496.00,100.0,2000,null,null,10,1920,1080
2026-09-14T16:39:06.181Z,camera_0,1,828.77,817.74,11.03,746496.00,100.0,2000,null,null,10,1920,1080
2026-09-14T16:39:09.189Z,camera_0,1,3.01,0.00,3.01,746496.00,100.0,2000,null,null,10,1920,1080
2026-09-14T16:39:09.189Z,camera_1,1,4.01,0.00,4.01,746496.00,100.0,2000,null,null,10,1920,1080
2026-09-14T16:39:09.192Z,camera_0,1,820.94,813.92,7.02,746496.00,100.0,2000,null,null,10,1920,1080
2026-09-14T16:39:12.187Z,camera_0,1,0.00,0.00,0.00,746496.00,100.0,2000,null,null,10,1920,1080
2026-09-14T16:39:12.191Z,camera_0,1,158.42,0.00,158.42,746496.00,100.0,2000,null,null,10,1920,1080
2026-09-14T16:39:12.190Z,camera_1,1,158.42,0.00,158.42,746496.00,100.0,2000,null,null,10,1920,1080
2026-09-14T16:39:15.369Z,camera_0,1,29.58,0.00,29.58,746496.00,100.0,2000,null,null,10,1920,1080
2026-09-14T16:39:15.377Z,camera_1,1,14.54,0.00,14.54,746496.00,100.0,2000,null,null,10,1920,1080
2026-09-14T16:39:15.377Z,camera_0,1,1283.44,1239.32,44.12,746496.00,100.0,2000,null,null,10,1920,1080
2026-09-14T16:39:18.371Z,camera_0,1,7.02,0.00,7.02,746496.00,100.0,2000,null,null,10,1920,1080
2026-09-14T16:39:18.372Z,camera_1,1,4.01,0.00,4.01,746496.00,100.0,2000,null,null,10,1920,1080
2026-09-14T16:39:18.372Z,camera_0,1,648.98,637.95,11.03,746496.00,100.0,2000,null,null,10,1920,1080
2026-09-14T16:39:21.374Z,camera_0,1,1.00,0.00,1.00,746496.00,100.0,2000,null,null,10,1920,1080
2026-09-14T16:39:21.374Z,camera_0,1,645.35,640.34,5.01,746496.00,100.0,2000,null,null,10,1920,1080
2026-09-14T16:39:21.374Z,camera_1,1,4.01,0.00,4.01,746496.00,100.0,2000,null,null,10,1920,1080
2026-09-14T16:39:24.464Z,camera_0,1,29.58,0.00,29.58,746496.00,100.0,2000,null,null,10,1920,1080
2026-09-14T16:39:24.464Z,camera_1,1,104.78,0.00,104.78,746496.00,100.0,2000,null,null,10,1920,1080
2026-09-14T16:39:24.465Z,camera_0,1,943.99,809.63,134.36,746496.00,100.0,2000,null,null,10,1920,1080
2026-09-14T16:39:27.372Z,camera_0,1,8.52,0.00,8.52,746496.00,100.0,2000,null,null,10,1920,1080
2026-09-14T16:39:27.373Z,camera_1,1,24.06,0.00,24.06,746496.00,100.0,2000,null,null,10,1920,1080
2026-09-14T16:39:27.374Z,camera_0,1,1195.44,1162.86,32.59,746496.00,100.0,2000,null,null,10,1920,1080
2026-09-14T16:39:30.375Z,camera_0,1,26.07,0.00,26.07,746496.00,100.0,2000,null,null,10,1920,1080
2026-09-14T16:39:30.376Z,camera_1,1,5.51,0.00,5.51,746496.00,100.0,2000,null,null,10,1920,1080
2026-09-14T16:39:30.376Z,camera_0,1,838.53,806.94,31.58,746496.00,100.0,2000,null,null,10,1920,1080
2026-09-14T16:39:33.377Z,camera_0,1,8.52,0.00,8.52,746496.00,100.0,2000,null,null,10,1920,1080
2026-09-14T16:39:33.377Z,camera_1,1,0.00,0.00,0.00,746496.00,100.0,2000,null,null,10,1920,1080
2026-09-14T16:39:33.378Z,camera_0,1,1266.85,1258.33,8.52,746496.00,100.0,2000,null,null,10,1920,1080
2026-09-14T16:39:36.380Z,camera_1,1,3.51,0.00,3.51,746496.00,100.0,2000,null,null,10,1920,1080
2026-09-14T16:39:36.381Z,camera_0,1,1072.15,1065.14,7.02,746496.00,100.0,2000,null,null,10,1920,1080
2026-09-14T16:39:36.380Z,camera_0,1,3.51,0.00,3.51,746496.00,100.0,2000,null,null,10,1920,1080
2026-09-14T16:39:39.399Z,camera_0,1,26.07,0.00,26.07,746496.00,100.0,2000,null,null,10,1920,1080
2026-09-14T16:39:39.402Z,camera_1,1,216.58,0.00,216.58,746496.00,100.0,2000,null,null,10,1920,1080
2026-09-14T16:39:39.402Z,camera_0,1,1223.06,980.42,242.65,746496.00,100.0,2000,null,null,10,1920,1080
2026-09-14T16:39:42.396Z,camera_0,1,9.02,0.00,9.02,746496.00,100.0,2000,null,null,10,1920,1080
2026-09-14T16:39:42.397Z,camera_1,1,7.02,0.00,7.02,746496.00,100.0,2000,null,null,10,1920,1080
2026-09-14T16:39:42.397Z,camera_0,1,757.67,741.62,16.04,746496.00,100.0,2000,null,null,10,1920,1080
2026-09-14T16:39:45.586Z,camera_1,1,33.59,0.00,33.59,746496.00,100.0,2000,null,null,10,1920,1080
2026-09-14T16:39:45.585Z,camera_0,1,4.01,0.00,4.01,746496.00,100.0,2000,null,null,10,1920,1080
2026-09-14T16:39:45.587Z,camera_0,1,780.34,742.74,37.60,746496.00,100.0,2000,null,null,10,1920,1080
2026-09-14T16:39:48.609Z,camera_0,1,25.07,0.00,25.07,746496.00,100.0,2000,null,null,10,1920,1080
2026-09-14T16:39:48.610Z,camera_1,1,7.02,0.00,7.02,746496.00,100.0,2000,null,null,10,1920,1080
2026-09-14T16:39:48.610Z,camera_0,1,913.92,881.84,32.09,746496.00,100.0,2000,null,null,10,1920,1080
2026-09-14T16:39:51.604Z,camera_0,1,8.52,0.00,8.52,746496.00,100.0,2000,null,null,10,1920,1080
2026-09-14T16:39:51.604Z,camera_1,1,2.51,0.00,2.51,746496.00,100.0,2000,null,null,10,1920,1080
2026-09-14T16:39:51.606Z,camera_0,1,654.43,643.40,11.03,746496.00,100.0,2000,null,null,10,1920,1080
2026-09-14T16:39:54.604Z,camera_0,1,5.51,0.00,5.51,746496.00,100.0,2000,null,null,10,1920,1080
2026-09-14T16:39:54.604Z,camera_1,1,0.00,0.00,0.00,746496.00,100.0,2000,null,null,10,1920,1080
2026-09-14T16:39:54.605Z,camera_0,1,742.31,736.79,5.51,746496.00,100.0,2000,null,null,10,1920,1080
2026-09-14T16:39:57.604Z,camera_0,1,27.57,0.00,27.57,746496.00,100.0,2000,null,null,10,1920,1080
2026-09-14T16:39:57.605Z,camera_1,1,176.97,0.00,176.97,746496.00,100.0,2000,null,null,10,1920,1080
2026-09-14T16:39:57.605Z,camera_0,1,1020.66,816.12,204.54,746496.00,100.0,2000,null,null,10,1920,1080
2026-09-14T16:40:00.607Z,camera_0,1,9.53,0.00,9.53,746496.00,100.0,2000,null,null,10,1920,1080
2026-09-14T16:40:00.609Z,camera_1,1,4.01,0.00,4.01,746496.00,100.0,2000,null,null,10,1920,1080
2026-09-14T16:40:00.609Z,camera_0,1,717.90,704.36,13.54,746496.00,100.0,2000,null,null,10,1920,1080
2026-09-14T16:40:03.608Z,camera_0,1,4.01,0.00,4.01,746496.00,100.0,2000,null,null,10,1920,1080
2026-09-14T16:40:03.610Z,camera_1,1,5.51,0.00,5.51,746496.00,100.0,2000,null,null,10,1920,1080
2026-09-14T16:40:03.613Z,camera_0,1,858.21,848.69,9.53,746496.00,100.0,2000,null,null,10,1920,1080
2026-09-14T16:40:06.610Z,camera_0,1,24.06,0.00,24.06,746496.00,100.0,2000,null,null,10,1920,1080
2026-09-14T16:40:06.611Z,camera_1,1,15.54,0.00,15.54,746496.00,100.0,2000,null,null,10,1920,1080
2026-09-14T16:40:06.613Z,camera_0,1,766.04,726.43,39.61,746496.00,100.0,2000,null,null,10,1920,1080
2026-09-14T16:40:09.610Z,camera_0,1,6.02,0.00,6.02,746496.00,100.0,2000,null,null,10,1920,1080
2026-09-14T16:40:09.610Z,camera_1,1,42.11,0.00,42.11,746496.00,100.0,2000,null,null,10,1920,1080
2026-09-14T16:40:09.614Z,camera_0,1,1105.60,1057.47,48.13,746496.00,100.0,2000,null,null,10,1920,1080
2026-09-14T16:40:12.609Z,camera_0,1,12.03,0.00,12.03,746496.00,100.0,2000,null,null,10,1920,1080
2026-09-14T16:40:12.610Z,camera_1,1,120.82,0.00,120.82,746496.00,100.0,2000,null,null,10,1920,1080
2026-09-14T16:40:12.610Z,camera_0,1,708.22,575.37,132.85,746496.00,100.0,2000,null,null,10,1920,1080
2026-09-14T16:40:15.611Z,camera_0,1,6.02,0.00,6.02,746496.00,100.0,2000,null,null,10,1920,1080
2026-09-14T16:40:15.612Z,camera_1,1,192.01,0.00,192.01,746496.00,100.0,2000,null,null,10,1920,1080
2026-09-14T16:40:15.612Z,camera_0,1,1218.07,1020.05,198.03,746496.00,100.0,2000,null,null,10,1920,1080
2026-09-14T16:40:18.617Z,camera_0,1,25.07,0.00,25.07,746496.00,100.0,2000,null,null,10,1920,1080
2026-09-14T16:40:18.618Z,camera_1,1,38.10,0.00,38.10,746496.00,100.0,2000,null,null,10,1920,1080
2026-09-14T16:40:18.618Z,camera_0,1,822.45,759.28,63.17,746496.00,100.0,2000,null,null,10,1920,1080
2026-09-14T16:40:21.669Z,camera_0,1,6.02,0.00,6.02,746496.00,100.0,2000,null,null,10,1920,1080
2026-09-14T16:40:21.674Z,camera_1,1,31.08,0.00,31.08,746496.00,100.0,2000,null,null,10,1920,1080
2026-09-14T16:40:21.674Z,camera_0,1,884.36,847.26,37.10,746496.00,100.0,2000,null,null,10,1920,1080
2026-09-14T16:40:24.661Z,camera_0,1,8.02,0.00,8.02,746496.00,100.0,2000,null,null,10,1920,1080
2026-09-14T16:40:24.661Z,camera_1,1,140.87,0.00,140.87,746496.00,100.0,2000,null,null,10,1920,1080
2026-09-14T16:40:24.665Z,camera_0,1,1106.77,957.87,148.90,746496.00,100.0,2000,null,null,10,1920,1080
2026-09-14T16:40:27.662Z,camera_0,1,0.00,0.00,0.00,746496.00,100.0,2000,null,null,10,1920,1080
2026-09-14T16:40:27.663Z,camera_1,1,38.60,0.00,38.60,746496.00,100.0,2000,null,null,10,1920,1080
2026-09-14T16:40:27.663Z,camera_0,1,355.62,317.02,38.60,746496.00,100.0,2000,null,null,10,1920,1080
2026-09-14T16:40:30.663Z,camera_1,1,26.07,0.00,26.07,746496.00,100.0,2000,null,null,10,1920,1080
2026-09-14T16:40:30.663Z,camera_0,1,36.10,0.00,36.10,746496.00,100.0,2000,null,null,10,1920,1080
2026-09-14T16:40:30.667Z,camera_0,1,906.15,843.99,62.17,746496.00,100.0,2000,null,null,10,1920,1080
2026-09-14T16:40:33.818Z,camera_0,1,3.01,0.00,3.01,746496.00,100.0,2000,null,null,10,1920,1080
2026-09-14T16:40:33.819Z,camera_1,1,232.12,0.00,232.12,746496.00,100.0,2000,null,null,10,1920,1080
2026-09-14T16:40:33.819Z,camera_0,1,1381.46,1146.33,235.13,746496.00,100.0,2000,null,null,10,1920,1080
2026-09-14T16:40:36.812Z,camera_0,1,1.00,0.00,1.00,746496.00,100.0,2000,null,null,10,1920,1080
2026-09-14T16:40:36.813Z,camera_1,1,21.56,0.00,21.56,746496.00,100.0,2000,null,null,10,1920,1080
2026-09-14T16:40:36.814Z,camera_0,1,908.24,885.68,22.56,746496.00,100.0,2000,null,null,10,1920,1080
2026-09-14T16:40:39.911Z,camera_0,1,33.59,0.00,33.59,746496.00,100.0,2000,null,null,10,1920,1080
2026-09-14T16:40:39.912Z,camera_1,1,0.00,0.00,0.00,746496.00,100.0,2000,null,null,10,1920,1080
2026-09-14T16:40:39.919Z,camera_0,1,726.06,692.47,33.59,746496.00,100.0,2000,null,null,10,1920,1080
2026-09-14T16:40:42.912Z,camera_0,1,10.53,0.00,10.53,746496.00,100.0,2000,null,null,10,1920,1080
2026-09-14T16:40:42.914Z,camera_1,1,170.95,0.00,170.95,746496.00,100.0,2000,null,null,10,1920,1080
2026-09-14T16:40:42.914Z,camera_0,1,1179.91,998.43,181.48,746496.00,100.0,2000,null,null,10,1920,1080
2026-09-14T16:40:45.912Z,camera_0,1,1.00,0.00,1.00,746496.00,100.0,2000,null,null,10,1920,1080
2026-09-14T16:40:45.920Z,camera_1,1,110.79,0.00,110.79,746496.00,100.0,2000,null,null,10,1920,1080
2026-09-14T16:40:45.921Z,camera_0,1,944.51,832.71,111.80,746496.00,100.0,2000,null,null,10,1920,1080
2026-09-14T16:40:48.915Z,camera_0,1,31.58,0.00,31.58,746496.00,100.0,2000,null,null,10,1920,1080
2026-09-14T16:40:48.919Z,camera_1,1,71.19,0.00,71.19,746496.00,100.0,2000,null,null,10,1920,1080
2026-09-14T16:40:48.919Z,camera_0,1,971.37,868.60,102.77,746496.00,100.0,2000,null,null,10,1920,1080
2026-09-14T16:40:51.915Z,camera_0,1,7.02,0.00,7.02,746496.00,100.0,2000,null,null,10,1920,1080
2026-09-14T16:40:51.916Z,camera_1,1,7.52,0.00,7.52,746496.00,100.0,2000,null,null,10,1920,1080
2026-09-14T16:40:51.918Z,camera_0,1,1319.62,1305.08,14.54,746496.00,100.0,2000,null,null,10,1920,1080
2026-09-14T16:40:54.922Z,camera_0,1,5.51,0.00,5.51,746496.00,100.0,2000,null,null,10,1920,1080
2026-09-14T16:40:54.923Z,camera_1,1,8.02,0.00,8.02,746496.00,100.0,2000,null,null,10,1920,1080
2026-09-14T16:40:54.923Z,camera_0,1,847.36,833.83,13.54,746496.00,100.0,2000,null,null,10,1920,1080
2026-09-14T16:40:57.925Z,camera_0,1,1.00,0.00,1.00,746496.00,100.0,2000,null,null,10,1920,1080
2026-09-14T16:40:57.926Z,camera_1,1,166.44,0.00,166.44,746496.00,100.0,2000,null,null,10,1920,1080
2026-09-14T16:40:57.933Z,camera_0,1,557.58,390.14,167.45,746496.00,100.0,2000,null,null,10,1920,1080
2026-09-14T16:41:00.982Z,camera_0,1,34.09,0.00,34.09,746496.00,100.0,2000,null,null,10,1920,1080
2026-09-14T16:41:00.983Z,camera_1,1,13.54,0.00,13.54,746496.00,100.0,2000,null,null,10,1920,1080
2026-09-14T16:41:00.983Z,camera_0,1,1057.73,1010.10,47.63,746496.00,100.0,2000,null,null,10,1920,1080
2026-09-14T16:41:03.981Z,camera_0,1,9.53,0.00,9.53,746496.00,100.0,2000,null,null,10,1920,1080
2026-09-14T16:41:03.984Z,camera_1,1,32.59,0.00,32.59,746496.00,100.0,2000,null,null,10,1920,1080
2026-09-14T16:41:03.984Z,camera_0,1,1181.14,1139.03,42.11,746496.00,100.0,2000,null,null,10,1920,1080
2026-09-14T16:41:06.985Z,camera_0,1,1.00,0.00,1.00,746496.00,100.0,2000,null,null,10,1920,1080
2026-09-14T16:41:06.986Z,camera_1,1,4.51,0.00,4.51,746496.00,100.0,2000,null,null,10,1920,1080
2026-09-14T16:41:06.986Z,camera_0,1,574.98,569.47,5.51,746496.00,100.0,2000,null,null,10,1920,1080
2026-09-14T16:41:10.089Z,camera_0,1,35.09,0.00,35.09,746496.00,100.0,2000,null,null,10,1920,1080
2026-09-14T16:41:10.089Z,camera_1,1,159.42,0.00,159.42,746496.00,100.0,2000,null,null,10,1920,1080
2026-09-14T16:41:10.090Z,camera_0,1,759.47,564.96,194.52,746496.00,100.0,2000,null,null,10,1920,1080
2026-09-14T16:41:13.236Z,camera_0,1,26.07,0.00,26.07,746496.00,100.0,2000,null,null,10,1920,1080
2026-09-14T16:41:13.236Z,camera_1,1,115.31,0.00,115.31,746496.00,100.0,2000,null,null,10,1920,1080
2026-09-14T16:41:13.237Z,camera_0,1,812.86,671.48,141.38,746496.00,100.0,2000,null,null,10,1920,1080
2026-09-14T16:41:16.218Z,camera_0,1,5.51,0.00,5.51,746496.00,100.0,2000,null,null,10,1920,1080
2026-09-14T16:41:16.219Z,camera_1,1,5.01,0.00,5.01,746496.00,100.0,2000,null,null,10,1920,1080
2026-09-14T16:41:16.224Z,camera_0,1,844.82,834.30,10.53,746496.00,100.0,2000,null,null,10,1920,1080
2026-09-14T16:41:19.218Z,camera_0,1,34.09,0.00,34.09,746496.00,100.0,2000,null,null,10,1920,1080
2026-09-14T16:41:19.220Z,camera_1,1,8.52,0.00,8.52,746496.00,100.0,2000,null,null,10,1920,1080
2026-09-14T16:41:19.220Z,camera_0,1,616.14,573.53,42.61,746496.00,100.0,2000,null,null,10,1920,1080
2026-09-14T16:41:22.219Z,camera_1,1,16.04,0.00,16.04,746496.00,100.0,2000,null,null,10,1920,1080
2026-09-14T16:41:22.220Z,camera_0,1,684.50,658.43,26.07,746496.00,100.0,2000,null,null,10,1920,1080
2026-09-14T16:41:22.219Z,camera_0,1,10.03,0.00,10.03,746496.00,100.0,2000,null,null,10,1920,1080
2026-09-14T16:41:25.223Z,camera_0,1,4.01,0.00,4.01,746496.00,100.0,2000,null,null,10,1920,1080
2026-09-14T16:41:25.224Z,camera_0,1,1147.26,975.80,171.46,746496.00,100.0,2000,null,null,10,1920,1080
2026-09-14T16:41:25.224Z,camera_1,1,167.45,0.00,167.45,746496.00,100.0,2000,null,null,10,1920,1080
2026-09-14T16:41:28.224Z,camera_0,1,33.09,0.00,33.09,746496.00,100.0,2000,null,null,10,1920,1080
2026-09-14T16:41:28.224Z,camera_1,1,6.02,0.00,6.02,746496.00,100.0,2000,null,null,10,1920,1080
2026-09-14T16:41:28.225Z,camera_0,1,902.75,863.64,39.10,746496.00,100.0,2000,null,null,10,1920,1080
2026-09-14T16:41:31.225Z,camera_0,1,4.51,0.00,4.51,746496.00,100.0,2000,null,null,10,1920,1080
2026-09-14T16:41:31.229Z,camera_1,1,10.03,0.00,10.03,746496.00,100.0,2000,null,null,10,1920,1080
2026-09-14T16:41:31.230Z,camera_0,1,974.41,959.87,14.54,746496.00,100.0,2000,null,null,10,1920,1080
2026-09-14T16:41:34.225Z,camera_0,1,3.51,0.00,3.51,746496.00,100.0,2000,null,null,10,1920,1080
2026-09-14T16:41:34.230Z,camera_1,1,95.75,0.00,95.75,746496.00,100.0,2000,null,null,10,1920,1080
2026-09-14T16:41:34.230Z,camera_0,1,1094.88,995.62,99.26,746496.00,100.0,2000,null,null,10,1920,1080
2026-09-14T16:41:37.329Z,camera_0,1,29.08,0.00,29.08,746496.00,100.0,2000,null,null,10,1920,1080
2026-09-14T16:41:37.333Z,camera_1,1,9.53,0.00,9.53,746496.00,100.0,2000,null,null,10,1920,1080
2026-09-14T16:41:37.335Z,camera_0,1,1065.50,1026.90,38.60,746496.00,100.0,2000,null,null,10,1920,1080
2026-09-14T16:41:40.491Z,camera_0,1,8.52,0.00,8.52,746496.00,100.0,2000,null,null,10,1920,1080
2026-09-14T16:41:40.492Z,camera_1,1,6.52,0.00,6.52,746496.00,100.0,2000,null,null,10,1920,1080
2026-09-14T16:41:40.492Z,camera_0,1,913.49,898.45,15.04,746496.00,100.0,2000,null,null,10,1920,1080
2026-09-14T16:41:43.491Z,camera_0,1,3.01,0.00,3.01,746496.00,100.0,2000,null,null,10,1920,1080
2026-09-14T16:41:43.491Z,camera_1,1,0.00,0.00,0.00,746496.00,100.0,2000,null,null,10,1920,1080
2026-09-14T16:41:43.492Z,camera_0,1,931.64,928.63,3.01,746496.00,100.0,2000,null,null,10,1920,1080
2026-09-14T16:41:46.492Z,camera_0,1,31.08,0.00,31.08,746496.00,100.0,2000,null,null,10,1920,1080
2026-09-14T16:41:46.492Z,camera_1,1,130.85,0.00,130.85,746496.00,100.0,2000,null,null,10,1920,1080
2026-09-14T16:41:46.492Z,camera_0,1,1086.25,924.31,161.93,746496.00,100.0,2000,null,null,10,1920,1080
2026-09-14T16:41:49.499Z,camera_0,1,8.02,0.00,8.02,746496.00,100.0,2000,null,null,10,1920,1080
2026-09-14T16:41:49.499Z,camera_1,1,67.68,0.00,67.68,746496.00,100.0,2000,null,null,10,1920,1080
2026-09-14T16:41:49.500Z,camera_0,1,1312.31,1236.61,75.70,746496.00,100.0,2000,null,null,10,1920,1080
2026-09-14T16:41:52.501Z,camera_0,1,3.01,0.00,3.01,746496.00,100.0,2000,null,null,10,1920,1080
2026-09-14T16:41:52.501Z,camera_1,1,100.27,0.00,100.27,746496.00,100.0,2000,null,null,10,1920,1080
2026-09-14T16:41:52.503Z,camera_0,1,1036.08,932.81,103.27,746496.00,100.0,2000,null,null,10,1920,1080
2026-09-14T16:41:55.503Z,camera_0,1,1.00,0.00,1.00,746496.00,100.0,2000,null,null,10,1920,1080
2026-09-14T16:41:55.534Z,camera_1,1,34.59,0.00,34.59,746496.00,100.0,2000,null,null,10,1920,1080
2026-09-14T16:41:55.534Z,camera_0,1,869.74,834.14,35.59,746496.00,100.0,2000,null,null,10,1920,1080
2026-09-14T16:41:58.549Z,camera_0,1,30.58,0.00,30.58,746496.00,100.0,2000,null,null,10,1920,1080
2026-09-14T16:41:58.549Z,camera_1,1,27.57,0.00,27.57,746496.00,100.0,2000,null,null,10,1920,1080
2026-09-14T16:41:58.550Z,camera_0,1,1219.42,1161.27,58.15,746496.00,100.0,2000,null,null,10,1920,1080
2026-09-14T16:42:01.647Z,camera_0,1,9.02,0.00,9.02,746496.00,100.0,2000,null,null,10,1920,1080
2026-09-14T16:42:01.647Z,camera_1,1,0.00,0.00,0.00,746496.00,100.0,2000,null,null,10,1920,1080
2026-09-14T16:42:01.648Z,camera_0,1,694.59,685.57,9.02,746496.00,100.0,2000,null,null,10,1920,1080
2026-09-14T16:42:04.649Z,camera_1,1,291.27,0.00,291.27,746496.00,100.0,2000,null,null,10,1920,1080
2026-09-14T16:42:04.649Z,camera_0,1,1.00,0.00,1.00,746496.00,100.0,2000,null,null,10,1920,1080
2026-09-14T16:42:04.649Z,camera_0,1,978.49,686.21,292.28,746496.00,100.0,2000,null,null,10,1920,1080
2026-09-14T16:42:07.649Z,camera_0,1,28.07,0.00,28.07,746496.00,100.0,2000,null,null,10,1920,1080
2026-09-14T16:42:07.649Z,camera_1,1,156.92,0.00,156.92,746496.00,100.0,2000,null,null,10,1920,1080
2026-09-14T16:42:07.649Z,camera_0,1,1025.22,840.23,184.99,746496.00,100.0,2000,null,null,10,1920,1080
2026-09-14T16:42:10.655Z,camera_0,1,5.01,0.00,5.01,746496.00,100.0,2000,null,null,10,1920,1080
2026-09-14T16:42:10.655Z,camera_1,1,26.07,0.00,26.07,746496.00,100.0,2000,null,null,10,1920,1080
2026-09-14T16:42:10.656Z,camera_0,1,1167.31,1136.22,31.08,746496.00,100.0,2000,null,null,10,1920,1080
2026-09-14T16:42:13.658Z,camera_0,1,7.52,0.00,7.52,746496.00,100.0,2000,null,null,10,1920,1080
2026-09-14T16:42:13.659Z,camera_1,1,21.06,0.00,21.06,746496.00,100.0,2000,null,null,10,1920,1080
2026-09-14T16:42:13.662Z,camera_0,1,1103.85,1075.27,28.58,746496.00,100.0,2000,null,null,10,1920,1080
2026-09-14T16:42:16.699Z,camera_0,1,28.58,0.00,28.58,746496.00,100.0,2000,null,null,10,1920,1080
2026-09-14T16:42:16.699Z,camera_1,1,0.00,0.00,0.00,746496.00,100.0,2000,null,null,10,1920,1080
2026-09-14T16:42:16.699Z,camera_0,1,962.76,934.18,28.58,746496.00,100.0,2000,null,null,10,1920,1080
2026-09-14T16:42:19.701Z,camera_0,1,5.01,0.00,5.01,746496.00,100.0,2000,null,null,10,1920,1080
2026-09-14T16:42:19.702Z,camera_1,1,228.61,0.00,228.61,746496.00,100.0,2000,null,null,10,1920,1080
2026-09-14T16:42:19.702Z,camera_0,1,1434.69,1201.07,233.62,746496.00,100.0,2000,null,null,10,1920,1080
2026-09-14T16:42:22.701Z,camera_0,1,7.52,0.00,7.52,746496.00,100.0,2000,null,null,10,1920,1080
2026-09-14T16:42:22.702Z,camera_1,1,32.59,0.00,32.59,746496.00,100.0,2000,null,null,10,1920,1080
2026-09-14T16:42:22.702Z,camera_0,1,1233.10,1192.99,40.11,746496.00,100.0,2000,null,null,10,1920,1080
2026-09-14T16:42:25.703Z,camera_0,1,1.00,0.00,1.00,746496.00,100.0,2000,null,null,10,1920,1080
2026-09-14T16:42:25.704Z,camera_1,1,219.58,0.00,219.58,746496.00,100.0,2000,null,null,10,1920,1080
2026-09-14T16:42:25.704Z,camera_0,1,714.97,494.39,220.59,746496.00,100.0,2000,null,null,10,1920,1080
2026-09-14T16:42:28.704Z,camera_0,1,29.08,0.00,29.08,746496.00,100.0,2000,null,null,10,1920,1080
2026-09-14T16:42:28.705Z,camera_1,1,15.54,0.00,15.54,746496.00,100.0,2000,null,null,10,1920,1080
2026-09-14T16:42:28.706Z,camera_0,1,1241.64,1197.02,44.62,746496.00,100.0,2000,null,null,10,1920,1080
2026-09-14T16:42:31.705Z,camera_0,1,6.02,0.00,6.02,746496.00,100.0,2000,null,null,10,1920,1080
2026-09-14T16:42:31.707Z,camera_1,1,11.53,0.00,11.53,746496.00,100.0,2000,null,null,10,1920,1080
2026-09-14T16:42:31.707Z,camera_0,1,1825.97,1808.42,17.55,746496.00,100.0,2000,null,null,10,1920,1080
2026-09-14T16:42:34.706Z,camera_1,1,0.00,0.00,0.00,746496.00,100.0,2000,null,null,10,1920,1080
2026-09-14T16:42:34.706Z,camera_0,1,3.01,0.00,3.01,746496.00,100.0,2000,null,null,10,1920,1080
2026-09-14T16:42:34.707Z,camera_0,1,798.57,795.56,3.01,746496.00,100.0,2000,null,null,10,1920,1080
2026-09-14T16:42:37.849Z,camera_0,1,26.07,0.00,26.07,746496.00,100.0,2000,null,null,10,1920,1080
2026-09-14T16:42:37.850Z,camera_1,1,268.21,0.00,268.21,746496.00,100.0,2000,null,null,10,1920,1080
2026-09-14T16:42:37.850Z,camera_0,1,1758.09,1463.81,294.28,746496.00,100.0,2000,null,null,10,1920,1080
2026-09-14T16:42:40.850Z,camera_0,1,4.51,0.00,4.51,746496.00,100.0,2000,null,null,10,1920,1080
2026-09-14T16:42:40.850Z,camera_1,1,20.05,0.00,20.05,746496.00,100.0,2000,null,null,10,1920,1080
2026-09-14T16:42:40.851Z,camera_0,1,2038.26,2013.70,24.57,746496.00,100.0,2000,null,null,10,1920,1080
2026-09-14T16:42:43.853Z,camera_0,1,2.51,0.00,2.51,746496.00,100.0,2000,null,null,10,1920,1080
2026-09-14T16:42:43.853Z,camera_1,1,113.30,0.00,113.30,746496.00,100.0,2000,null,null,10,1920,1080
2026-09-14T16:42:43.854Z,camera_0,1,2435.51,2319.70,115.81,746496.00,100.0,2000,null,null,10,1920,1080
2026-09-14T16:42:47.002Z,camera_0,1,32.59,0.00,32.59,746496.00,100.0,2000,null,null,10,1920,1080
2026-09-14T16:42:47.003Z,camera_1,1,203.54,0.00,203.54,746496.00,100.0,2000,null,null,10,1920,1080
2026-09-14T16:42:47.005Z,camera_0,1,1822.57,1586.44,236.13,746496.00,100.0,2000,null,null,10,1920,1080
2026-09-14T16:42:50.003Z,camera_0,1,3.51,0.00,3.51,746496.00,100.0,2000,null,null,10,1920,1080
2026-09-14T16:42:50.003Z,camera_1,1,255.18,0.00,255.18,746496.00,100.0,2000,null,null,10,1920,1080
2026-09-14T16:42:50.004Z,camera_0,1,2156.77,1898.08,258.69,746496.00,100.0,2000,null,null,10,1920,1080
2026-09-14T16:42:53.006Z,camera_0,1,35.59,0.00,35.59,746496.00,100.0,2000,null,null,10,1920,1080
2026-09-14T16:42:53.006Z,camera_1,1,6.52,0.00,6.52,746496.00,100.0,2000,null,null,10,1920,1080
2026-09-14T16:42:53.007Z,camera_0,1,1494.31,1452.19,42.11,746496.00,100.0,2000,null,null,10,1920,1080
2026-09-14T16:42:56.005Z,camera_0,1,6.52,0.00,6.52,746496.00,100.0,2000,null,null,10,1920,1080
2026-09-14T16:42:56.006Z,camera_0,1,1212.84,915.55,297.29,746496.00,100.0,2000,null,null,10,1920,1080
2026-09-14T16:42:56.005Z,camera_1,1,290.77,0.00,290.77,746496.00,100.0,2000,null,null,10,1920,1080
2026-09-14T16:42:59.103Z,camera_0,1,34.59,0.00,34.59,746496.00,100.0,2000,null,null,10,1920,1080
2026-09-14T16:42:59.106Z,camera_1,1,43.11,0.00,43.11,746496.00,100.0,2000,null,null,10,1920,1080
2026-09-14T16:42:59.106Z,camera_0,1,2585.90,2508.19,77.71,746496.00,100.0,2000,null,null,10,1920,1080
2026-09-14T16:43:02.125Z,camera_0,1,9.02,0.00,9.02,746496.00,100.0,2000,null,null,10,1920,1080
2026-09-14T16:43:02.125Z,camera_1,1,251.17,0.00,251.17,746496.00,100.0,2000,null,null,10,1920,1080
2026-09-14T16:43:02.125Z,camera_0,1,2115.91,1855.72,260.19,746496.00,100.0,2000,null,null,10,1920,1080
2026-09-14T16:43:05.158Z,camera_0,1,3.01,0.00,3.01,746496.00,100.0,2000,null,null,10,1920,1080
2026-09-14T16:43:05.159Z,camera_1,1,5.51,0.00,5.51,746496.00,100.0,2000,null,null,10,1920,1080
2026-09-14T16:43:05.159Z,camera_0,1,2215.18,2206.65,8.52,746496.00,100.0,2000,null,null,10,1920,1080
2026-09-14T16:43:08.158Z,camera_0,1,33.59,0.00,33.59,746496.00,100.0,2000,null,null,10,1920,1080
2026-09-14T16:43:08.158Z,camera_1,1,465.74,0.00,465.74,746496.00,99.9,2000,null,null,10,1920,1080
2026-09-14T16:43:08.158Z,camera_0,1,1818.38,1319.05,499.33,746496.00,99.9,2000,null,null,10,1920,1080
2026-09-14T16:43:11.156Z,camera_0,1,12.03,0.00,12.03,746496.00,100.0,2000,null,null,10,1920,1080
2026-09-14T16:43:11.156Z,camera_1,1,144.89,0.00,144.89,746496.00,100.0,2000,null,null,10,1920,1080
2026-09-14T16:43:11.159Z,camera_0,1,3069.77,2912.85,156.92,746496.00,100.0,2000,null,null,10,1920,1080
2026-09-14T16:43:14.280Z,camera_0,1,4.01,0.00,4.01,746496.00,100.0,2000,null,null,10,1920,1080
2026-09-14T16:43:14.281Z,camera_1,1,2.51,0.00,2.51,746496.00,100.0,2000,null,null,10,1920,1080
2026-09-14T16:43:14.281Z,camera_0,1,1872.81,1866.29,6.52,746496.00,100.0,2000,null,null,10,1920,1080
2026-09-14T16:43:17.280Z,camera_0,1,35.59,0.00,35.59,746496.00,100.0,2000,null,null,10,1920,1080
2026-09-14T16:43:17.280Z,camera_1,1,372.16,0.00,372.16,746496.00,100.0,2000,null,null,10,1920,1080
2026-09-14T16:43:17.282Z,camera_0,1,1748.87,1341.11,407.75,746496.00,99.9,2000,null,null,10,1920,1080
2026-09-14T16:43:20.280Z,camera_0,1,8.02,0.00,8.02,746496.00,100.0,2000,null,null,10,1920,1080
2026-09-14T16:43:20.280Z,camera_1,1,18.05,0.00,18.05,746496.00,100.0,2000,null,null,10,1920,1080
2026-09-14T16:43:20.280Z,camera_0,1,2851.14,2825.07,26.07,746496.00,100.0,2000,null,null,10,1920,1080
2026-09-14T16:43:23.286Z,camera_0,1,3.51,0.00,3.51,746496.00,100.0,2000,null,null,10,1920,1080
2026-09-14T16:43:23.287Z,camera_1,1,134.86,0.00,134.86,746496.00,100.0,2000,null,null,10,1920,1080
2026-09-14T16:43:23.287Z,camera_0,1,1617.04,1478.67,138.37,746496.00,100.0,2000,null,null,10,1920,1080
2026-09-14T16:43:26.509Z,camera_0,1,36.10,0.00,36.10,746496.00,100.0,2000,null,null,10,1920,1080
2026-09-14T16:43:26.509Z,camera_1,1,11.53,0.00,11.53,746496.00,100.0,2000,null,null,10,1920,1080
2026-09-14T16:43:26.510Z,camera_0,1,1639.68,1592.05,47.63,746496.00,100.0,2000,null,null,10,1920,1080
2026-09-14T16:43:29.507Z,camera_0,1,9.02,0.00,9.02,746496.00,100.0,2000,null,null,10,1920,1080
2026-09-14T16:43:29.507Z,camera_1,1,7.02,0.00,7.02,746496.00,100.0,2000,null,null,10,1920,1080
2026-09-14T16:43:29.507Z,camera_0,1,1214.59,1198.55,16.04,746496.00,100.0,2000,null,null,10,1920,1080
2026-09-14T16:43:32.509Z,camera_0,1,1.00,0.00,1.00,746496.00,100.0,2000,null,null,10,1920,1080
2026-09-14T16:43:32.509Z,camera_1,1,398.73,0.00,398.73,746496.00,99.9,2000,null,null,10,1920,1080
2026-09-14T16:43:32.509Z,camera_0,1,1564.93,1165.20,399.73,746496.00,99.9,2000,null,null,10,1920,1080
2026-09-14T16:43:35.513Z,camera_0,1,40.61,0.00,40.61,746496.00,100.0,2000,null,null,10,1920,1080
2026-09-14T16:43:35.513Z,camera_1,1,9.02,0.00,9.02,746496.00,100.0,2000,null,null,10,1920,1080
2026-09-14T16:43:35.514Z,camera_0,1,2182.04,2132.41,49.63,746496.00,100.0,2000,null,null,10,1920,1080
2026-09-14T16:43:38.518Z,camera_0,1,5.01,0.00,5.01,746496.00,100.0,2000,null,null,10,1920,1080
2026-09-14T16:43:38.519Z,camera_1,1,178.98,0.00,178.98,746496.00,100.0,2000,null,null,10,1920,1080
2026-09-14T16:43:38.519Z,camera_0,1,1934.45,1750.46,183.99,746496.00,100.0,2000,null,null,10,1920,1080
2026-09-14T16:43:41.520Z,camera_0,1,1.00,0.00,1.00,746496.00,100.0,2000,null,null,10,1920,1080
2026-09-14T16:43:41.521Z,camera_1,1,11.53,0.00,11.53,746496.00,100.0,2000,null,null,10,1920,1080
2026-09-14T16:43:41.524Z,camera_0,1,1794.72,1782.18,12.53,746496.00,100.0,2000,null,null,10,1920,1080
2026-09-14T16:43:44.522Z,camera_0,1,45.62,0.00,45.62,746496.00,100.0,2000,null,null,10,1920,1080
2026-09-14T16:43:44.524Z,camera_1,1,383.69,0.00,383.69,746496.00,99.9,2000,null,null,10,1920,1080
2026-09-14T16:43:44.528Z,camera_0,1,2404.81,1975.50,429.31,746496.00,99.9,2000,null,null,10,1920,1080
2026-09-14T16:43:47.523Z,camera_0,1,1.00,0.00,1.00,746496.00,100.0,2000,null,null,10,1920,1080
2026-09-14T16:43:47.523Z,camera_1,1,142.88,0.00,142.88,746496.00,100.0,2000,null,null,10,1920,1080
2026-09-14T16:43:47.523Z,camera_0,1,3184.65,3040.76,143.88,746496.00,100.0,2000,null,null,10,1920,1080
2026-09-14T16:43:50.585Z,camera_0,1,45.12,0.00,45.12,746496.00,100.0,2000,null,null,10,1920,1080
2026-09-14T16:43:50.585Z,camera_1,1,3.01,0.00,3.01,746496.00,100.0,2000,null,null,10,1920,1080
2026-09-14T16:43:50.586Z,camera_0,1,1712.38,1664.25,48.13,746496.00,100.0,2000,null,null,10,1920,1080
2026-09-14T16:43:53.579Z,camera_0,1,3.51,0.00,3.51,746496.00,100.0,2000,null,null,10,1920,1080
2026-09-14T16:43:53.579Z,camera_1,1,383.19,0.00,383.19,746496.00,99.9,2000,null,null,10,1920,1080
2026-09-14T16:43:53.580Z,camera_0,1,2559.18,2172.49,386.70,746496.00,99.9,2000,null,null,10,1920,1080
2026-09-14T16:43:56.580Z,camera_0,1,43.62,0.00,43.62,746496.00,100.0,2000,null,null,10,1920,1080
2026-09-14T16:43:56.580Z,camera_1,1,142.38,0.00,142.38,746496.00,100.0,2000,null,null,10,1920,1080
2026-09-14T16:43:56.582Z,camera_0,1,2612.43,2426.44,185.99,746496.00,100.0,2000,null,null,10,1920,1080
2026-09-14T16:43:59.580Z,camera_1,1,14.04,0.00,14.04,746496.00,100.0,2000,null,null,10,1920,1080
2026-09-14T16:43:59.580Z,camera_0,1,4.01,0.00,4.01,746496.00,100.0,2000,null,null,10,1920,1080
2026-09-14T16:43:59.580Z,camera_0,1,1932.21,1914.17,18.05,746496.00,100.0,2000,null,null,10,1920,1080
2026-09-14T16:44:02.581Z,camera_0,1,43.62,0.00,43.62,746496.00,100.0,2000,null,null,10,1920,1080
2026-09-14T16:44:02.582Z,camera_1,1,437.16,0.00,437.16,746496.00,99.9,2000,null,null,10,1920,1080
2026-09-14T16:44:02.582Z,camera_0,1,3391.75,2910.98,480.78,746496.00,99.9,2000,null,null,10,1920,1080
2026-09-14T16:44:05.582Z,camera_0,1,36.60,0.00,36.60,746496.00,100.0,2000,null,null,10,1920,1080
2026-09-14T16:44:05.582Z,camera_1,1,134.86,0.00,134.86,746496.00,100.0,2000,null,null,10,1920,1080
2026-09-14T16:44:05.583Z,camera_0,1,2807.60,2636.14,171.46,746496.00,100.0,2000,null,null,10,1920,1080
2026-09-14T16:44:08.612Z,camera_0,1,13.03,0.00,13.03,746496.00,100.0,2000,null,null,10,1920,1080
2026-09-14T16:44:08.612Z,camera_1,1,7.52,0.00,7.52,746496.00,100.0,2000,null,null,10,1920,1080
2026-09-14T16:44:08.612Z,camera_0,1,2243.18,2222.62,20.55,746496.00,100.0,2000,null,null,10,1920,1080
2026-09-14T16:44:11.680Z,camera_0,1,33.59,0.00,33.59,746496.00,100.0,2000,null,null,10,1920,1080
2026-09-14T16:44:11.680Z,camera_1,1,385.53,0.00,385.53,746496.00,99.9,2000,null,null,10,1920,1080
2026-09-14T16:44:11.681Z,camera_0,1,3386.82,2967.71,419.11,746496.00,99.9,2000,null,null,10,1920,1080
2026-09-14T16:44:14.681Z,camera_0,1,12.53,0.00,12.53,746496.00,100.0,2000,null,null,10,1920,1080
2026-09-14T16:44:14.681Z,camera_1,1,133.86,0.00,133.86,746496.00,100.0,2000,null,null,10,1920,1080
2026-09-14T16:44:14.682Z,camera_0,1,2029.75,1883.36,146.39,746496.00,100.0,2000,null,null,10,1920,1080
2026-09-14T16:44:17.818Z,camera_0,1,42.11,0.00,42.11,746496.00,100.0,2000,null,null,10,1920,1080
2026-09-14T16:44:17.819Z,camera_1,1,363.47,0.00,363.47,746496.00,100.0,2000,null,null,10,1920,1080
2026-09-14T16:44:17.819Z,camera_0,1,1418.16,1012.58,405.58,746496.00,99.9,2000,null,null,10,1920,1080
2026-09-14T16:44:20.870Z,camera_0,1,33.09,0.00,33.09,746496.00,100.0,2000,null,null,10,1920,1080
2026-09-14T16:44:20.873Z,camera_1,1,25.57,0.00,25.57,746496.00,100.0,2000,null,null,10,1920,1080
2026-09-14T16:44:20.874Z,camera_0,1,1314.68,1256.03,58.66,746496.00,100.0,2000,null,null,10,1920,1080
2026-09-14T16:44:23.868Z,camera_0,1,1.50,0.00,1.50,746496.00,100.0,2000,null,null,10,1920,1080
2026-09-14T16:44:23.868Z,camera_1,1,128.34,0.00,128.34,746496.00,100.0,2000,null,null,10,1920,1080
2026-09-14T16:44:23.868Z,camera_0,1,609.68,479.83,129.85,746496.00,100.0,2000,null,null,10,1920,1080
2026-09-14T16:44:26.870Z,camera_0,1,32.09,0.00,32.09,746496.00,100.0,2000,null,null,10,1920,1080
2026-09-14T16:44:26.870Z,camera_1,1,356.45,0.00,356.45,746496.00,100.0,2000,null,null,10,1920,1080
2026-09-14T16:44:26.871Z,camera_0,1,1124.93,736.39,388.53,746496.00,99.9,2000,null,null,10,1920,1080
2026-09-14T16:44:29.871Z,camera_0,1,19.05,0.00,19.05,746496.00,100.0,2000,null,null,10,1920,1080
2026-09-14T16:44:29.871Z,camera_1,1,102.27,0.00,102.27,746496.00,100.0,2000,null,null,10,1920,1080
2026-09-14T16:44:29.872Z,camera_0,1,1379.32,1257.99,121.32,746496.00,100.0,2000,null,null,10,1920,1080
2026-09-14T16:44:32.871Z,camera_0,1,44.62,0.00,44.62,746496.00,100.0,2000,null,null,10,1920,1080
2026-09-14T16:44:32.873Z,camera_1,1,16.54,0.00,16.54,746496.00,100.0,2000,null,null,10,1920,1080
2026-09-14T16:44:32.873Z,camera_0,1,929.60,868.44,61.16,746496.00,100.0,2000,null,null,10,1920,1080
2026-09-14T16:44:35.870Z,camera_0,1,32.59,0.00,32.59,746496.00,100.0,2000,null,null,10,1920,1080
2026-09-14T16:44:35.871Z,camera_1,1,32.59,0.00,32.59,746496.00,100.0,2000,null,null,10,1920,1080
2026-09-14T16:44:35.871Z,camera_0,1,921.86,856.69,65.17,746496.00,100.0,2000,null,null,10,1920,1080
2026-09-14T16:44:38.886Z,camera_0,1,15.04,0.00,15.04,746496.00,100.0,2000,null,null,10,1920,1080
2026-09-14T16:44:38.887Z,camera_1,1,3.51,0.00,3.51,746496.00,100.0,2000,null,null,10,1920,1080
2026-09-14T16:44:38.887Z,camera_0,1,1031.40,1012.85,18.55,746496.00,100.0,2000,null,null,10,1920,1080
2026-09-14T16:44:41.931Z,camera_0,1,34.59,0.00,34.59,746496.00,100.0,2000,null,null,10,1920,1080
2026-09-14T16:44:41.931Z,camera_1,1,0.00,0.00,0.00,746496.00,100.0,2000,null,null,10,1920,1080
2026-09-14T16:44:41.933Z,camera_0,1,1526.83,1492.23,34.59,746496.00,100.0,2000,null,null,10,1920,1080
2026-09-14T16:44:44.934Z,camera_0,1,52.14,0.00,52.14,746496.00,100.0,2000,null,null,10,1920,1080
2026-09-14T16:44:44.934Z,camera_1,1,17.55,0.00,17.55,746496.00,100.0,2000,null,null,10,1920,1080
2026-09-14T16:44:44.934Z,camera_0,1,1109.36,1039.68,69.69,746496.00,100.0,2000,null,null,10,1920,1080
2026-09-14T16:44:47.932Z,camera_0,1,11.53,0.00,11.53,110592.00,100.0,2000,null,null,120,640,480
2026-09-14T16:44:47.932Z,camera_1,1,0.00,0.00,0.00,110592.00,100.0,2000,null,null,120,640,480
2026-09-14T16:44:47.932Z,camera_0,1,1710.05,1698.52,11.53,110592.00,100.0,2000,null,null,120,640,480
2026-09-14T16:44:51.061Z,camera_0,1,49.63,0.00,49.63,746496.00,100.0,2000,null,null,10,1920,1080
2026-09-14T16:44:51.061Z,camera_0,1,1837.93,1788.29,49.63,746496.00,100.0,2000,null,null,10,1920,1080
2026-09-14T16:44:51.061Z,camera_1,1,0.00,0.00,0.00,746496.00,100.0,2000,null,null,10,1920,1080
2026-09-14T16:44:54.110Z,camera_0,1,44.12,0.00,44.12,746496.00,100.0,2000,null,null,10,1920,1080
2026-09-14T16:44:54.111Z,camera_1,1,13.54,0.00,13.54,746496.00,100.0,2000,null,null,10,1920,1080
2026-09-14T16:44:54.111Z,camera_0,1,1765.04,1707.39,57.65,746496.00,100.0,2000,null,null,10,1920,1080
2026-09-14T16:44:57.185Z,camera_0,1,43.62,0.00,43.62,746496.00,100.0,2000,null,null,10,1920,1080
2026-09-14T16:44:57.189Z,camera_1,1,8.52,0.00,8.52,746496.00,100.0,2000,null,null,10,1920,1080
2026-09-14T16:44:57.190Z,camera_0,1,1425.86,1373.72,52.14,746496.00,100.0,2000,null,null,10,1920,1080
2026-09-14T16:45:00.184Z,camera_0,1,14.04,0.00,14.04,110592.00,100.0,2000,null,null,120,640,480
2026-09-14T16:45:00.187Z,camera_1,1,8.52,0.00,8.52,110592.00,100.0,2000,null,null,120,640,480
2026-09-14T16:45:00.187Z,camera_0,1,1524.00,1501.44,22.56,110592.00,100.0,2000,null,null,120,640,480
2026-09-14T16:45:03.246Z,camera_0,1,49.63,0.00,49.63,746496.00,100.0,2000,null,null,10,1920,1080
2026-09-14T16:45:03.246Z,camera_0,1,1743.22,1685.57,57.65,746496.00,100.0,2000,null,null,10,1920,1080
2026-09-14T16:45:03.246Z,camera_1,1,8.02,0.00,8.02,746496.00,100.0,2000,null,null,10,1920,1080
2026-09-14T16:45:06.246Z,camera_0,1,48.63,0.00,48.63,746496.00,100.0,2000,null,null,10,1920,1080
2026-09-14T16:45:06.247Z,camera_1,1,7.02,0.00,7.02,746496.00,100.0,2000,null,null,10,1920,1080
2026-09-14T16:45:06.249Z,camera_0,1,1660.18,1604.54,55.65,746496.00,100.0,2000,null,null,10,1920,1080
2026-09-14T16:45:09.248Z,camera_0,1,40.61,0.00,40.61,110592.00,100.0,2000,null,null,120,640,480
2026-09-14T16:45:09.249Z,camera_1,1,8.52,0.00,8.52,110592.00,100.0,2000,null,null,120,640,480
2026-09-14T16:45:09.250Z,camera_0,1,1423.85,1374.72,49.13,110592.00,100.0,2000,null,null,120,640,480
2026-09-14T16:45:12.246Z,camera_0,1,8.52,0.00,8.52,110592.00,100.0,2000,null,null,120,640,480
2026-09-14T16:45:12.247Z,camera_1,1,7.02,0.00,7.02,110592.00,100.0,2000,null,null,120,640,480
2026-09-14T16:45:12.248Z,camera_0,1,1447.50,1431.96,15.54,110592.00,100.0,2000,null,null,120,640,480
2026-09-14T16:45:15.249Z,camera_0,1,48.63,0.00,48.63,110592.00,100.0,2000,null,null,120,640,480
2026-09-14T16:45:15.249Z,camera_1,1,8.52,0.00,8.52,110592.00,100.0,2000,null,null,120,640,480
2026-09-14T16:45:15.249Z,camera_0,1,1748.94,1691.78,57.15,110592.00,99.9,2000,null,null,120,640,480
2026-09-14T16:45:18.251Z,camera_0,1,51.14,0.00,51.14,110592.00,100.0,2000,null,null,120,640,480
2026-09-14T16:45:18.252Z,camera_1,1,9.02,0.00,9.02,110592.00,100.0,2000,null,null,120,640,480
2026-09-14T16:45:18.252Z,camera_0,1,1754.79,1694.63,60.16,110592.00,99.9,2000,null,null,120,640,480
2026-09-14T16:45:21.261Z,camera_0,1,41.11,0.00,41.11,746496.00,100.0,2000,null,null,10,1920,1080
2026-09-14T16:45:21.264Z,camera_1,1,8.02,0.00,8.02,746496.00,100.0,2000,null,null,10,1920,1080
2026-09-14T16:45:21.264Z,camera_0,1,1587.82,1538.69,49.13,746496.00,100.0,2000,null,null,10,1920,1080
2026-09-14T16:45:24.368Z,camera_0,1,42.61,0.00,42.61,746496.00,100.0,2000,null,null,10,1920,1080
2026-09-14T16:45:24.371Z,camera_1,1,9.02,0.00,9.02,746496.00,100.0,2000,null,null,10,1920,1080
2026-09-14T16:45:24.371Z,camera_0,1,1484.35,1432.71,51.64,746496.00,100.0,2000,null,null,10,1920,1080
2026-09-14T16:45:27.364Z,camera_0,1,14.54,0.00,14.54,110592.00,100.0,2000,null,null,120,640,480
2026-09-14T16:45:27.366Z,camera_0,1,1716.60,1692.03,24.57,110592.00,100.0,2000,null,null,120,640,480
2026-09-14T16:45:27.366Z,camera_1,1,10.03,0.00,10.03,110592.00,100.0,2000,null,null,120,640,480
2026-09-14T16:45:30.431Z,camera_0,1,48.63,0.00,48.63,746496.00,100.0,2000,null,null,10,1920,1080
2026-09-14T16:45:30.432Z,camera_1,1,8.52,0.00,8.52,746496.00,100.0,2000,null,null,10,1920,1080
2026-09-14T16:45:30.432Z,camera_0,1,1812.78,1755.63,57.15,746496.00,100.0,2000,null,null,10,1920,1080
2026-09-14T16:45:33.432Z,camera_0,1,45.62,0.00,45.62,110592.00,100.0,2000,null,null,120,640,480
2026-09-14T16:45:33.432Z,camera_1,1,9.02,0.00,9.02,110592.00,100.0,2000,null,null,120,640,480
2026-09-14T16:45:33.433Z,camera_0,1,1496.72,1442.07,54.65,110592.00,100.0,2000,null,null,120,640,480
2026-09-14T16:45:36.432Z,camera_0,1,40.61,0.00,40.61,746496.00,100.0,2000,null,null,10,1920,1080
2026-09-14T16:45:36.433Z,camera_1,1,8.02,0.00,8.02,746496.00,100.0,2000,null,null,10,1920,1080
2026-09-14T16:45:36.433Z,camera_0,1,1673.48,1624.85,48.63,746496.00,100.0,2000,null,null,10,1920,1080
2026-09-14T16:45:39.433Z,camera_0,1,12.53,0.00,12.53,746496.00,100.0,2000,null,null,10,1920,1080
2026-09-14T16:45:39.433Z,camera_1,1,16.54,0.00,16.54,746496.00,100.0,2000,null,null,10,1920,1080
2026-09-14T16:45:39.434Z,camera_0,1,1531.87,1502.79,29.08,746496.00,100.0,2000,null,null,10,1920,1080
2026-09-14T16:45:42.468Z,camera_0,1,44.62,0.00,44.62,110592.00,100.0,2000,null,null,120,640,480
2026-09-14T16:45:42.468Z,camera_1,1,10.53,0.00,10.53,110592.00,100.0,2000,null,null,120,640,480
2026-09-14T16:45:42.472Z,camera_0,1,1836.44,1781.29,55.15,110592.00,100.0,2000,null,null,120,640,480
2026-09-14T16:45:45.470Z,camera_0,1,42.11,0.00,42.11,110592.00,100.0,2000,null,null,120,640,480
2026-09-14T16:45:45.470Z,camera_1,1,10.03,0.00,10.03,110592.00,100.0,2000,null,null,120,640,480
2026-09-14T16:45:45.471Z,camera_0,1,1626.77,1574.63,52.14,110592.00,100.0,2000,null,null,120,640,480
2026-09-14T16:45:48.472Z,camera_0,1,11.03,0.00,11.03,110592.00,100.0,2000,null,null,120,640,480
2026-09-14T16:45:48.478Z,camera_1,1,9.02,0.00,9.02,110592.00,100.0,2000,null,null,120,640,480
2026-09-14T16:45:48.478Z,camera_0,1,1468.01,1447.95,20.05,110592.00,100.0,2000,null,null,120,640,480
2026-09-14T16:45:51.470Z,camera_0,1,48.63,0.00,48.63,110592.00,100.0,2000,null,null,120,640,480
2026-09-14T16:45:51.471Z,camera_1,1,6.02,0.00,6.02,110592.00,100.0,2000,null,null,120,640,480
2026-09-14T16:45:51.471Z,camera_0,1,1329.41,1274.76,54.65,110592.00,100.0,2000,null,null,120,640,480
2026-09-14T16:45:54.473Z,camera_1,1,7.52,0.00,7.52,746496.00,100.0,2000,null,null,10,1920,1080
2026-09-14T16:45:54.473Z,camera_0,1,34.59,0.00,34.59,746496.00,100.0,2000,null,null,10,1920,1080
2026-09-14T16:45:54.474Z,camera_0,1,1208.54,1166.43,42.11,746496.00,100.0,2000,null,null,10,1920,1080
2026-09-14T16:45:57.478Z,camera_0,1,14.54,0.00,14.54,110592.00,100.0,2000,null,null,120,640,480
2026-09-14T16:45:57.479Z,camera_1,1,6.02,0.00,6.02,110592.00,100.0,2000,null,null,120,640,480
2026-09-14T16:45:57.480Z,camera_0,1,1298.36,1277.80,20.55,110592.00,100.0,2000,null,null,120,640,480
2026-09-14T16:46:00.500Z,camera_0,1,43.62,0.00,43.62,746496.00,100.0,2000,null,null,10,1920,1080
2026-09-14T16:46:00.500Z,camera_1,1,4.51,0.00,4.51,746496.00,100.0,2000,null,null,10,1920,1080
2026-09-14T16:46:00.501Z,camera_0,1,1319.19,1271.06,48.13,746496.00,100.0,2000,null,null,10,1920,1080
2026-09-14T16:46:03.507Z,camera_0,1,6.02,0.00,6.02,110592.00,100.0,2000,null,null,120,640,480
2026-09-14T16:46:03.509Z,camera_1,1,8.02,0.00,8.02,110592.00,100.0,2000,null,null,120,640,480
2026-09-14T16:46:03.509Z,camera_0,1,1035.48,1021.44,14.04,110592.00,100.0,2000,null,null,120,640,480
2026-09-14T16:46:06.506Z,camera_0,1,49.13,0.00,49.13,746496.00,100.0,2000,null,null,10,1920,1080
2026-09-14T16:46:06.507Z,camera_1,1,7.02,0.00,7.02,746496.00,100.0,2000,null,null,10,1920,1080
2026-09-14T16:46:06.508Z,camera_0,1,1581.69,1525.54,56.15,746496.00,100.0,2000,null,null,10,1920,1080
2026-09-14T16:46:09.507Z,camera_0,1,42.61,0.00,42.61,110592.00,100.0,2000,null,null,120,640,480
2026-09-14T16:46:09.513Z,camera_1,1,10.03,0.00,10.03,110592.00,100.0,2000,null,null,120,640,480
2026-09-14T16:46:09.513Z,camera_0,1,1750.11,1697.47,52.64,110592.00,100.0,2000,null,null,120,640,480
2026-09-14T16:46:12.506Z,camera_0,1,39.10,0.00,39.10,110592.00,100.0,2000,null,null,120,640,480
2026-09-14T16:46:12.506Z,camera_1,1,8.52,0.00,8.52,110592.00,100.0,2000,null,null,120,640,480
2026-09-14T16:46:12.508Z,camera_0,1,1413.39,1365.76,47.63,110592.00,100.0,2000,null,null,120,640,480
2026-09-14T16:46:15.507Z,camera_0,1,15.04,0.00,15.04,746496.00,100.0,2000,null,null,10,1920,1080
2026-09-14T16:46:15.508Z,camera_1,1,9.53,0.00,9.53,746496.00,100.0,2000,null,null,10,1920,1080
2026-09-14T16:46:15.508Z,camera_0,1,1587.75,1563.18,24.57,746496.00,100.0,2000,null,null,10,1920,1080
2026-09-14T16:46:18.507Z,camera_0,1,51.64,0.00,51.64,746496.00,100.0,2000,null,null,10,1920,1080
2026-09-14T16:46:18.509Z,camera_1,1,12.53,0.00,12.53,746496.00,100.0,2000,null,null,10,1920,1080
2026-09-14T16:46:18.512Z,camera_0,1,1821.62,1757.45,64.17,746496.00,100.0,2000,null,null,10,1920,1080
2026-09-14T16:46:21.507Z,camera_0,1,38.10,0.00,38.10,746496.00,100.0,2000,null,null,10,1920,1080
2026-09-14T16:46:21.508Z,camera_1,1,10.03,0.00,10.03,746496.00,100.0,2000,null,null,10,1920,1080
2026-09-14T16:46:21.508Z,camera_0,1,1541.67,1493.55,48.13,746496.00,100.0,2000,null,null,10,1920,1080
2026-09-14T16:46:24.510Z,camera_0,1,11.03,0.00,11.03,110592.00,100.0,2000,null,null,120,640,480
2026-09-14T16:46:24.510Z,camera_1,1,18.55,0.00,18.55,110592.00,100.0,2000,null,null,120,640,480
2026-09-14T16:46:24.510Z,camera_0,1,1527.12,1497.54,29.58,110592.00,100.0,2000,null,null,120,640,480
2026-09-14T16:46:27.507Z,camera_0,1,46.62,0.00,46.62,110592.00,100.0,2000,null,null,120,640,480
2026-09-14T16:46:27.509Z,camera_1,1,10.53,0.00,10.53,110592.00,100.0,2000,null,null,120,640,480
2026-09-14T16:46:27.509Z,camera_0,1,1831.23,1774.08,57.15,110592.00,99.9,2000,null,null,120,640,480
2026-09-14T16:46:30.510Z,camera_0,1,38.10,0.00,38.10,746496.00,100.0,2000,null,null,10,1920,1080
2026-09-14T16:46:30.510Z,camera_1,1,10.53,0.00,10.53,746496.00,100.0,2000,null,null,10,1920,1080
2026-09-14T16:46:30.510Z,camera_0,1,1676.27,1627.64,48.63,746496.00,100.0,2000,null,null,10,1920,1080
2026-09-14T16:46:33.508Z,camera_0,1,19.55,0.00,19.55,110592.00,100.0,2000,null,null,120,640,480
2026-09-14T16:46:33.508Z,camera_1,1,11.03,0.00,11.03,110592.00,100.0,2000,null,null,120,640,480
2026-09-14T16:46:33.509Z,camera_0,1,1470.53,1439.95,30.58,110592.00,100.0,2000,null,null,120,640,480
2026-09-14T16:46:36.509Z,camera_0,1,47.63,0.00,47.63,110592.00,100.0,2000,null,null,120,640,480
2026-09-14T16:46:36.509Z,camera_1,1,8.52,0.00,8.52,110592.00,100.0,2000,null,null,120,640,480
2026-09-14T16:46:36.512Z,camera_0,1,1817.16,1761.01,56.15,110592.00,99.9,2000,null,null,120,640,480
2026-09-14T16:46:39.509Z,camera_0,1,41.11,0.00,41.11,746496.00,100.0,2000,null,null,10,1920,1080
2026-09-14T16:46:39.509Z,camera_0,1,1541.00,1489.86,51.14,746496.00,100.0,2000,null,null,10,1920,1080
2026-09-14T16:46:39.509Z,camera_1,1,10.03,0.00,10.03,746496.00,100.0,2000,null,null,10,1920,1080
2026-09-14T17:13:48.631Z,camera_0,0,0.00,0.00,0.00,110592.00,100.0,2000,null,null,120,640,480
2026-09-14T17:13:48.633Z,camera_1,0,0.00,0.00,0.00,110592.00,100.0,2000,null,null,120,640,480
2026-09-14T17:13:48.634Z,camera_0,0,0.00,0.00,0.00,110592.00,100.0,2000,null,null,120,640,480
2026-09-14T17:13:51.632Z,camera_0,1,0.00,0.00,0.00,110592.00,100.0,2000,null,null,120,640,480
2026-09-14T17:13:51.632Z,camera_1,1,0.00,0.00,0.00,110592.00,100.0,2000,null,null,120,640,480
2026-09-14T17:13:51.632Z,camera_0,1,0.00,0.00,0.00,110592.00,100.0,2000,null,null,120,640,480
2026-09-14T17:13:54.633Z,camera_0,1,0.00,0.00,0.00,110592.00,100.0,2000,null,null,30,640,480
2026-09-14T17:13:54.633Z,camera_1,1,0.00,0.00,0.00,110592.00,100.0,2000,null,null,30,640,480
2026-09-14T17:13:54.634Z,camera_0,1,191.80,191.80,0.00,110592.00,100.0,2000,null,null,30,640,480
2026-09-14T17:13:57.634Z,camera_0,1,0.00,0.00,0.00,110592.00,100.0,2000,null,null,30,640,480
2026-09-14T17:13:57.634Z,camera_1,1,0.00,0.00,0.00,110592.00,100.0,2000,null,null,30,640,480
2026-09-14T17:13:57.635Z,camera_0,1,0.00,0.00,0.00,110592.00,100.0,2000,null,null,30,640,480
2026-09-14T17:14:00.750Z,camera_0,1,176.97,0.00,176.97,147571.20,99.9,2000,null,null,30,854,480
2026-09-14T17:14:00.751Z,camera_1,1,0.00,0.00,0.00,147571.20,100.0,2000,null,null,30,854,480
2026-09-14T17:14:00.751Z,camera_0,1,721.12,544.15,176.97,147571.20,99.9,2000,null,null,30,854,480
2026-09-14T17:14:03.754Z,camera_0,1,0.00,0.00,0.00,147571.20,100.0,2000,null,null,30,854,480
2026-09-14T17:14:03.754Z,camera_1,1,0.00,0.00,0.00,147571.20,100.0,2000,null,null,30,854,480
2026-09-14T17:14:03.754Z,camera_0,1,1370.33,1370.33,0.00,147571.20,100.0,2000,null,null,30,854,480
2026-09-14T17:14:06.756Z,camera_0,1,0.00,0.00,0.00,147571.20,100.0,2000,null,null,30,854,480
2026-09-14T17:14:06.756Z,camera_1,1,0.00,0.00,0.00,147571.20,100.0,2000,null,null,30,854,480
2026-09-14T17:14:06.757Z,camera_0,1,1025.78,1025.78,0.00,147571.20,100.0,2000,null,null,30,854,480
2026-09-14T17:14:09.757Z,camera_0,1,570.02,0.00,570.02,147571.20,99.6,2000,null,null,30,854,480
2026-09-14T17:14:09.757Z,camera_1,1,0.00,0.00,0.00,147571.20,100.0,2000,null,null,30,854,480
2026-09-14T17:14:09.758Z,camera_0,1,685.75,115.74,570.02,147571.20,99.6,2000,null,null,30,854,480
2026-09-14T17:14:12.758Z,camera_0,1,28.58,0.00,28.58,746496.00,100.0,2000,null,null,10,1920,1080
2026-09-14T17:14:12.758Z,camera_1,1,0.00,0.00,0.00,746496.00,100.0,2000,null,null,10,1920,1080
2026-09-14T17:14:12.758Z,camera_0,1,1242.09,1213.51,28.58,746496.00,100.0,2000,null,null,10,1920,1080
2026-09-14T17:14:15.759Z,camera_0,1,0.00,0.00,0.00,746496.00,100.0,2000,null,null,10,1920,1080
2026-09-14T17:14:15.759Z,camera_1,1,0.00,0.00,0.00,746496.00,100.0,2000,null,null,10,1920,1080
2026-09-14T17:14:15.759Z,camera_0,1,1211.80,1211.80,0.00,746496.00,100.0,2000,null,null,10,1920,1080
2026-09-14T17:14:18.760Z,camera_0,1,0.00,0.00,0.00,746496.00,100.0,2000,null,null,10,1920,1080
2026-09-14T17:14:18.762Z,camera_1,1,0.00,0.00,0.00,746496.00,100.0,2000,null,null,10,1920,1080
2026-09-14T17:14:18.762Z,camera_0,1,720.87,720.87,0.00,746496.00,100.0,2000,null,null,10,1920,1080
2026-09-14T17:14:21.760Z,camera_0,1,81.22,0.00,81.22,746496.00,100.0,2000,null,null,10,1920,1080
2026-09-14T17:14:21.760Z,camera_1,1,0.00,0.00,0.00,746496.00,100.0,2000,null,null,10,1920,1080
2026-09-14T17:14:21.760Z,camera_0,1,203.24,122.03,81.22,746496.00,100.0,2000,null,null,10,1920,1080
2026-09-14T17:14:24.762Z,camera_0,1,59.66,0.00,59.66,746496.00,100.0,2000,null,null,10,1920,1080
2026-09-14T17:14:24.763Z,camera_1,1,0.00,0.00,0.00,746496.00,100.0,2000,null,null,10,1920,1080
2026-09-14T17:14:24.765Z,camera_0,1,404.04,344.38,59.66,746496.00,100.0,2000,null,null,10,1920,1080
2026-09-14T17:14:27.763Z,camera_0,1,9.02,0.00,9.02,746496.00,100.0,2000,null,null,10,1920,1080
2026-09-14T17:14:27.763Z,camera_1,1,0.00,0.00,0.00,746496.00,100.0,2000,null,null,10,1920,1080
2026-09-14T17:14:27.765Z,camera_0,1,245.75,236.73,9.02,746496.00,100.0,2000,null,null,10,1920,1080
2026-09-14T17:14:30.858Z,camera_0,1,97.26,0.00,97.26,746496.00,100.0,2000,null,null,10,1920,1080
2026-09-14T17:14:30.858Z,camera_1,1,0.00,0.00,0.00,746496.00,100.0,2000,null,null,10,1920,1080
2026-09-14T17:14:30.858Z,camera_0,1,580.12,482.86,97.26,746496.00,100.0,2000,null,null,10,1920,1080
2026-09-14T17:14:33.860Z,camera_0,1,115.81,0.00,115.81,746496.00,100.0,2000,null,null,10,1920,1080
2026-09-14T17:14:33.860Z,camera_1,1,0.00,0.00,0.00,746496.00,100.0,2000,null,null,10,1920,1080
2026-09-14T17:14:33.860Z,camera_0,1,475.87,360.07,115.81,746496.00,100.0,2000,null,null,10,1920,1080
2026-09-14T17:14:36.860Z,camera_0,1,49.63,0.00,49.63,746496.00,100.0,2000,null,null,10,1920,1080
2026-09-14T17:14:36.860Z,camera_1,1,0.00,0.00,0.00,746496.00,100.0,2000,null,null,10,1920,1080
2026-09-14T17:14:36.862Z,camera_0,1,284.04,234.41,49.63,746496.00,100.0,2000,null,null,10,1920,1080
2026-09-14T17:14:39.863Z,camera_0,1,23.56,0.00,23.56,746496.00,100.0,2000,null,null,10,1920,1080
2026-09-14T17:14:39.863Z,camera_1,1,0.00,0.00,0.00,746496.00,100.0,2000,null,null,10,1920,1080
2026-09-14T17:14:39.865Z,camera_0,1,145.36,121.79,23.56,746496.00,100.0,2000,null,null,10,1920,1080
2026-09-14T17:14:42.864Z,camera_0,1,135.36,0.00,135.36,746496.00,100.0,2000,null,null,10,1920,1080
2026-09-14T17:14:42.864Z,camera_1,1,0.00,0.00,0.00,746496.00,100.0,2000,null,null,10,1920,1080
2026-09-14T17:14:42.868Z,camera_0,1,478.39,343.03,135.36,746496.00,100.0,2000,null,null,10,1920,1080
2026-09-14T17:14:45.864Z,camera_0,1,138.87,0.00,138.87,746496.00,100.0,2000,null,null,10,1920,1080
2026-09-14T17:14:45.864Z,camera_1,1,0.00,0.00,0.00,746496.00,100.0,2000,null,null,10,1920,1080
2026-09-14T17:14:45.865Z,camera_0,1,615.72,476.85,138.87,746496.00,100.0,2000,null,null,10,1920,1080
2026-09-14T17:14:48.865Z,camera_0,1,46.12,0.00,46.12,746496.00,100.0,2000,null,null,10,1920,1080
2026-09-14T17:14:48.865Z,camera_1,1,0.00,0.00,0.00,746496.00,100.0,2000,null,null,10,1920,1080
2026-09-14T17:14:48.872Z,camera_0,1,281.25,235.13,46.12,746496.00,100.0,2000,null,null,10,1920,1080
2026-09-14T17:14:52.272Z,camera_0,1,161.43,0.00,161.43,746496.00,100.0,2000,null,null,10,1920,1080
2026-09-14T17:14:52.272Z,camera_1,1,0.00,0.00,0.00,746496.00,100.0,2000,null,null,10,1920,1080
2026-09-14T17:14:52.274Z,camera_0,1,644.07,482.64,161.43,746496.00,100.0,2000,null,null,10,1920,1080
2026-09-14T17:14:55.275Z,camera_0,1,146.89,0.00,146.89,746496.00,100.0,2000,null,null,10,1920,1080
2026-09-14T17:14:55.275Z,camera_1,1,0.00,0.00,0.00,746496.00,100.0,2000,null,null,10,1920,1080
2026-09-14T17:14:55.275Z,camera_0,1,506.59,359.70,146.89,746496.00,100.0,2000,null,null,10,1920,1080
2026-09-14T17:14:58.280Z,camera_0,1,152.91,0.00,152.91,746496.00,100.0,2000,null,null,10,1920,1080
2026-09-14T17:14:58.280Z,camera_1,1,0.00,0.00,0.00,746496.00,100.0,2000,null,null,10,1920,1080
2026-09-14T17:14:58.280Z,camera_0,1,389.28,236.37,152.91,746496.00,100.0,2000,null,null,10,1920,1080
2026-09-14T17:15:01.284Z,camera_0,1,45.62,0.00,45.62,746496.00,100.0,2000,null,null,10,1920,1080
2026-09-14T17:15:01.284Z,camera_1,1,0.00,0.00,0.00,746496.00,100.0,2000,null,null,10,1920,1080
2026-09-14T17:15:01.286Z,camera_0,1,279.38,233.76,45.62,746496.00,100.0,2000,null,null,10,1920,1080
2026-09-14T17:15:04.284Z,camera_0,1,163.43,0.00,163.43,746496.00,100.0,2000,null,null,10,1920,1080
2026-09-14T17:15:04.284Z,camera_1,1,0.00,0.00,0.00,746496.00,100.0,2000,null,null,10,1920,1080
2026-09-14T17:15:04.288Z,camera_0,1,398.04,234.60,163.43,746496.00,100.0,2000,null,null,10,1920,1080
2026-09-14T17:15:07.287Z,camera_0,1,120.32,0.00,120.32,746496.00,100.0,2000,null,null,10,1920,1080
2026-09-14T17:15:07.287Z,camera_1,1,0.00,0.00,0.00,746496.00,100.0,2000,null,null,10,1920,1080
2026-09-14T17:15:07.288Z,camera_0,1,478.23,357.91,120.32,746496.00,100.0,2000,null,null,10,1920,1080
2026-09-14T17:15:10.288Z,camera_1,1,0.00,0.00,0.00,746496.00,100.0,2000,null,null,10,1920,1080
2026-09-14T17:15:10.289Z,camera_0,1,554.46,357.44,197.02,746496.00,100.0,2000,null,null,10,1920,1080
2026-09-14T17:15:10.288Z,camera_0,1,197.02,0.00,197.02,746496.00,100.0,2000,null,null,10,1920,1080
2026-09-14T17:15:13.291Z,camera_0,1,45.62,0.00,45.62,746496.00,100.0,2000,null,null,10,1920,1080
2026-09-14T17:15:13.291Z,camera_1,1,0.00,0.00,0.00,746496.00,100.0,2000,null,null,10,1920,1080
2026-09-14T17:15:13.292Z,camera_0,1,279.50,233.88,45.62,746496.00,100.0,2000,null,null,10,1920,1080
2026-09-14T17:15:16.292Z,camera_0,1,267.71,0.00,267.71,746496.00,100.0,2000,null,null,10,1920,1080
2026-09-14T17:15:16.292Z,camera_1,1,0.00,0.00,0.00,746496.00,100.0,2000,null,null,10,1920,1080
2026-09-14T17:15:16.292Z,camera_0,1,745.69,477.98,267.71,746496.00,100.0,2000,null,null,10,1920,1080
2026-09-14T17:15:19.294Z,camera_1,1,0.00,0.00,0.00,746496.00,100.0,2000,null,null,10,1920,1080
2026-09-14T17:15:19.295Z,camera_0,1,700.92,470.81,230.11,746496.00,100.0,2000,null,null,10,1920,1080
2026-09-14T17:15:19.294Z,camera_0,1,230.11,0.00,230.11,746496.00,100.0,2000,null,null,10,1920,1080
2026-09-14T17:15:22.303Z,camera_0,1,200.03,0.00,200.03,746496.00,100.0,2000,null,null,10,1920,1080
2026-09-14T17:15:22.303Z,camera_1,1,0.00,0.00,0.00,746496.00,100.0,2000,null,null,10,1920,1080
2026-09-14T17:15:22.303Z,camera_0,1,551.44,351.41,200.03,746496.00,100.0,2000,null,null,10,1920,1080
2026-09-14T17:15:25.459Z,camera_0,1,269.22,0.00,269.22,746496.00,100.0,2000,null,null,10,1920,1080
2026-09-14T17:15:25.465Z,camera_1,1,0.00,0.00,0.00,746496.00,100.0,2000,null,null,10,1920,1080
2026-09-14T17:15:25.465Z,camera_0,1,982.18,712.96,269.22,746496.00,100.0,2000,null,null,10,1920,1080
2026-09-14T17:15:28.461Z,camera_0,1,87.73,0.00,87.73,746496.00,100.0,2000,null,null,10,1920,1080
2026-09-14T17:15:28.461Z,camera_1,1,0.00,0.00,0.00,746496.00,100.0,2000,null,null,10,1920,1080
2026-09-14T17:15:28.466Z,camera_0,1,208.36,120.63,87.73,746496.00,100.0,2000,null,null,10,1920,1080
2026-09-14T17:15:31.537Z,camera_0,1,43.62,0.00,43.62,746496.00,100.0,2000,null,null,10,1920,1080
2026-09-14T17:15:31.538Z,camera_1,1,0.00,0.00,0.00,746496.00,100.0,2000,null,null,10,1920,1080
2026-09-14T17:15:31.538Z,camera_0,1,273.12,229.50,43.62,746496.00,100.0,2000,null,null,10,1920,1080
2026-09-14T17:15:34.463Z,camera_0,1,297.79,0.00,297.79,746496.00,100.0,2000,null,null,10,1920,1080
2026-09-14T17:15:34.463Z,camera_1,1,0.00,0.00,0.00,746496.00,100.0,2000,null,null,10,1920,1080
2026-09-14T17:15:34.464Z,camera_0,1,888.96,591.17,297.79,746496.00,100.0,2000,null,null,10,1920,1080
2026-09-14T17:15:37.464Z,camera_0,1,200.03,0.00,200.03,746496.00,100.0,2000,null,null,10,1920,1080
2026-09-14T17:15:37.464Z,camera_1,1,0.00,0.00,0.00,746496.00,100.0,2000,null,null,10,1920,1080
2026-09-14T17:15:37.465Z,camera_0,1,549.80,349.77,200.03,746496.00,100.0,2000,null,null,10,1920,1080
2026-09-14T17:15:40.464Z,camera_0,1,36.60,0.00,36.60,746496.00,100.0,2000,null,null,10,1920,1080
2026-09-14T17:15:40.465Z,camera_1,1,0.00,0.00,0.00,746496.00,100.0,2000,null,null,10,1920,1080
2026-09-14T17:15:40.465Z,camera_0,1,265.03,228.43,36.60,746496.00,100.0,2000,null,null,10,1920,1080
2026-09-14T17:15:43.476Z,camera_0,1,240.64,0.00,240.64,746496.00,100.0,2000,null,null,10,1920,1080
2026-09-14T17:15:43.477Z,camera_1,1,0.00,0.00,0.00,746496.00,100.0,2000,null,null,10,1920,1080
2026-09-14T17:15:43.477Z,camera_0,1,707.98,467.34,240.64,746496.00,100.0,2000,null,null,10,1920,1080
2026-09-14T17:15:46.469Z,camera_0,1,238.13,0.00,238.13,746496.00,100.0,2000,null,null,10,1920,1080
2026-09-14T17:15:46.469Z,camera_1,1,0.00,0.00,0.00,746496.00,100.0,2000,null,null,10,1920,1080
2026-09-14T17:15:46.469Z,camera_0,1,706.45,468.32,238.13,746496.00,100.0,2000,null,null,10,1920,1080
2026-09-14T17:15:49.560Z,camera_0,1,159.93,0.00,159.93,746496.00,100.0,2000,null,null,10,1920,1080
2026-09-14T17:15:49.560Z,camera_1,1,0.00,0.00,0.00,746496.00,100.0,2000,null,null,10,1920,1080
2026-09-14T17:15:49.561Z,camera_0,1,507.07,347.14,159.93,746496.00,100.0,2000,null,null,10,1920,1080
2026-09-14T17:15:52.982Z,camera_0,1,228.11,0.00,228.11,746496.00,100.0,2000,null,null,10,1920,1080
2026-09-14T17:15:52.982Z,camera_1,1,0.00,0.00,0.00,746496.00,100.0,2000,null,null,10,1920,1080
2026-09-14T17:15:52.983Z,camera_0,1,813.41,585.30,228.11,746496.00,100.0,2000,null,null,10,1920,1080
2026-09-14T17:15:55.992Z,camera_0,1,119.82,0.00,119.82,746496.00,100.0,2000,null,null,10,1920,1080
2026-09-14T17:15:55.992Z,camera_1,1,0.00,0.00,0.00,746496.00,100.0,2000,null,null,10,1920,1080
2026-09-14T17:15:55.992Z,camera_0,1,346.29,226.47,119.82,746496.00,100.0,2000,null,null,10,1920,1080
2026-09-14T17:15:58.993Z,camera_0,1,37.10,0.00,37.10,746496.00,100.0,2000,null,null,10,1920,1080
2026-09-14T17:15:58.993Z,camera_1,1,0.00,0.00,0.00,746496.00,100.0,2000,null,null,10,1920,1080
2026-09-14T17:15:58.993Z,camera_0,1,262.82,225.73,37.10,746496.00,100.0,2000,null,null,10,1920,1080
2026-09-14T17:16:01.998Z,camera_0,1,245.65,0.00,245.65,746496.00,100.0,2000,null,null,10,1920,1080
2026-09-14T17:16:01.998Z,camera_1,1,0.00,0.00,0.00,746496.00,100.0,2000,null,null,10,1920,1080
2026-09-14T17:16:01.998Z,camera_0,1,707.87,462.22,245.65,746496.00,100.0,2000,null,null,10,1920,1080
2026-09-14T17:16:05.010Z,camera_0,1,193.01,0.00,193.01,746496.00,100.0,2000,null,null,10,1920,1080
2026-09-14T17:16:05.013Z,camera_1,1,0.00,0.00,0.00,746496.00,100.0,2000,null,null,10,1920,1080
2026-09-14T17:16:05.013Z,camera_0,1,654.01,461.00,193.01,746496.00,100.0,2000,null,null,10,1920,1080
2026-09-14T17:16:08.007Z,camera_0,1,38.10,0.00,38.10,746496.00,100.0,2000,null,null,10,1920,1080
2026-09-14T17:16:08.007Z,camera_1,1,0.00,0.00,0.00,746496.00,100.0,2000,null,null,10,1920,1080
2026-09-14T17:16:08.007Z,camera_0,1,145.11,107.01,38.10,746496.00,100.0,2000,null,null,10,1920,1080
2026-09-14T17:16:11.055Z,camera_0,1,211.56,0.00,211.56,746496.00,100.0,2000,null,null,10,1920,1080
2026-09-14T17:16:11.055Z,camera_1,1,0.00,0.00,0.00,746496.00,100.0,2000,null,null,10,1920,1080
2026-09-14T17:16:11.056Z,camera_0,1,555.07,343.51,211.56,746496.00,100.0,2000,null,null,10,1920,1080
2026-09-14T17:16:14.118Z,camera_0,1,177.97,0.00,177.97,746496.00,100.0,2000,null,null,10,1920,1080
2026-09-14T17:16:14.125Z,camera_1,1,0.00,0.00,0.00,746496.00,100.0,2000,null,null,10,1920,1080
2026-09-14T17:16:14.126Z,camera_0,1,640.46,462.48,177.97,746496.00,100.0,2000,null,null,10,1920,1080
2026-09-14T17:16:17.248Z,camera_0,1,116.81,0.00,116.81,746496.00,100.0,2000,null,null,10,1920,1080
2026-09-14T17:16:17.248Z,camera_1,1,0.00,0.00,0.00,746496.00,100.0,2000,null,null,10,1920,1080
2026-09-14T17:16:17.251Z,camera_0,1,459.84,343.03,116.81,746496.00,100.0,2000,null,null,10,1920,1080
2026-09-14T17:16:20.244Z,camera_0,1,29.58,0.00,29.58,746496.00,100.0,2000,null,null,10,1920,1080
2026-09-14T17:16:20.244Z,camera_1,1,0.00,0.00,0.00,746496.00,100.0,2000,null,null,10,1920,1080
2026-09-14T17:16:20.244Z,camera_0,1,136.10,106.52,29.58,746496.00,100.0,2000,null,null,10,1920,1080
2026-09-14T17:16:23.253Z,camera_0,1,209.06,0.00,209.06,746496.00,100.0,2000,null,null,10,1920,1080
2026-09-14T17:16:23.253Z,camera_1,1,0.00,0.00,0.00,746496.00,100.0,2000,null,null,10,1920,1080
2026-09-14T17:16:23.253Z,camera_0,1,551.69,342.63,209.06,746496.00,100.0,2000,null,null,10,1920,1080
2026-09-14T17:16:26.250Z,camera_0,1,181.98,0.00,181.98,746496.00,100.0,2000,null,null,10,1920,1080
2026-09-14T17:16:26.250Z,camera_1,1,0.00,0.00,0.00,746496.00,100.0,2000,null,null,10,1920,1080
2026-09-14T17:16:26.250Z,camera_0,1,647.11,465.13,181.98,746496.00,100.0,2000,null,null,10,1920,1080
2026-09-14T17:16:29.255Z,camera_0,1,111.80,0.00,111.80,746496.00,100.0,2000,null,null,10,1920,1080
2026-09-14T17:16:29.255Z,camera_1,1,0.00,0.00,0.00,746496.00,100.0,2000,null,null,10,1920,1080
2026-09-14T17:16:29.255Z,camera_0,1,454.46,342.66,111.80,746496.00,100.0,2000,null,null,10,1920,1080
2026-09-14T17:16:32.255Z,camera_0,1,209.56,0.00,209.56,746496.00,100.0,2000,null,null,10,1920,1080
2026-09-14T17:16:32.255Z,camera_1,1,0.00,0.00,0.00,746496.00,100.0,2000,null,null,10,1920,1080
2026-09-14T17:16:32.255Z,camera_0,1,553.06,343.51,209.56,746496.00,100.0,2000,null,null,10,1920,1080
2026-09-14T17:16:35.261Z,camera_0,1,211.56,0.00,211.56,746496.00,100.0,2000,null,null,10,1920,1080
2026-09-14T17:16:35.261Z,camera_1,1,0.00,0.00,0.00,746496.00,100.0,2000,null,null,10,1920,1080
2026-09-14T17:16:35.261Z,camera_0,1,791.79,580.22,211.56,746496.00,100.0,2000,null,null,10,1920,1080
2026-09-14T17:16:38.266Z,camera_0,1,66.18,0.00,66.18,746496.00,100.0,2000,null,null,10,1920,1080
2026-09-14T17:16:38.266Z,camera_1,1,0.00,0.00,0.00,746496.00,100.0,2000,null,null,10,1920,1080
2026-09-14T17:16:38.267Z,camera_0,1,290.17,223.99,66.18,746496.00,100.0,2000,null,null,10,1920,1080
2026-09-14T17:16:41.355Z,camera_0,1,409.59,0.00,409.59,746496.00,99.9,2000,null,null,10,1920,1080
2026-09-14T17:16:41.355Z,camera_1,1,0.00,0.00,0.00,746496.00,100.0,2000,null,null,10,1920,1080
2026-09-14T17:16:41.361Z,camera_0,1,1223.89,814.30,409.59,746496.00,99.9,2000,null,null,10,1920,1080
2026-09-14T17:16:44.357Z,camera_0,1,102.77,0.00,102.77,746496.00,100.0,2000,null,null,10,1920,1080
2026-09-14T17:16:44.357Z,camera_0,1,443.21,340.43,102.77,746496.00,100.0,2000,null,null,10,1920,1080
2026-09-14T17:16:44.357Z,camera_1,1,0.00,0.00,0.00,746496.00,100.0,2000,null,null,10,1920,1080
2026-09-14T17:16:47.421Z,camera_0,1,360.96,0.00,360.96,746496.00,100.0,2000,null,null,10,1920,1080
2026-09-14T17:16:47.421Z,camera_1,1,0.00,0.00,0.00,746496.00,100.0,2000,null,null,10,1920,1080
2026-09-14T17:16:47.426Z,camera_0,1,1053.27,692.31,360.96,746496.00,100.0,2000,null,null,10,1920,1080
2026-09-14T17:16:50.423Z,camera_0,1,147.39,0.00,147.39,746496.00,100.0,2000,null,null,10,1920,1080
2026-09-14T17:16:50.424Z,camera_0,1,605.47,458.08,147.39,746496.00,100.0,2000,null,null,10,1920,1080
2026-09-14T17:16:50.423Z,camera_1,1,0.00,0.00,0.00,746496.00,100.0,2000,null,null,10,1920,1080
2026-09-14T17:16:53.423Z,camera_0,1,370.99,0.00,370.99,746496.00,100.0,2000,null,null,10,1920,1080
2026-09-14T17:16:53.424Z,camera_1,1,0.00,0.00,0.00,746496.00,100.0,2000,null,null,10,1920,1080
2026-09-14T17:16:53.424Z,camera_0,1,1063.75,692.77,370.99,746496.00,100.0,2000,null,null,10,1920,1080
2026-09-14T17:16:56.426Z,camera_0,1,145.39,0.00,145.39,746496.00,100.0,2000,null,null,10,1920,1080
2026-09-14T17:16:56.426Z,camera_1,1,0.00,0.00,0.00,746496.00,100.0,2000,null,null,10,1920,1080
2026-09-14T17:16:56.427Z,camera_0,1,602.00,456.62,145.39,746496.00,100.0,2000,null,null,10,1920,1080
2026-09-14T17:16:59.428Z,camera_0,1,390.54,0.00,390.54,746496.00,99.9,2000,null,null,10,1920,1080
2026-09-14T17:16:59.428Z,camera_1,1,0.00,0.00,0.00,746496.00,100.0,2000,null,null,10,1920,1080
2026-09-14T17:16:59.428Z,camera_0,1,1200.27,809.73,390.54,746496.00,99.9,2000,null,null,10,1920,1080
2026-09-14T17:17:02.428Z,camera_0,1,265.71,0.00,265.71,746496.00,100.0,2000,null,null,10,1920,1080
2026-09-14T17:17:02.428Z,camera_1,1,0.00,0.00,0.00,746496.00,100.0,2000,null,null,10,1920,1080
2026-09-14T17:17:02.428Z,camera_0,1,603.15,337.45,265.71,746496.00,100.0,2000,null,null,10,1920,1080
2026-09-14T17:17:05.431Z,camera_0,1,251.67,0.00,251.67,746496.00,100.0,2000,null,null,10,1920,1080
2026-09-14T17:17:05.431Z,camera_1,1,0.00,0.00,0.00,746496.00,100.0,2000,null,null,10,1920,1080
2026-09-14T17:17:05.431Z,camera_0,1,1049.75,798.08,251.67,746496.00,100.0,2000,null,null,10,1920,1080
2026-09-14T17:17:08.432Z,camera_0,1,303.81,0.00,303.81,746496.00,100.0,2000,null,null,10,1920,1080
2026-09-14T17:17:08.432Z,camera_1,1,0.00,0.00,0.00,746496.00,100.0,2000,null,null,10,1920,1080
2026-09-14T17:17:08.432Z,camera_0,1,780.87,477.06,303.81,746496.00,100.0,2000,null,null,10,1920,1080
2026-09-14T17:17:11.434Z,camera_0,1,251.67,0.00,251.67,746496.00,100.0,2000,null,null,10,1920,1080
2026-09-14T17:17:11.434Z,camera_1,1,0.00,0.00,0.00,746496.00,100.0,2000,null,null,10,1920,1080
2026-09-14T17:17:11.438Z,camera_0,1,1115.17,863.50,251.67,746496.00,100.0,2000,null,null,10,1920,1080
2026-09-14T17:17:14.505Z,camera_0,1,239.64,0.00,239.64,746496.00,100.0,2000,null,null,10,1920,1080
2026-09-14T17:17:14.505Z,camera_1,1,0.00,0.00,0.00,746496.00,100.0,2000,null,null,10,1920,1080
2026-09-14T17:17:14.505Z,camera_0,1,727.34,487.70,239.64,746496.00,100.0,2000,null,null,10,1920,1080
2026-09-14T17:17:17.504Z,camera_0,1,243.15,0.00,243.15,746496.00,100.0,2000,null,null,10,1920,1080
2026-09-14T17:17:17.504Z,camera_1,1,0.00,0.00,0.00,746496.00,100.0,2000,null,null,10,1920,1080
2026-09-14T17:17:17.504Z,camera_0,1,978.54,735.39,243.15,746496.00,100.0,2000,null,null,10,1920,1080
2026-09-14T17:17:20.512Z,camera_0,1,281.25,0.00,281.25,746496.00,100.0,2000,null,null,10,1920,1080
2026-09-14T17:17:20.512Z,camera_1,1,0.00,0.00,0.00,746496.00,100.0,2000,null,null,10,1920,1080
2026-09-14T17:17:20.516Z,camera_0,1,765.24,483.99,281.25,746496.00,100.0,2000,null,null,10,1920,1080
2026-09-14T17:17:23.508Z,camera_0,1,283.75,0.00,283.75,746496.00,100.0,2000,null,null,10,1920,1080
2026-09-14T17:17:23.508Z,camera_1,1,0.00,0.00,0.00,746496.00,100.0,2000,null,null,10,1920,1080
2026-09-14T17:17:23.508Z,camera_0,1,1010.41,726.65,283.75,746496.00,100.0,2000,null,null,10,1920,1080
2026-09-14T17:17:26.510Z,camera_0,1,261.19,0.00,261.19,746496.00,100.0,2000,null,null,10,1920,1080
2026-09-14T17:17:26.510Z,camera_0,1,742.25,481.06,261.19,746496.00,100.0,2000,null,null,10,1920,1080
2026-09-14T17:17:26.510Z,camera_1,1,0.00,0.00,0.00,746496.00,100.0,2000,null,null,10,1920,1080
2026-09-14T17:17:29.508Z,camera_0,1,272.73,0.00,272.73,746496.00,100.0,2000,null,null,10,1920,1080
2026-09-14T17:17:29.508Z,camera_1,1,0.00,0.00,0.00,746496.00,100.0,2000,null,null,10,1920,1080
2026-09-14T17:17:29.508Z,camera_0,1,998.85,726.13,272.73,746496.00,100.0,2000,null,null,10,1920,1080
2026-09-14T17:17:32.511Z,camera_0,1,210.06,0.00,210.06,746496.00,100.0,2000,null,null,10,1920,1080
2026-09-14T17:17:32.511Z,camera_1,1,0.00,0.00,0.00,746496.00,100.0,2000,null,null,10,1920,1080
2026-09-14T17:17:32.512Z,camera_0,1,692.86,482.80,210.06,746496.00,100.0,2000,null,null,10,1920,1080
2026-09-14T17:17:35.514Z,camera_0,1,265.21,0.00,265.21,746496.00,100.0,2000,null,null,10,1920,1080
2026-09-14T17:17:35.514Z,camera_1,1,0.00,0.00,0.00,746496.00,100.0,2000,null,null,10,1920,1080
2026-09-14T17:17:35.518Z,camera_0,1,992.02,726.81,265.21,746496.00,100.0,2000,null,null,10,1920,1080
2026-09-14T17:17:38.522Z,camera_0,1,208.55,0.00,208.55,746496.00,100.0,2000,null,null,10,1920,1080
2026-09-14T17:17:38.522Z,camera_1,1,0.00,0.00,0.00,746496.00,100.0,2000,null,null,10,1920,1080
2026-09-14T17:17:38.523Z,camera_0,1,696.58,488.02,208.55,746496.00,100.0,2000,null,null,10,1920,1080
2026-09-14T17:17:41.527Z,camera_0,1,235.13,0.00,235.13,746496.00,100.0,2000,null,null,10,1920,1080
2026-09-14T17:17:41.527Z,camera_1,1,0.00,0.00,0.00,746496.00,100.0,2000,null,null,10,1920,1080
2026-09-14T17:17:41.572Z,camera_0,1,971.95,736.82,235.13,746496.00,100.0,2000,null,null,10,1920,1080
2026-09-14T17:17:44.585Z,camera_0,1,248.16,0.00,248.16,746496.00,100.0,2000,null,null,10,1920,1080
2026-09-14T17:17:44.585Z,camera_1,1,0.00,0.00,0.00,746496.00,100.0,2000,null,null,10,1920,1080
2026-09-14T17:17:44.585Z,camera_0,1,741.02,492.86,248.16,746496.00,100.0,2000,null,null,10,1920,1080
2026-09-14T17:17:47.586Z,camera_0,1,265.21,0.00,265.21,746496.00,100.0,2000,null,null,10,1920,1080
2026-09-14T17:17:47.586Z,camera_1,1,0.00,0.00,0.00,746496.00,100.0,2000,null,null,10,1920,1080
2026-09-14T17:17:47.591Z,camera_0,1,1008.72,743.51,265.21,746496.00,100.0,2000,null,null,10,1920,1080
2026-09-14T17:17:50.588Z,camera_0,1,211.06,0.00,211.06,746496.00,100.0,2000,null,null,10,1920,1080
2026-09-14T17:17:50.590Z,camera_1,1,0.00,0.00,0.00,746496.00,100.0,2000,null,null,10,1920,1080
2026-09-14T17:17:50.590Z,camera_0,1,697.49,486.43,211.06,746496.00,100.0,2000,null,null,10,1920,1080
2026-09-14T17:17:53.586Z,camera_0,1,273.23,0.00,273.23,746496.00,100.0,2000,null,null,10,1920,1080
2026-09-14T17:17:53.586Z,camera_1,1,0.00,0.00,0.00,746496.00,100.0,2000,null,null,10,1920,1080
2026-09-14T17:17:53.586Z,camera_0,1,1003.38,730.15,273.23,746496.00,100.0,2000,null,null,10,1920,1080
2026-09-14T17:17:56.587Z,camera_0,1,169.95,0.00,169.95,746496.00,100.0,2000,null,null,10,1920,1080
2026-09-14T17:17:56.587Z,camera_1,1,0.00,0.00,0.00,746496.00,100.0,2000,null,null,10,1920,1080
2026-09-14T17:17:56.590Z,camera_0,1,530.63,360.68,169.95,746496.00,100.0,2000,null,null,10,1920,1080
2026-09-14T17:17:59.588Z,camera_0,1,242.14,0.00,242.14,746496.00,100.0,2000,null,null,10,1920,1080
2026-09-14T17:17:59.588Z,camera_1,1,0.00,0.00,0.00,746496.00,100.0,2000,null,null,10,1920,1080
2026-09-14T17:17:59.588Z,camera_0,1,970.37,728.22,242.14,746496.00,100.0,2000,null,null,10,1920,1080
2026-09-14T17:18:02.744Z,camera_0,1,101.27,0.00,101.27,746496.00,100.0,2000,null,null,10,1920,1080
2026-09-14T17:18:02.744Z,camera_1,1,0.00,0.00,0.00,746496.00,100.0,2000,null,null,10,1920,1080
2026-09-14T17:18:02.744Z,camera_0,1,460.26,358.99,101.27,746496.00,100.0,2000,null,null,10,1920,1080
2026-09-14T17:18:05.753Z,camera_0,1,239.64,0.00,239.64,746496.00,100.0,2000,null,null,10,1920,1080
2026-09-14T17:18:05.753Z,camera_1,1,0.00,0.00,0.00,746496.00,100.0,2000,null,null,10,1920,1080
2026-09-14T17:18:05.755Z,camera_0,1,716.09,476.45,239.64,746496.00,100.0,2000,null,null,10,1920,1080
2026-09-14T17:18:08.755Z,camera_0,1,211.56,0.00,211.56,746496.00,100.0,2000,null,null,10,1920,1080
2026-09-14T17:18:08.755Z,camera_1,1,0.00,0.00,0.00,746496.00,100.0,2000,null,null,10,1920,1080
2026-09-14T17:18:08.755Z,camera_0,1,699.48,487.92,211.56,746496.00,100.0,2000,null,null,10,1920,1080
2026-09-14T17:18:11.759Z,camera_0,1,272.22,0.00,272.22,746496.00,100.0,2000,null,null,10,1920,1080
2026-09-14T17:18:11.759Z,camera_1,1,0.00,0.00,0.00,746496.00,100.0,2000,null,null,10,1920,1080
2026-09-14T17:18:11.759Z,camera_0,1,1035.45,763.22,272.22,746496.00,100.0,2000,null,null,10,1920,1080
2026-09-14T17:18:14.759Z,camera_0,1,208.55,0.00,208.55,746496.00,100.0,2000,null,null,10,1920,1080
2026-09-14T17:18:14.759Z,camera_1,1,0.00,0.00,0.00,746496.00,100.0,2000,null,null,10,1920,1080
2026-09-14T17:18:14.761Z,camera_0,1,846.02,637.46,208.55,746496.00,100.0,2000,null,null,10,1920,1080
2026-09-14T17:18:17.759Z,camera_1,1,0.00,0.00,0.00,746496.00,100.0,2000,null,null,10,1920,1080
2026-09-14T17:18:17.759Z,camera_0,1,202.04,0.00,202.04,746496.00,100.0,2000,null,null,10,1920,1080
2026-09-14T17:18:17.760Z,camera_0,1,582.37,380.34,202.04,746496.00,100.0,2000,null,null,10,1920,1080
2026-09-14T17:18:20.795Z,camera_0,1,240.64,0.00,240.64,746496.00,100.0,2000,null,null,10,1920,1080
2026-09-14T17:18:20.796Z,camera_1,1,0.00,0.00,0.00,746496.00,100.0,2000,null,null,10,1920,1080
2026-09-14T17:18:20.797Z,camera_0,1,1005.47,764.83,240.64,746496.00,100.0,2000,null,null,10,1920,1080
2026-09-14T17:18:23.796Z,camera_0,1,73.19,0.00,73.19,746496.00,100.0,2000,null,null,10,1920,1080
2026-09-14T17:18:23.796Z,camera_1,1,0.00,0.00,0.00,746496.00,100.0,2000,null,null,10,1920,1080
2026-09-14T17:18:23.798Z,camera_0,1,324.48,251.28,73.19,746496.00,100.0,2000,null,null,10,1920,1080
2026-09-14T17:18:26.805Z,camera_0,1,398.56,0.00,398.56,746496.00,99.9,2000,null,null,10,1920,1080
2026-09-14T17:18:26.805Z,camera_1,1,0.00,0.00,0.00,746496.00,100.0,2000,null,null,10,1920,1080
2026-09-14T17:18:26.806Z,camera_0,1,1134.41,735.85,398.56,746496.00,99.9,2000,null,null,10,1920,1080
2026-09-14T17:18:29.802Z,camera_0,1,114.30,0.00,114.30,746496.00,100.0,2000,null,null,10,1920,1080
2026-09-14T17:18:29.802Z,camera_1,1,0.00,0.00,0.00,746496.00,100.0,2000,null,null,10,1920,1080
2026-09-14T17:18:29.806Z,camera_0,1,466.30,351.99,114.30,746496.00,100.0,2000,null,null,10,1920,1080
2026-09-14T17:18:32.799Z,camera_0,1,268.21,0.00,268.21,746496.00,100.0,2000,null,null,10,1920,1080
2026-09-14T17:18:32.799Z,camera_0,1,739.91,471.70,268.21,746496.00,100.0,2000,null,null,10,1920,1080
2026-09-14T17:18:32.799Z,camera_1,1,0.00,0.00,0.00,746496.00,100.0,2000,null,null,10,1920,1080
2026-09-14T17:18:35.837Z,camera_0,1,244.65,0.00,244.65,746496.00,100.0,2000,null,null,10,1920,1080
2026-09-14T17:18:35.837Z,camera_1,1,0.00,0.00,0.00,746496.00,100.0,2000,null,null,10,1920,1080
2026-09-14T17:18:35.839Z,camera_0,1,942.82,698.17,244.65,746496.00,100.0,2000,null,null,10,1920,1080
2026-09-14T17:18:38.838Z,camera_0,1,228.11,0.00,228.11,746496.00,100.0,2000,null,null,10,1920,1080
2026-09-14T17:18:38.838Z,camera_1,1,0.00,0.00,0.00,746496.00,100.0,2000,null,null,10,1920,1080
2026-09-14T17:18:38.838Z,camera_0,1,577.18,349.08,228.11,746496.00,100.0,2000,null,null,10,1920,1080
2026-09-14T17:18:41.838Z,camera_0,1,245.65,0.00,245.65,746496.00,100.0,2000,null,null,10,1920,1080
2026-09-14T17:18:41.838Z,camera_1,1,0.00,0.00,0.00,746496.00,100.0,2000,null,null,10,1920,1080
2026-09-14T17:18:41.839Z,camera_0,1,835.41,589.76,245.65,746496.00,100.0,2000,null,null,10,1920,1080
2026-09-14T17:18:44.839Z,camera_0,1,68.18,0.00,68.18,746496.00,100.0,2000,null,null,10,1920,1080
2026-09-14T17:18:44.840Z,camera_0,1,417.30,349.11,68.18,746496.00,100.0,2000,null,null,10,1920,1080
2026-09-14T17:18:44.840Z,camera_1,1,0.00,0.00,0.00,746496.00,100.0,2000,null,null,10,1920,1080
2026-09-14T17:18:47.841Z,camera_0,1,413.10,0.00,413.10,746496.00,99.9,2000,null,null,10,1920,1080
2026-09-14T17:18:47.841Z,camera_1,1,0.00,0.00,0.00,746496.00,100.0,2000,null,null,10,1920,1080
2026-09-14T17:18:47.842Z,camera_0,1,1124.35,711.26,413.10,746496.00,99.9,2000,null,null,10,1920,1080
2026-09-14T17:18:50.841Z,camera_0,1,69.18,0.00,69.18,746496.00,100.0,2000,null,null,10,1920,1080
2026-09-14T17:18:50.843Z,camera_0,1,417.44,348.25,69.18,746496.00,100.0,2000,null,null,10,1920,1080
2026-09-14T17:18:50.841Z,camera_1,1,0.00,0.00,0.00,746496.00,100.0,2000,null,null,10,1920,1080
2026-09-14T17:18:53.842Z,camera_0,1,227.61,0.00,227.61,746496.00,100.0,2000,null,null,10,1920,1080
2026-09-14T17:18:53.843Z,camera_1,1,0.00,0.00,0.00,746496.00,100.0,2000,null,null,10,1920,1080
2026-09-14T17:18:53.843Z,camera_0,1,576.58,348.98,227.61,746496.00,100.0,2000,null,null,10,1920,1080
2026-09-14T17:18:56.844Z,camera_0,1,247.16,0.00,247.16,746496.00,100.0,2000,null,null,10,1920,1080
2026-09-14T17:18:56.844Z,camera_1,1,0.00,0.00,0.00,746496.00,100.0,2000,null,null,10,1920,1080
2026-09-14T17:18:56.844Z,camera_0,1,956.73,709.58,247.16,746496.00,100.0,2000,null,null,10,1920,1080
2026-09-14T17:18:59.847Z,camera_0,1,239.14,0.00,239.14,746496.00,100.0,2000,null,null,10,1920,1080
2026-09-14T17:18:59.847Z,camera_1,1,0.00,0.00,0.00,746496.00,100.0,2000,null,null,10,1920,1080
2026-09-14T17:18:59.848Z,camera_0,1,708.48,469.34,239.14,746496.00,100.0,2000,null,null,10,1920,1080
2026-09-14T17:19:02.850Z,camera_0,1,255.68,0.00,255.68,746496.00,100.0,2000,null,null,10,1920,1080
2026-09-14T17:19:02.850Z,camera_1,1,0.00,0.00,0.00,746496.00,100.0,2000,null,null,10,1920,1080
2026-09-14T17:19:02.851Z,camera_0,1,965.77,710.09,255.68,746496.00,100.0,2000,null,null,10,1920,1080
2026-09-14T17:19:05.851Z,camera_0,1,70.69,0.00,70.69,746496.00,100.0,2000,null,null,10,1920,1080
2026-09-14T17:19:05.851Z,camera_1,1,0.00,0.00,0.00,746496.00,100.0,2000,null,null,10,1920,1080
2026-09-14T17:19:05.854Z,camera_0,1,299.14,228.45,70.69,746496.00,100.0,2000,null,null,10,1920,1080
2026-09-14T17:19:09.007Z,camera_0,1,362.46,0.00,362.46,746496.00,100.0,2000,null,null,10,1920,1080
2026-09-14T17:19:09.007Z,camera_1,1,0.00,0.00,0.00,746496.00,100.0,2000,null,null,10,1920,1080
2026-09-14T17:19:09.014Z,camera_0,1,1059.94,697.47,362.46,746496.00,100.0,2000,null,null,10,1920,1080
2026-09-14T17:19:12.001Z,camera_0,1,110.79,0.00,110.79,746496.00,100.0,2000,null,null,10,1920,1080
2026-09-14T17:19:12.002Z,camera_1,1,0.00,0.00,0.00,746496.00,100.0,2000,null,null,10,1920,1080
2026-09-14T17:19:12.002Z,camera_0,1,449.68,338.88,110.79,746496.00,100.0,2000,null,null,10,1920,1080
2026-09-14T17:19:15.131Z,camera_0,1,242.65,0.00,242.65,746496.00,100.0,2000,null,null,10,1920,1080
2026-09-14T17:19:15.133Z,camera_0,1,698.73,456.08,242.65,746496.00,100.0,2000,null,null,10,1920,1080
2026-09-14T17:19:15.131Z,camera_1,1,0.00,0.00,0.00,746496.00,100.0,2000,null,null,10,1920,1080
2026-09-14T17:19:18.130Z,camera_0,1,252.17,0.00,252.17,746496.00,100.0,2000,null,null,10,1920,1080
2026-09-14T17:19:18.130Z,camera_1,1,0.00,0.00,0.00,746496.00,100.0,2000,null,null,10,1920,1080
2026-09-14T17:19:18.130Z,camera_0,1,942.02,689.85,252.17,746496.00,100.0,2000,null,null,10,1920,1080
2026-09-14T17:19:21.131Z,camera_0,1,275.23,0.00,275.23,746496.00,100.0,2000,null,null,10,1920,1080
2026-09-14T17:19:21.131Z,camera_1,1,0.00,0.00,0.00,746496.00,100.0,2000,null,null,10,1920,1080
2026-09-14T17:19:21.131Z,camera_0,1,848.89,573.66,275.23,746496.00,100.0,2000,null,null,10,1920,1080
2026-09-14T17:19:24.131Z,camera_0,1,226.10,0.00,226.10,746496.00,100.0,2000,null,null,10,1920,1080
2026-09-14T17:19:24.132Z,camera_1,1,0.00,0.00,0.00,746496.00,100.0,2000,null,null,10,1920,1080
2026-09-14T17:19:24.136Z,camera_0,1,800.96,574.86,226.10,746496.00,100.0,2000,null,null,10,1920,1080
2026-09-14T17:19:27.133Z,camera_0,1,444.18,0.00,444.18,746496.00,99.9,2000,null,null,10,1920,1080
2026-09-14T17:19:27.133Z,camera_1,1,0.00,0.00,0.00,746496.00,100.0,2000,null,null,10,1920,1080
2026-09-14T17:19:27.135Z,camera_0,1,1373.63,929.45,444.18,746496.00,99.9,2000,null,null,10,1920,1080
2026-09-14T17:19:30.136Z,camera_0,1,305.31,0.00,305.31,746496.00,100.0,2000,null,null,10,1920,1080
2026-09-14T17:19:30.136Z,camera_1,1,0.00,0.00,0.00,746496.00,100.0,2000,null,null,10,1920,1080
2026-09-14T17:19:30.136Z,camera_0,1,879.02,573.70,305.31,746496.00,100.0,2000,null,null,10,1920,1080
2026-09-14T17:19:33.134Z,camera_0,1,281.25,0.00,281.25,746496.00,100.0,2000,null,null,10,1920,1080
2026-09-14T17:19:33.134Z,camera_1,1,0.00,0.00,0.00,746496.00,100.0,2000,null,null,10,1920,1080
2026-09-14T17:19:33.134Z,camera_0,1,1088.04,806.79,281.25,746496.00,100.0,2000,null,null,10,1920,1080
2026-09-14T17:19:36.135Z,camera_0,1,299.80,0.00,299.80,746496.00,100.0,2000,null,null,10,1920,1080
2026-09-14T17:19:36.135Z,camera_1,1,0.00,0.00,0.00,746496.00,100.0,2000,null,null,10,1920,1080
2026-09-14T17:19:36.136Z,camera_0,1,872.88,573.09,299.80,746496.00,100.0,2000,null,null,10,1920,1080
2026-09-14T17:19:39.135Z,camera_0,1,216.07,0.00,216.07,746496.00,100.0,2000,null,null,10,1920,1080
2026-09-14T17:19:39.136Z,camera_0,1,789.62,573.54,216.07,746496.00,100.0,2000,null,null,10,1920,1080
2026-09-14T17:19:39.136Z,camera_1,1,0.00,0.00,0.00,746496.00,100.0,2000,null,null,10,1920,1080
2026-09-14T17:19:42.145Z,camera_0,1,413.10,0.00,413.10,746496.00,99.9,2000,null,null,10,1920,1080
2026-09-14T17:19:42.145Z,camera_1,1,0.00,0.00,0.00,746496.00,100.0,2000,null,null,10,1920,1080
2026-09-14T17:19:42.145Z,camera_0,1,1340.91,927.81,413.10,746496.00,99.9,2000,null,null,10,1920,1080
2026-09-14T17:19:45.144Z,camera_0,1,270.72,0.00,270.72,746496.00,100.0,2000,null,null,10,1920,1080
2026-09-14T17:19:45.144Z,camera_1,1,0.00,0.00,0.00,746496.00,100.0,2000,null,null,10,1920,1080
2026-09-14T17:19:45.144Z,camera_0,1,728.88,458.16,270.72,746496.00,100.0,2000,null,null,10,1920,1080
2026-09-14T17:19:48.146Z,camera_0,1,323.86,0.00,323.86,746496.00,100.0,2000,null,null,10,1920,1080
2026-09-14T17:19:48.146Z,camera_1,1,0.00,0.00,0.00,746496.00,100.0,2000,null,null,10,1920,1080
2026-09-14T17:19:48.146Z,camera_0,1,1135.37,811.51,323.86,746496.00,100.0,2000,null,null,10,1920,1080
2026-09-14T17:19:51.148Z,camera_0,1,266.21,0.00,266.21,746496.00,100.0,2000,null,null,10,1920,1080
2026-09-14T17:19:51.148Z,camera_1,1,0.00,0.00,0.00,746496.00,100.0,2000,null,null,10,1920,1080
2026-09-14T17:19:51.148Z,camera_0,1,839.76,573.55,266.21,746496.00,100.0,2000,null,null,10,1920,1080
2026-09-14T17:19:54.147Z,camera_0,1,251.17,0.00,251.17,746496.00,100.0,2000,null,null,10,1920,1080
2026-09-14T17:19:54.147Z,camera_1,1,0.00,0.00,0.00,746496.00,100.0,2000,null,null,10,1920,1080
2026-09-14T17:19:54.147Z,camera_0,1,942.79,691.62,251.17,746496.00,100.0,2000,null,null,10,1920,1080
2026-09-14T17:19:57.147Z,camera_0,1,378.51,0.00,378.51,746496.00,99.9,2000,null,null,10,1920,1080
2026-09-14T17:19:57.147Z,camera_1,1,0.00,0.00,0.00,746496.00,100.0,2000,null,null,10,1920,1080
2026-09-14T17:19:57.149Z,camera_0,1,1186.53,808.02,378.51,746496.00,99.9,2000,null,null,10,1920,1080
2026-09-14T17:20:00.270Z,camera_0,1,276.74,0.00,276.74,746496.00,100.0,2000,null,null,10,1920,1080
2026-09-14T17:20:00.270Z,camera_1,1,0.00,0.00,0.00,746496.00,100.0,2000,null,null,10,1920,1080
2026-09-14T17:20:00.270Z,camera_0,1,853.19,576.45,276.74,746496.00,100.0,2000,null,null,10,1920,1080
2026-09-14T17:20:03.270Z,camera_0,1,338.90,0.00,338.90,746496.00,100.0,2000,null,null,10,1920,1080
2026-09-14T17:20:03.270Z,camera_1,1,0.00,0.00,0.00,746496.00,100.0,2000,null,null,10,1920,1080
2026-09-14T17:20:03.271Z,camera_0,1,1146.70,807.80,338.90,746496.00,100.0,2000,null,null,10,1920,1080
2026-09-14T17:20:06.272Z,camera_0,1,236.63,0.00,236.63,746496.00,100.0,2000,null,null,10,1920,1080
2026-09-14T17:20:06.272Z,camera_1,1,0.00,0.00,0.00,746496.00,100.0,2000,null,null,10,1920,1080
2026-09-14T17:20:06.272Z,camera_0,1,692.03,455.40,236.63,746496.00,100.0,2000,null,null,10,1920,1080
2026-09-14T17:20:09.272Z,camera_0,1,277.24,0.00,277.24,746496.00,100.0,2000,null,null,10,1920,1080
2026-09-14T17:20:09.273Z,camera_1,1,0.00,0.00,0.00,746496.00,100.0,2000,null,null,10,1920,1080
2026-09-14T17:20:09.273Z,camera_0,1,1079.27,802.03,277.24,746496.00,100.0,2000,null,null,10,1920,1080
2026-09-14T17:20:12.273Z,camera_0,1,303.31,0.00,303.31,746496.00,100.0,2000,null,null,10,1920,1080
2026-09-14T17:20:12.274Z,camera_1,1,0.00,0.00,0.00,746496.00,100.0,2000,null,null,10,1920,1080
2026-09-14T17:20:12.274Z,camera_0,1,897.11,593.80,303.31,746496.00,100.0,2000,null,null,10,1920,1080
2026-09-14T17:20:15.533Z,camera_0,1,261.19,0.00,261.19,746496.00,100.0,2000,null,null,10,1920,1080
2026-09-14T17:20:15.533Z,camera_1,1,0.00,0.00,0.00,746496.00,100.0,2000,null,null,10,1920,1080
2026-09-14T17:20:15.534Z,camera_0,1,950.13,688.93,261.19,746496.00,100.0,2000,null,null,10,1920,1080
2026-09-14T17:20:18.624Z,camera_0,1,269.22,0.00,269.22,746496.00,100.0,2000,null,null,10,1920,1080
2026-09-14T17:20:18.624Z,camera_1,1,0.00,0.00,0.00,746496.00,100.0,2000,null,null,10,1920,1080
2026-09-14T17:20:18.625Z,camera_0,1,842.91,573.69,269.22,746496.00,100.0,2000,null,null,10,1920,1080
2026-09-14T17:20:21.625Z,camera_0,1,217.58,0.00,217.58,746496.00,100.0,2000,null,null,10,1920,1080
2026-09-14T17:20:21.625Z,camera_1,1,0.00,0.00,0.00,746496.00,100.0,2000,null,null,10,1920,1080
2026-09-14T17:20:21.625Z,camera_0,1,819.23,601.66,217.58,746496.00,100.0,2000,null,null,10,1920,1080
2026-09-14T17:20:24.631Z,camera_0,1,387.53,0.00,387.53,746496.00,99.9,2000,null,null,10,1920,1080
2026-09-14T17:20:24.631Z,camera_1,1,0.00,0.00,0.00,746496.00,100.0,2000,null,null,10,1920,1080
2026-09-14T17:20:24.632Z,camera_0,1,1112.37,724.84,387.53,746496.00,99.9,2000,null,null,10,1920,1080
2026-09-14T17:20:27.632Z,camera_0,1,247.16,0.00,247.16,746496.00,100.0,2000,null,null,10,1920,1080
2026-09-14T17:20:27.632Z,camera_1,1,0.00,0.00,0.00,746496.00,100.0,2000,null,null,10,1920,1080
2026-09-14T17:20:27.632Z,camera_0,1,717.74,470.59,247.16,746496.00,100.0,2000,null,null,10,1920,1080
2026-09-14T17:20:30.633Z,camera_0,1,182.49,0.00,182.49,746496.00,100.0,2000,null,null,10,1920,1080
2026-09-14T17:20:30.633Z,camera_1,1,0.00,0.00,0.00,746496.00,100.0,2000,null,null,10,1920,1080
2026-09-14T17:20:30.633Z,camera_0,1,640.47,457.99,182.49,746496.00,100.0,2000,null,null,10,1920,1080
2026-09-14T17:20:33.637Z,camera_0,1,233.12,0.00,233.12,746496.00,100.0,2000,null,null,10,1920,1080
2026-09-14T17:20:33.637Z,camera_1,1,0.00,0.00,0.00,746496.00,100.0,2000,null,null,10,1920,1080
2026-09-14T17:20:33.637Z,camera_0,1,677.37,444.25,233.12,746496.00,100.0,2000,null,null,10,1920,1080
2026-09-14T17:20:36.737Z,camera_0,1,231.11,0.00,231.11,746496.00,100.0,2000,null,null,10,1920,1080
2026-09-14T17:20:36.738Z,camera_1,1,0.00,0.00,0.00,746496.00,100.0,2000,null,null,10,1920,1080
2026-09-14T17:20:36.740Z,camera_0,1,688.49,457.37,231.11,746496.00,100.0,2000,null,null,10,1920,1080
2026-09-14T17:20:39.796Z,camera_0,1,238.13,0.00,238.13,746496.00,100.0,2000,null,null,10,1920,1080
2026-09-14T17:20:39.796Z,camera_1,1,0.00,0.00,0.00,746496.00,100.0,2000,null,null,10,1920,1080
2026-09-14T17:20:39.797Z,camera_0,1,924.41,686.27,238.13,746496.00,100.0,2000,null,null,10,1920,1080
2026-09-14T17:20:42.796Z,camera_0,1,201.03,0.00,201.03,746496.00,100.0,2000,null,null,10,1920,1080
2026-09-14T17:20:42.796Z,camera_1,1,0.00,0.00,0.00,746496.00,100.0,2000,null,null,10,1920,1080
2026-09-14T17:20:42.797Z,camera_0,1,579.24,378.21,201.03,746496.00,100.0,2000,null,null,10,1920,1080
2026-09-14T17:26:33.346Z,camera_0,0,0.00,0.00,0.00,110592.00,100.0,2000,null,null,120,640,480
2026-09-14T17:26:33.348Z,camera_1,0,0.00,0.00,0.00,110592.00,100.0,2000,null,null,120,640,480
2026-09-14T17:26:33.348Z,camera_0,0,0.00,0.00,0.00,110592.00,100.0,2000,null,null,120,640,480
2026-09-14T17:26:36.347Z,camera_0,1,0.00,0.00,0.00,110592.00,100.0,2000,null,null,120,640,480
2026-09-14T17:26:36.348Z,camera_0,1,0.00,0.00,0.00,110592.00,100.0,2000,null,null,120,640,480
2026-09-14T17:26:36.347Z,camera_1,1,0.00,0.00,0.00,110592.00,100.0,2000,null,null,120,640,480
2026-09-14T17:26:39.348Z,camera_0,1,0.00,0.00,0.00,110592.00,100.0,2000,null,null,30,640,480
2026-09-14T17:26:39.348Z,camera_1,1,0.00,0.00,0.00,110592.00,100.0,2000,null,null,30,640,480
2026-09-14T17:26:39.349Z,camera_0,1,152.23,152.23,0.00,110592.00,100.0,2000,null,null,30,640,480
2026-09-14T17:26:42.637Z,camera_0,1,130.35,0.00,130.35,147571.20,99.9,2000,null,null,30,854,480
2026-09-14T17:26:42.638Z,camera_1,1,0.00,0.00,0.00,147571.20,100.0,2000,null,null,30,854,480
2026-09-14T17:26:42.642Z,camera_0,1,748.63,618.29,130.35,147571.20,99.9,2000,null,null,30,854,480
2026-09-14T17:26:45.638Z,camera_0,1,0.00,0.00,0.00,147571.20,100.0,2000,null,null,30,854,480
2026-09-14T17:26:45.639Z,camera_1,1,0.00,0.00,0.00,147571.20,100.0,2000,null,null,30,854,480
2026-09-14T17:26:45.640Z,camera_0,1,895.11,895.11,0.00,147571.20,100.0,2000,null,null,30,854,480
2026-09-14T17:26:48.767Z,camera_0,1,112.80,0.00,112.80,147571.20,99.9,2000,null,null,30,854,480
2026-09-14T17:26:48.767Z,camera_1,1,0.00,0.00,0.00,147571.20,100.0,2000,null,null,30,854,480
2026-09-14T17:26:48.767Z,camera_0,1,1013.72,900.92,112.80,147571.20,99.9,2000,null,null,30,854,480
2026-09-14T17:26:51.764Z,camera_0,1,283.25,0.00,283.25,147571.20,99.8,2000,null,null,30,854,480
2026-09-14T17:26:51.764Z,camera_1,1,0.00,0.00,0.00,147571.20,100.0,2000,null,null,30,854,480
2026-09-14T17:26:51.767Z,camera_0,1,907.76,624.50,283.25,147571.20,99.8,2000,null,null,30,854,480
2026-09-14T17:26:54.765Z,camera_0,1,169.95,0.00,169.95,147571.20,99.9,2000,null,null,30,854,480
2026-09-14T17:26:54.765Z,camera_1,1,0.00,0.00,0.00,147571.20,100.0,2000,null,null,30,854,480
2026-09-14T17:26:54.765Z,camera_0,1,436.01,266.05,169.95,147571.20,99.9,2000,null,null,30,854,480
2026-09-14T17:26:57.915Z,camera_1,1,0.00,0.00,0.00,147571.20,100.0,2000,null,null,30,854,480
2026-09-14T17:26:57.915Z,camera_0,1,1033.26,716.41,316.84,147571.20,99.8,2000,null,null,30,854,480
2026-09-14T17:26:57.915Z,camera_0,1,316.84,0.00,316.84,147571.20,99.8,2000,null,null,30,854,480
2026-09-14T17:27:00.918Z,camera_0,1,293.28,0.00,293.28,147571.20,99.8,2000,null,null,30,854,480
2026-09-14T17:27:00.918Z,camera_1,1,0.00,0.00,0.00,147571.20,100.0,2000,null,null,30,854,480
2026-09-14T17:27:00.919Z,camera_0,1,915.96,622.68,293.28,147571.20,99.8,2000,null,null,30,854,480
2026-09-14T17:27:03.922Z,camera_0,1,355.45,0.00,355.45,147571.20,99.8,2000,null,null,30,854,480
2026-09-14T17:27:03.922Z,camera_1,1,0.00,0.00,0.00,147571.20,100.0,2000,null,null,30,854,480
2026-09-14T17:27:03.922Z,camera_0,1,887.76,532.32,355.45,147571.20,99.8,2000,null,null,30,854,480
2026-09-14T17:27:06.999Z,camera_1,1,0.00,0.00,0.00,147571.20,100.0,2000,null,null,30,854,480
2026-09-14T17:27:06.998Z,camera_0,1,332.89,0.00,332.89,147571.20,99.8,2000,null,null,30,854,480
2026-09-14T17:27:06.999Z,camera_0,1,953.71,620.83,332.89,147571.20,99.8,2000,null,null,30,854,480
2026-09-14T17:27:09.999Z,camera_0,1,234.62,0.00,234.62,147571.20,99.8,2000,null,null,30,854,480
2026-09-14T17:27:09.999Z,camera_1,1,0.00,0.00,0.00,147571.20,100.0,2000,null,null,30,854,480
2026-09-14T17:27:09.999Z,camera_0,1,676.22,441.60,234.62,147571.20,99.8,2000,null,null,30,854,480
2026-09-14T17:27:13.004Z,camera_0,1,297.79,0.00,297.79,147571.20,99.8,2000,null,null,30,854,480
2026-09-14T17:27:13.004Z,camera_1,1,0.00,0.00,0.00,147571.20,100.0,2000,null,null,30,854,480
2026-09-14T17:27:13.004Z,camera_0,1,919.05,621.26,297.79,147571.20,99.8,2000,null,null,30,854,480
2026-09-14T17:27:16.155Z,camera_0,1,403.57,0.00,403.57,147571.20,99.7,2000,null,null,30,854,480
2026-09-14T17:27:16.155Z,camera_1,1,0.00,0.00,0.00,147571.20,100.0,2000,null,null,30,854,480
2026-09-14T17:27:16.157Z,camera_0,1,1023.30,619.72,403.57,147571.20,99.7,2000,null,null,30,854,480
2026-09-14T17:27:19.148Z,camera_0,1,311.83,0.00,311.83,147571.20,99.8,2000,null,null,30,854,480
2026-09-14T17:27:19.149Z,camera_1,1,0.00,0.00,0.00,147571.20,100.0,2000,null,null,30,854,480
2026-09-14T17:27:19.149Z,camera_0,1,934.82,622.99,311.83,147571.20,99.8,2000,null,null,30,854,480
2026-09-14T17:27:22.149Z,camera_0,1,267.21,0.00,267.21,147571.20,99.8,2000,null,null,30,854,480
2026-09-14T17:27:22.150Z,camera_1,1,0.00,0.00,0.00,147571.20,100.0,2000,null,null,30,854,480
2026-09-14T17:27:22.150Z,camera_0,1,802.33,535.12,267.21,147571.20,99.8,2000,null,null,30,854,480
2026-09-14T17:27:25.151Z,camera_0,1,303.31,0.00,303.31,147571.20,99.8,2000,null,null,30,854,480
2026-09-14T17:27:25.151Z,camera_1,1,0.00,0.00,0.00,147571.20,100.0,2000,null,null,30,854,480
2026-09-14T17:27:25.179Z,camera_0,1,839.41,536.11,303.31,147571.20,99.8,2000,null,null,30,854,480
2026-09-14T17:27:28.314Z,camera_0,1,145.89,0.00,145.89,147571.20,99.9,2000,null,null,30,854,480
2026-09-14T17:27:28.315Z,camera_1,1,0.00,0.00,0.00,147571.20,100.0,2000,null,null,30,854,480
2026-09-14T17:27:28.322Z,camera_0,1,501.32,355.43,145.89,147571.20,99.9,2000,null,null,30,854,480
2026-09-14T17:27:31.311Z,camera_0,1,219.08,0.00,219.08,147571.20,99.9,2000,null,null,30,854,480
2026-09-14T17:27:31.312Z,camera_1,1,0.00,0.00,0.00,147571.20,100.0,2000,null,null,30,854,480
2026-09-14T17:27:31.313Z,camera_0,1,664.58,445.50,219.08,147571.20,99.9,2000,null,null,30,854,480
2026-09-14T17:27:34.312Z,camera_0,1,291.78,0.00,291.78,147571.20,99.8,2000,null,null,30,854,480
2026-09-14T17:27:34.315Z,camera_1,1,0.00,0.00,0.00,147571.20,100.0,2000,null,null,30,854,480
2026-09-14T17:27:34.315Z,camera_0,1,737.17,445.40,291.78,147571.20,99.8,2000,null,null,30,854,480
2026-09-14T17:27:37.321Z,camera_0,1,313.33,0.00,313.33,147571.20,99.8,2000,null,null,30,854,480
2026-09-14T17:27:37.321Z,camera_1,1,0.00,0.00,0.00,147571.20,100.0,2000,null,null,30,854,480
2026-09-14T17:27:37.322Z,camera_0,1,852.41,539.08,313.33,147571.20,99.8,2000,null,null,30,854,480
2026-09-14T17:27:40.321Z,camera_0,1,342.41,0.00,342.41,147571.20,99.8,2000,null,null,30,854,480
2026-09-14T17:27:40.324Z,camera_1,1,0.00,0.00,0.00,147571.20,100.0,2000,null,null,30,854,480
2026-09-14T17:27:40.325Z,camera_0,1,970.75,628.34,342.41,147571.20,99.8,2000,null,null,30,854,480
2026-09-14T17:27:43.322Z,camera_0,1,258.19,0.00,258.19,147571.20,99.8,2000,null,null,30,854,480
2026-09-14T17:27:43.322Z,camera_1,1,0.00,0.00,0.00,147571.20,100.0,2000,null,null,30,854,480
2026-09-14T17:27:43.323Z,camera_0,1,886.31,628.12,258.19,147571.20,99.8,2000,null,null,30,854,480
2026-09-14T17:27:46.322Z,camera_0,1,441.17,0.00,441.17,147571.20,99.7,2000,null,null,30,854,480
2026-09-14T17:27:46.323Z,camera_1,1,0.00,0.00,0.00,147571.20,100.0,2000,null,null,30,854,480
2026-09-14T17:27:46.323Z,camera_0,1,1158.57,717.39,441.17,147571.20,99.7,2000,null,null,30,854,480
2026-09-14T17:27:49.358Z,camera_0,1,199.03,0.00,199.03,147571.20,99.9,2000,null,null,30,854,480
2026-09-14T17:27:49.358Z,camera_1,1,0.00,0.00,0.00,147571.20,100.0,2000,null,null,30,854,480
2026-09-14T17:27:49.359Z,camera_0,1,556.04,357.01,199.03,147571.20,99.9,2000,null,null,30,854,480
2026-09-14T17:27:52.352Z,camera_0,1,190.51,0.00,190.51,147571.20,99.9,2000,null,null,30,854,480
2026-09-14T17:27:52.352Z,camera_1,1,0.00,0.00,0.00,147571.20,100.0,2000,null,null,30,854,480
2026-09-14T17:27:52.357Z,camera_0,1,550.18,359.67,190.51,147571.20,99.9,2000,null,null,30,854,480
2026-09-14T17:27:55.394Z,camera_0,1,270.22,0.00,270.22,147571.20,99.8,2000,null,null,30,854,480
2026-09-14T17:27:55.394Z,camera_1,1,0.00,0.00,0.00,147571.20,100.0,2000,null,null,30,854,480
2026-09-14T17:27:55.395Z,camera_0,1,806.63,536.42,270.22,147571.20,99.8,2000,null,null,30,854,480
2026-09-14T17:27:58.390Z,camera_0,1,294.78,0.00,294.78,147571.20,99.8,2000,null,null,30,854,480
2026-09-14T17:27:58.391Z,camera_1,1,0.00,0.00,0.00,147571.20,100.0,2000,null,null,30,854,480
2026-09-14T17:27:58.391Z,camera_0,1,832.15,537.36,294.78,147571.20,99.8,2000,null,null,30,854,480
2026-09-14T17:28:01.395Z,camera_0,1,241.14,0.00,241.14,147571.20,99.8,2000,null,null,30,854,480
2026-09-14T17:28:01.396Z,camera_1,1,0.00,0.00,0.00,147571.20,100.0,2000,null,null,30,854,480
2026-09-14T17:28:01.396Z,camera_0,1,775.66,534.51,241.14,147571.20,99.8,2000,null,null,30,854,480
2026-09-14T17:28:04.396Z,camera_0,1,336.39,0.00,336.39,147571.20,99.8,2000,null,null,30,854,480
2026-09-14T17:28:04.396Z,camera_1,1,0.00,0.00,0.00,147571.20,100.0,2000,null,null,30,854,480
2026-09-14T17:28:04.397Z,camera_0,1,871.07,534.67,336.39,147571.20,99.8,2000,null,null,30,854,480
2026-09-14T17:28:07.549Z,camera_0,1,356.45,0.00,356.45,147571.20,99.8,2000,null,null,30,854,480
2026-09-14T17:28:07.549Z,camera_1,1,0.00,0.00,0.00,147571.20,100.0,2000,null,null,30,854,480
2026-09-14T17:28:07.550Z,camera_0,1,983.64,627.19,356.45,147571.20,99.8,2000,null,null,30,854,480
2026-09-14T17:28:10.589Z,camera_0,1,305.81,0.00,305.81,147571.20,99.8,2000,null,null,30,854,480
2026-09-14T17:28:10.590Z,camera_1,1,0.00,0.00,0.00,147571.20,100.0,2000,null,null,30,854,480
2026-09-14T17:28:10.590Z,camera_0,1,938.56,632.74,305.81,147571.20,99.8,2000,null,null,30,854,480
2026-09-14T17:28:13.592Z,camera_0,1,259.69,0.00,259.69,147571.20,99.8,2000,null,null,30,854,480
2026-09-14T17:28:13.592Z,camera_1,1,0.00,0.00,0.00,147571.20,100.0,2000,null,null,30,854,480
2026-09-14T17:28:13.593Z,camera_0,1,802.78,543.09,259.69,147571.20,99.8,2000,null,null,30,854,480
2026-09-14T17:28:16.589Z,camera_0,1,926.97,0.00,926.97,147571.20,99.4,2000,null,null,30,854,480
2026-09-14T17:28:16.589Z,camera_1,1,0.00,0.00,0.00,147571.20,100.0,2000,null,null,30,854,480
2026-09-14T17:28:16.590Z,camera_0,1,926.97,0.00,926.97,147571.20,99.4,2000,null,null,30,854,480
2026-09-14T17:28:19.591Z,camera_0,1,0.00,0.00,0.00,746496.00,100.0,2000,null,null,10,1920,1080
2026-09-14T17:28:19.592Z,camera_1,1,0.00,0.00,0.00,746496.00,100.0,2000,null,null,10,1920,1080
2026-09-14T17:28:19.596Z,camera_0,1,97.51,97.51,0.00,746496.00,100.0,2000,null,null,10,1920,1080
2026-09-14T17:28:22.859Z,camera_0,1,0.00,0.00,0.00,746496.00,100.0,2000,null,null,10,1920,1080
2026-09-14T17:28:22.859Z,camera_1,1,0.00,0.00,0.00,746496.00,100.0,2000,null,null,10,1920,1080
2026-09-14T17:28:22.860Z,camera_0,1,606.36,606.36,0.00,746496.00,100.0,2000,null,null,10,1920,1080
2026-09-14T17:28:25.879Z,camera_0,1,0.00,0.00,0.00,746496.00,100.0,2000,null,null,10,1920,1080
2026-09-14T17:28:25.881Z,camera_1,1,0.00,0.00,0.00,746496.00,100.0,2000,null,null,10,1920,1080
2026-09-14T17:28:25.887Z,camera_0,1,295.55,295.55,0.00,746496.00,100.0,2000,null,null,10,1920,1080
2026-09-14T17:28:29.210Z,camera_0,1,0.00,0.00,0.00,746496.00,100.0,2000,null,null,10,1920,1080
2026-09-14T17:28:29.210Z,camera_1,1,0.00,0.00,0.00,746496.00,100.0,2000,null,null,10,1920,1080
2026-09-14T17:28:29.213Z,camera_0,1,1001.46,1001.46,0.00,746496.00,100.0,2000,null,null,10,1920,1080
2026-09-14T17:28:32.414Z,camera_1,1,0.00,0.00,0.00,746496.00,100.0,2000,null,null,10,1920,1080
2026-09-14T17:28:32.409Z,camera_0,1,0.00,0.00,0.00,746496.00,100.0,2000,null,null,10,1920,1080
2026-09-14T17:28:32.421Z,camera_0,1,297.58,297.58,0.00,746496.00,100.0,2000,null,null,10,1920,1080
2026-09-14T17:28:35.411Z,camera_0,1,0.00,0.00,0.00,746496.00,100.0,2000,null,null,10,1920,1080
2026-09-14T17:28:35.411Z,camera_1,1,0.00,0.00,0.00,746496.00,100.0,2000,null,null,10,1920,1080
2026-09-14T17:28:35.412Z,camera_0,1,301.47,301.47,0.00,746496.00,100.0,2000,null,null,10,1920,1080
2026-09-14T17:28:38.422Z,camera_0,1,0.00,0.00,0.00,746496.00,100.0,2000,null,null,10,1920,1080
2026-09-14T17:28:38.422Z,camera_1,1,0.00,0.00,0.00,746496.00,100.0,2000,null,null,10,1920,1080
2026-09-14T17:28:38.422Z,camera_0,1,0.00,0.00,0.00,746496.00,100.0,2000,null,null,10,1920,1080
2026-09-14T17:28:41.423Z,camera_0,1,60.16,0.00,60.16,746496.00,100.0,2000,null,null,10,1920,1080
2026-09-14T17:28:41.424Z,camera_1,1,0.00,0.00,0.00,746496.00,100.0,2000,null,null,10,1920,1080
2026-09-14T17:28:41.425Z,camera_0,1,160.59,100.43,60.16,746496.00,100.0,2000,null,null,10,1920,1080
2026-09-14T17:28:44.426Z,camera_0,1,42.61,0.00,42.61,746496.00,100.0,2000,null,null,10,1920,1080
2026-09-14T17:28:44.426Z,camera_1,1,0.00,0.00,0.00,746496.00,100.0,2000,null,null,10,1920,1080
2026-09-14T17:28:44.427Z,camera_0,1,337.26,294.65,42.61,746496.00,100.0,2000,null,null,10,1920,1080
2026-09-14T17:28:47.549Z,camera_0,1,0.00,0.00,0.00,147571.20,100.0,2000,null,null,30,854,480
2026-09-14T17:28:47.562Z,camera_1,1,0.00,0.00,0.00,147571.20,100.0,2000,null,null,30,854,480
2026-09-14T17:28:47.565Z,camera_0,1,192.13,192.13,0.00,147571.20,100.0,2000,null,null,30,854,480
2026-09-14T17:28:50.549Z,camera_0,1,111.80,0.00,111.80,147571.20,99.9,2000,null,null,30,854,480
2026-09-14T17:28:50.549Z,camera_1,1,0.00,0.00,0.00,147571.20,100.0,2000,null,null,30,854,480
2026-09-14T17:28:50.550Z,camera_0,1,399.79,287.99,111.80,147571.20,99.9,2000,null,null,30,854,480
2026-09-14T17:28:53.574Z,camera_1,1,0.00,0.00,0.00,147571.20,100.0,2000,null,null,30,854,480
2026-09-14T17:28:53.577Z,camera_0,1,43.62,0.00,43.62,147571.20,100.0,2000,null,null,30,854,480
2026-09-14T17:28:53.573Z,camera_0,1,43.62,0.00,43.62,147571.20,100.0,2000,null,null,30,854,480
2026-09-14T17:28:56.717Z,camera_0,1,0.00,0.00,0.00,746496.00,100.0,2000,null,null,10,1920,1080
2026-09-14T17:28:56.723Z,camera_1,1,0.00,0.00,0.00,746496.00,100.0,2000,null,null,10,1920,1080
2026-09-14T17:28:56.731Z,camera_0,1,299.12,299.12,0.00,746496.00,100.0,2000,null,null,10,1920,1080
2026-09-14T17:28:59.718Z,camera_0,1,0.00,0.00,0.00,746496.00,100.0,2000,null,null,10,1920,1080
2026-09-14T17:28:59.718Z,camera_1,1,0.00,0.00,0.00,746496.00,100.0,2000,null,null,10,1920,1080
2026-09-14T17:28:59.726Z,camera_0,1,803.50,803.50,0.00,746496.00,100.0,2000,null,null,10,1920,1080
2026-09-14T17:29:02.882Z,camera_0,1,0.00,0.00,0.00,746496.00,100.0,2000,null,null,10,1920,1080
2026-09-14T17:29:02.886Z,camera_1,1,0.00,0.00,0.00,746496.00,100.0,2000,null,null,10,1920,1080
2026-09-14T17:29:02.891Z,camera_0,1,685.34,685.34,0.00,746496.00,100.0,2000,null,null,10,1920,1080
2026-09-14T17:29:05.878Z,camera_0,1,0.00,0.00,0.00,746496.00,100.0,2000,null,null,10,1920,1080
2026-09-14T17:29:05.878Z,camera_1,1,0.00,0.00,0.00,746496.00,100.0,2000,null,null,10,1920,1080
2026-09-14T17:29:05.878Z,camera_0,1,703.44,703.44,0.00,746496.00,100.0,2000,null,null,10,1920,1080
2026-09-14T17:29:08.883Z,camera_0,1,0.00,0.00,0.00,746496.00,100.0,2000,null,null,10,1920,1080
2026-09-14T17:29:08.883Z,camera_1,1,0.00,0.00,0.00,746496.00,100.0,2000,null,null,10,1920,1080
2026-09-14T17:29:08.883Z,camera_0,1,97.23,97.23,0.00,746496.00,100.0,2000,null,null,10,1920,1080
2026-09-14T17:29:11.891Z,camera_0,1,0.00,0.00,0.00,746496.00,100.0,2000,null,null,10,1920,1080
2026-09-14T17:29:11.891Z,camera_1,1,0.00,0.00,0.00,746496.00,100.0,2000,null,null,10,1920,1080
2026-09-14T17:29:11.891Z,camera_0,1,0.00,0.00,0.00,746496.00,100.0,2000,null,null,10,1920,1080
2026-09-14T17:29:14.894Z,camera_1,1,0.00,0.00,0.00,746496.00,100.0,2000,null,null,10,1920,1080
2026-09-14T17:29:14.894Z,camera_0,1,390.15,300.42,89.74,746496.00,100.0,2000,null,null,10,1920,1080
2026-09-14T17:29:14.893Z,camera_0,1,89.74,0.00,89.74,746496.00,100.0,2000,null,null,10,1920,1080
2026-09-14T17:29:17.894Z,camera_0,1,12.03,0.00,12.03,746496.00,100.0,2000,null,null,10,1920,1080
2026-09-14T17:29:17.894Z,camera_1,1,0.00,0.00,0.00,746496.00,100.0,2000,null,null,10,1920,1080
2026-09-14T17:29:17.895Z,camera_0,1,210.15,198.12,12.03,746496.00,100.0,2000,null,null,10,1920,1080
2026-09-14T17:29:21.156Z,camera_0,1,5.51,0.00,5.51,746496.00,100.0,2000,null,null,10,1920,1080
2026-09-14T17:29:21.157Z,camera_1,1,0.00,0.00,0.00,746496.00,100.0,2000,null,null,10,1920,1080
2026-09-14T17:29:21.157Z,camera_0,1,107.06,101.55,5.51,746496.00,100.0,2000,null,null,10,1920,1080
2026-09-14T17:29:24.207Z,camera_0,1,80.21,0.00,80.21,746496.00,100.0,2000,null,null,10,1920,1080
2026-09-14T17:29:24.208Z,camera_1,1,0.00,0.00,0.00,746496.00,100.0,2000,null,null,10,1920,1080
2026-09-14T17:29:24.208Z,camera_0,1,376.02,295.80,80.21,746496.00,100.0,2000,null,null,10,1920,1080
2026-09-14T17:29:27.459Z,camera_0,1,91.74,0.00,91.74,746496.00,100.0,2000,null,null,10,1920,1080
2026-09-14T17:29:27.460Z,camera_1,1,0.00,0.00,0.00,746496.00,100.0,2000,null,null,10,1920,1080
2026-09-14T17:29:27.460Z,camera_0,1,485.15,393.41,91.74,746496.00,100.0,2000,null,null,10,1920,1080
2026-09-14T17:29:30.461Z,camera_0,1,39.10,0.00,39.10,746496.00,100.0,2000,null,null,10,1920,1080
2026-09-14T17:29:30.467Z,camera_1,1,0.00,0.00,0.00,746496.00,100.0,2000,null,null,10,1920,1080
2026-09-14T17:29:30.467Z,camera_0,1,233.47,194.37,39.10,746496.00,100.0,2000,null,null,10,1920,1080
2026-09-14T17:29:33.467Z,camera_0,1,115.31,0.00,115.31,746496.00,100.0,2000,null,null,10,1920,1080
2026-09-14T17:29:33.468Z,camera_1,1,0.00,0.00,0.00,746496.00,100.0,2000,null,null,10,1920,1080
2026-09-14T17:29:33.468Z,camera_0,1,409.68,294.37,115.31,746496.00,100.0,2000,null,null,10,1920,1080
2026-09-14T17:29:36.467Z,camera_0,0,101.77,0.00,101.77,746496.00,100.0,2000,null,null,10,1920,1080
2026-09-14T17:29:36.468Z,camera_1,0,0.00,0.00,0.00,746496.00,100.0,2000,null,null,10,1920,1080
2026-09-14T17:29:36.468Z,camera_0,0,200.84,99.07,101.77,746496.00,100.0,2000,null,null,10,1920,1080
2026-09-14T17:29:39.468Z,camera_0,0,63.67,0.00,63.67,746496.00,100.0,2000,null,null,10,1920,1080
2026-09-14T17:29:39.469Z,camera_1,0,0.00,0.00,0.00,746496.00,100.0,2000,null,null,10,1920,1080
2026-09-14T17:29:39.469Z,camera_0,0,63.67,0.00,63.67,746496.00,100.0,2000,null,null,10,1920,1080
2026-09-14T17:29:42.469Z,camera_0,0,18.05,0.00,18.05,746496.00,100.0,2000,null,null,10,1920,1080
2026-09-14T17:29:42.469Z,camera_1,0,0.00,0.00,0.00,746496.00,100.0,2000,null,null,10,1920,1080
2026-09-14T17:29:42.470Z,camera_0,0,18.05,0.00,18.05,746496.00,100.0,2000,null,null,10,1920,1080
2026-09-14T17:29:45.469Z,camera_0,0,102.27,0.00,102.27,746496.00,100.0,2000,null,null,10,1920,1080
2026-09-14T17:29:45.470Z,camera_1,0,0.00,0.00,0.00,746496.00,100.0,2000,null,null,10,1920,1080
2026-09-14T17:29:45.472Z,camera_0,0,102.27,0.00,102.27,746496.00,100.0,2000,null,null,10,1920,1080
2026-09-14T17:29:48.472Z,camera_0,0,34.59,0.00,34.59,746496.00,100.0,2000,null,null,10,1920,1080
2026-09-14T17:29:48.474Z,camera_1,0,0.00,0.00,0.00,746496.00,100.0,2000,null,null,10,1920,1080
2026-09-14T17:29:48.480Z,camera_0,0,34.59,0.00,34.59,746496.00,100.0,2000,null,null,10,1920,1080
2026-09-14T17:29:51.473Z,camera_0,0,218.58,0.00,218.58,746496.00,100.0,2000,null,null,10,1920,1080
2026-09-14T17:29:51.485Z,camera_1,0,0.00,0.00,0.00,746496.00,100.0,2000,null,null,10,1920,1080
2026-09-14T17:29:51.486Z,camera_0,0,218.58,0.00,218.58,746496.00,100.0,2000,null,null,10,1920,1080
2026-09-14T17:29:54.475Z,camera_1,0,0.00,0.00,0.00,746496.00,100.0,2000,null,null,10,1920,1080
2026-09-14T17:29:54.474Z,camera_0,0,90.74,0.00,90.74,746496.00,100.0,2000,null,null,10,1920,1080
2026-09-14T17:29:54.475Z,camera_0,0,90.74,0.00,90.74,746496.00,100.0,2000,null,null,10,1920,1080
2026-09-14T17:29:57.475Z,camera_0,0,0.00,0.00,0.00,746496.00,100.0,2000,null,null,10,1920,1080
2026-09-14T17:29:57.475Z,camera_1,0,0.00,0.00,0.00,746496.00,100.0,2000,null,null,10,1920,1080
2026-09-14T17:29:57.478Z,camera_0,0,0.00,0.00,0.00,746496.00,100.0,2000,null,null,10,1920,1080
2026-09-14T17:30:00.478Z,camera_0,0,179.48,0.00,179.48,746496.00,100.0,2000,null,null,10,1920,1080
2026-09-14T17:30:00.479Z,camera_1,0,0.00,0.00,0.00,746496.00,100.0,2000,null,null,10,1920,1080
2026-09-14T17:30:00.481Z,camera_0,0,179.48,0.00,179.48,746496.00,100.0,2000,null,null,10,1920,1080
2026-09-14T17:30:03.479Z,camera_0,0,183.99,0.00,183.99,746496.00,100.0,2000,null,null,10,1920,1080
2026-09-14T17:30:03.488Z,camera_1,0,0.00,0.00,0.00,746496.00,100.0,2000,null,null,10,1920,1080
2026-09-14T17:30:03.488Z,camera_0,0,183.99,0.00,183.99,746496.00,100.0,2000,null,null,10,1920,1080
2026-09-14T17:30:06.479Z,camera_0,0,65.67,0.00,65.67,746496.00,100.0,2000,null,null,10,1920,1080
2026-09-14T17:30:06.480Z,camera_1,0,0.00,0.00,0.00,746496.00,100.0,2000,null,null,10,1920,1080
2026-09-14T17:30:06.480Z,camera_0,0,65.67,0.00,65.67,746496.00,100.0,2000,null,null,10,1920,1080
2026-09-14T17:30:09.482Z,camera_0,0,0.00,0.00,0.00,746496.00,100.0,2000,null,null,10,1920,1080
2026-09-14T17:30:09.482Z,camera_1,0,0.00,0.00,0.00,746496.00,100.0,2000,null,null,10,1920,1080
2026-09-14T17:30:09.485Z,camera_0,0,0.00,0.00,0.00,746496.00,100.0,2000,null,null,10,1920,1080
2026-09-14T17:30:12.483Z,camera_0,0,0.00,0.00,0.00,746496.00,100.0,2000,null,null,10,1920,1080
2026-09-14T17:30:12.484Z,camera_1,0,0.00,0.00,0.00,746496.00,100.0,2000,null,null,10,1920,1080
2026-09-14T17:30:12.484Z,camera_0,0,0.00,0.00,0.00,746496.00,100.0,2000,null,null,10,1920,1080
2026-09-14T17:30:15.483Z,camera_0,0,0.00,0.00,0.00,746496.00,100.0,2000,null,null,10,1920,1080
2026-09-14T17:30:15.484Z,camera_1,0,0.00,0.00,0.00,746496.00,100.0,2000,null,null,10,1920,1080
2026-09-14T17:30:15.487Z,camera_0,0,0.00,0.00,0.00,746496.00,100.0,2000,null,null,10,1920,1080
2026-09-14T17:30:18.485Z,camera_0,0,0.00,0.00,0.00,746496.00,100.0,2000,null,null,10,1920,1080
2026-09-14T17:30:18.487Z,camera_1,0,0.00,0.00,0.00,746496.00,100.0,2000,null,null,10,1920,1080
2026-09-14T17:30:18.487Z,camera_0,0,0.00,0.00,0.00,746496.00,100.0,2000,null,null,10,1920,1080
2026-09-14T17:30:21.487Z,camera_0,0,0.00,0.00,0.00,746496.00,100.0,2000,null,null,10,1920,1080
2026-09-14T17:30:21.487Z,camera_1,0,0.00,0.00,0.00,746496.00,100.0,2000,null,null,10,1920,1080
2026-09-14T17:30:21.487Z,camera_0,0,0.00,0.00,0.00,746496.00,100.0,2000,null,null,10,1920,1080
2026-09-14T17:30:59.836Z,camera_0,0,0.00,0.00,0.00,110592.00,100.0,2000,null,null,120,640,480
2026-09-14T17:30:59.839Z,camera_1,0,0.00,0.00,0.00,110592.00,100.0,2000,null,null,120,640,480
2026-09-14T17:30:59.839Z,camera_0,0,0.00,0.00,0.00,110592.00,100.0,2000,null,null,120,640,480
2026-09-14T17:31:02.838Z,camera_0,1,0.00,0.00,0.00,110592.00,100.0,2000,null,null,120,640,480
2026-09-14T17:31:02.839Z,camera_1,1,0.00,0.00,0.00,110592.00,100.0,2000,null,null,120,640,480
2026-09-14T17:31:02.840Z,camera_0,1,0.00,0.00,0.00,110592.00,100.0,2000,null,null,120,640,480
2026-09-14T17:31:05.839Z,camera_0,1,0.00,0.00,0.00,110592.00,100.0,2000,null,null,30,640,480
2026-09-14T17:31:05.839Z,camera_1,1,0.00,0.00,0.00,110592.00,100.0,2000,null,null,30,640,480
2026-09-14T17:31:05.840Z,camera_0,1,158.85,158.85,0.00,110592.00,100.0,2000,null,null,30,640,480
2026-09-14T17:31:08.842Z,camera_0,1,135.36,0.00,135.36,147571.20,99.9,2000,null,null,30,854,480
2026-09-14T17:31:08.842Z,camera_1,1,0.00,0.00,0.00,147571.20,100.0,2000,null,null,30,854,480
2026-09-14T17:31:08.847Z,camera_0,1,769.27,633.91,135.36,147571.20,99.9,2000,null,null,30,854,480
2026-09-14T17:31:11.845Z,camera_0,1,0.00,0.00,0.00,147571.20,100.0,2000,null,null,30,854,480
2026-09-14T17:31:11.845Z,camera_1,1,0.00,0.00,0.00,147571.20,100.0,2000,null,null,30,854,480
2026-09-14T17:31:11.845Z,camera_0,1,1762.88,1762.88,0.00,147571.20,100.0,2000,null,null,30,854,480
2026-09-14T17:31:14.848Z,camera_1,1,0.00,0.00,0.00,147571.20,100.0,2000,null,null,30,854,480
2026-09-14T17:31:14.848Z,camera_0,1,256.18,0.00,256.18,147571.20,99.8,2000,null,null,30,854,480
2026-09-14T17:31:14.848Z,camera_0,1,715.03,458.85,256.18,147571.20,99.8,2000,null,null,30,854,480
2026-09-14T17:31:17.849Z,camera_0,1,303.31,0.00,303.31,147571.20,99.8,2000,null,null,30,854,480
2026-09-14T17:31:17.849Z,camera_1,1,0.00,0.00,0.00,147571.20,100.0,2000,null,null,30,854,480
2026-09-14T17:31:17.849Z,camera_0,1,939.25,635.94,303.31,147571.20,99.8,2000,null,null,30,854,480
2026-09-14T17:31:20.856Z,camera_0,1,276.23,0.00,276.23,147571.20,99.8,2000,null,null,30,854,480
2026-09-14T17:31:20.856Z,camera_1,1,0.00,0.00,0.00,147571.20,100.0,2000,null,null,30,854,480
2026-09-14T17:31:20.856Z,camera_0,1,719.10,442.87,276.23,147571.20,99.8,2000,null,null,30,854,480
2026-09-14T17:31:23.856Z,camera_0,1,110.79,0.00,110.79,147571.20,99.9,2000,null,null,30,854,480
2026-09-14T17:31:23.856Z,camera_1,1,0.00,0.00,0.00,147571.20,100.0,2000,null,null,30,854,480
2026-09-14T17:31:23.861Z,camera_0,1,463.56,352.76,110.79,147571.20,99.9,2000,null,null,30,854,480
2026-09-14T17:31:26.865Z,camera_0,1,210.56,0.00,210.56,147571.20,99.9,2000,null,null,30,854,480
2026-09-14T17:31:26.865Z,camera_1,1,0.00,0.00,0.00,147571.20,100.0,2000,null,null,30,854,480
2026-09-14T17:31:26.865Z,camera_0,1,567.90,357.34,210.56,147571.20,99.9,2000,null,null,30,854,480
2026-09-14T17:31:29.965Z,camera_0,1,313.83,0.00,313.83,147571.20,99.8,2000,null,null,30,854,480
2026-09-14T17:31:29.965Z,camera_1,1,0.00,0.00,0.00,147571.20,100.0,2000,null,null,30,854,480
2026-09-14T17:31:29.968Z,camera_0,1,849.98,536.14,313.83,147571.20,99.8,2000,null,null,30,854,480
2026-09-14T17:31:33.182Z,camera_0,1,222.09,0.00,222.09,147571.20,99.8,2000,null,null,30,854,480
2026-09-14T17:31:33.182Z,camera_1,1,0.00,0.00,0.00,147571.20,100.0,2000,null,null,30,854,480
2026-09-14T17:31:33.187Z,camera_0,1,587.18,365.09,222.09,147571.20,99.8,2000,null,null,30,854,480
2026-09-14T17:31:36.183Z,camera_0,1,268.71,0.00,268.71,147571.20,99.8,2000,null,null,30,854,480
2026-09-14T17:31:36.183Z,camera_1,1,0.00,0.00,0.00,147571.20,100.0,2000,null,null,30,854,480
2026-09-14T17:31:36.188Z,camera_0,1,827.80,559.08,268.71,147571.20,99.8,2000,null,null,30,854,480
2026-09-14T17:31:39.184Z,camera_0,1,369.48,0.00,369.48,147571.20,99.7,2000,null,null,30,854,480
2026-09-14T17:31:39.184Z,camera_1,1,0.00,0.00,0.00,147571.20,100.0,2000,null,null,30,854,480
2026-09-14T17:31:39.184Z,camera_0,1,369.48,0.00,369.48,147571.20,99.7,2000,null,null,30,854,480
2026-09-14T17:31:42.185Z,camera_0,1,0.00,0.00,0.00,746496.00,100.0,2000,null,null,10,1920,1080
2026-09-14T17:31:42.185Z,camera_1,1,0.00,0.00,0.00,746496.00,100.0,2000,null,null,10,1920,1080
2026-09-14T17:31:42.190Z,camera_0,1,984.30,984.30,0.00,746496.00,100.0,2000,null,null,10,1920,1080
2026-09-14T17:31:45.185Z,camera_0,1,0.00,0.00,0.00,746496.00,100.0,2000,null,null,10,1920,1080
2026-09-14T17:31:45.185Z,camera_1,1,0.00,0.00,0.00,746496.00,100.0,2000,null,null,10,1920,1080
2026-09-14T17:31:45.186Z,camera_0,1,955.55,955.55,0.00,746496.00,100.0,2000,null,null,10,1920,1080
2026-09-14T17:31:48.188Z,camera_0,1,0.00,0.00,0.00,746496.00,100.0,2000,null,null,10,1920,1080
2026-09-14T17:31:48.189Z,camera_1,1,0.00,0.00,0.00,746496.00,100.0,2000,null,null,10,1920,1080
2026-09-14T17:31:48.190Z,camera_0,1,571.86,571.86,0.00,746496.00,100.0,2000,null,null,10,1920,1080
2026-09-14T17:31:51.189Z,camera_0,1,0.00,0.00,0.00,746496.00,100.0,2000,null,null,10,1920,1080
2026-09-14T17:31:51.189Z,camera_1,1,0.00,0.00,0.00,746496.00,100.0,2000,null,null,10,1920,1080
2026-09-14T17:31:51.189Z,camera_0,1,0.00,0.00,0.00,746496.00,100.0,2000,null,null,10,1920,1080
2026-09-14T17:31:54.190Z,camera_0,1,93.75,0.00,93.75,746496.00,100.0,2000,null,null,10,1920,1080
2026-09-14T17:31:54.190Z,camera_1,1,0.00,0.00,0.00,746496.00,100.0,2000,null,null,10,1920,1080
2026-09-14T17:31:54.190Z,camera_0,1,374.42,280.67,93.75,746496.00,100.0,2000,null,null,10,1920,1080
2026-09-14T17:31:57.194Z,camera_0,1,13.54,0.00,13.54,746496.00,100.0,2000,null,null,10,1920,1080
2026-09-14T17:31:57.195Z,camera_1,1,0.00,0.00,0.00,746496.00,100.0,2000,null,null,10,1920,1080
2026-09-14T17:31:57.195Z,camera_0,1,201.73,188.19,13.54,746496.00,100.0,2000,null,null,10,1920,1080
2026-09-14T17:32:00.197Z,camera_0,1,7.52,0.00,7.52,746496.00,100.0,2000,null,null,10,1920,1080
2026-09-14T17:32:00.197Z,camera_1,1,0.00,0.00,0.00,746496.00,100.0,2000,null,null,10,1920,1080
2026-09-14T17:32:00.198Z,camera_0,1,103.93,96.41,7.52,746496.00,100.0,2000,null,null,10,1920,1080
2026-09-14T17:32:03.199Z,camera_0,1,61.16,0.00,61.16,746496.00,100.0,2000,null,null,10,1920,1080
2026-09-14T17:32:03.199Z,camera_1,1,0.00,0.00,0.00,746496.00,100.0,2000,null,null,10,1920,1080
2026-09-14T17:32:03.199Z,camera_0,1,245.41,184.24,61.16,746496.00,100.0,2000,null,null,10,1920,1080
2026-09-14T17:32:06.199Z,camera_0,1,111.30,0.00,111.30,746496.00,100.0,2000,null,null,10,1920,1080
2026-09-14T17:32:06.199Z,camera_1,1,0.00,0.00,0.00,746496.00,100.0,2000,null,null,10,1920,1080
2026-09-14T17:32:06.200Z,camera_0,1,300.05,188.76,111.30,746496.00,100.0,2000,null,null,10,1920,1080
2026-09-14T17:32:09.201Z,camera_0,1,18.55,0.00,18.55,147571.20,100.0,2000,null,null,30,854,480
2026-09-14T17:32:09.202Z,camera_1,1,0.00,0.00,0.00,147571.20,100.0,2000,null,null,30,854,480
2026-09-14T17:32:09.202Z,camera_0,1,319.05,300.50,18.55,147571.20,100.0,2000,null,null,30,854,480
2026-09-14T17:32:12.202Z,camera_0,1,95.75,0.00,95.75,147571.20,99.9,2000,null,null,30,854,480
2026-09-14T17:32:12.202Z,camera_1,1,0.00,0.00,0.00,147571.20,100.0,2000,null,null,30,854,480
2026-09-14T17:32:12.202Z,camera_0,1,472.72,376.97,95.75,147571.20,99.9,2000,null,null,30,854,480
2026-09-14T17:32:15.388Z,camera_0,1,0.00,0.00,0.00,110592.00,100.0,2000,null,null,120,640,480
2026-09-14T17:32:15.394Z,camera_1,1,0.00,0.00,0.00,110592.00,100.0,2000,null,null,120,640,480
2026-09-14T17:32:15.397Z,camera_0,1,1100.05,1100.05,0.00,110592.00,100.0,2000,null,null,120,640,480
2026-09-14T17:32:18.708Z,camera_0,1,0.00,0.00,0.00,110592.00,100.0,2000,null,null,120,640,480
2026-09-14T17:32:18.708Z,camera_1,1,0.00,0.00,0.00,110592.00,100.0,2000,null,null,120,640,480
2026-09-14T17:32:18.709Z,camera_0,1,862.66,862.66,0.00,110592.00,100.0,2000,null,null,120,640,480
2026-09-14T17:32:21.710Z,camera_0,1,224.60,0.00,224.60,110592.00,99.8,2000,null,null,120,640,480
2026-09-14T17:32:21.710Z,camera_1,1,0.00,0.00,0.00,110592.00,100.0,2000,null,null,120,640,480
2026-09-14T17:32:21.711Z,camera_0,1,531.43,306.83,224.60,110592.00,99.8,2000,null,null,120,640,480
2026-09-14T17:32:24.711Z,camera_0,1,215.07,0.00,215.07,110592.00,99.8,2000,null,null,120,640,480
2026-09-14T17:32:24.711Z,camera_1,1,0.00,0.00,0.00,110592.00,100.0,2000,null,null,120,640,480
2026-09-14T17:32:24.712Z,camera_0,1,680.82,465.75,215.07,110592.00,99.8,2000,null,null,120,640,480
2026-09-14T17:32:27.823Z,camera_0,1,221.09,0.00,221.09,110592.00,99.8,2000,null,null,120,640,480
2026-09-14T17:32:27.825Z,camera_1,1,0.00,0.00,0.00,110592.00,100.0,2000,null,null,120,640,480
2026-09-14T17:32:27.827Z,camera_0,1,606.46,385.37,221.09,110592.00,99.8,2000,null,null,120,640,480
2026-09-14T17:32:30.823Z,camera_0,1,250.17,0.00,250.17,110592.00,99.8,2000,null,null,120,640,480
2026-09-14T17:32:30.823Z,camera_1,1,0.00,0.00,0.00,110592.00,100.0,2000,null,null,120,640,480
2026-09-14T17:32:30.825Z,camera_0,1,635.78,385.61,250.17,110592.00,99.8,2000,null,null,120,640,480
2026-09-14T17:32:33.824Z,camera_0,1,297.29,0.00,297.29,110592.00,99.7,2000,null,null,120,640,480
2026-09-14T17:32:33.824Z,camera_1,1,0.00,0.00,0.00,110592.00,100.0,2000,null,null,120,640,480
2026-09-14T17:32:33.824Z,camera_0,1,842.32,545.03,297.29,110592.00,99.7,2000,null,null,120,640,480
2026-09-14T17:32:36.827Z,camera_0,1,217.58,0.00,217.58,110592.00,99.8,2000,null,null,120,640,480
2026-09-14T17:32:36.827Z,camera_1,1,0.00,0.00,0.00,110592.00,100.0,2000,null,null,120,640,480
2026-09-14T17:32:36.828Z,camera_0,1,443.95,226.37,217.58,110592.00,99.8,2000,null,null,120,640,480
2026-09-14T17:32:39.856Z,camera_0,1,222.59,0.00,222.59,110592.00,99.8,2000,null,null,120,640,480
2026-09-14T17:32:39.856Z,camera_1,1,0.00,0.00,0.00,110592.00,100.0,2000,null,null,120,640,480
2026-09-14T17:32:39.863Z,camera_0,1,767.59,545.00,222.59,110592.00,99.8,2000,null,null,120,640,480
2026-09-14T17:32:42.856Z,camera_0,1,249.66,0.00,249.66,110592.00,99.8,2000,null,null,120,640,480
2026-09-14T17:32:42.856Z,camera_1,1,0.00,0.00,0.00,110592.00,100.0,2000,null,null,120,640,480
2026-09-14T17:32:42.856Z,camera_0,1,476.47,226.81,249.66,110592.00,99.8,2000,null,null,120,640,480
2026-09-14T17:32:45.856Z,camera_0,1,210.06,0.00,210.06,110592.00,99.8,2000,null,null,120,640,480
2026-09-14T17:32:45.856Z,camera_1,1,0.00,0.00,0.00,110592.00,100.0,2000,null,null,120,640,480
2026-09-14T17:32:45.857Z,camera_0,1,755.32,545.26,210.06,110592.00,99.8,2000,null,null,120,640,480
2026-09-14T17:32:48.862Z,camera_0,1,211.56,0.00,211.56,110592.00,99.8,2000,null,null,120,640,480
2026-09-14T17:32:48.862Z,camera_1,1,0.00,0.00,0.00,110592.00,100.0,2000,null,null,120,640,480
2026-09-14T17:32:48.863Z,camera_0,1,518.28,306.72,211.56,110592.00,99.8,2000,null,null,120,640,480
2026-09-14T17:32:51.996Z,camera_0,1,332.89,0.00,332.89,110592.00,99.7,2000,null,null,120,640,480
2026-09-14T17:32:51.996Z,camera_1,1,0.00,0.00,0.00,110592.00,100.0,2000,null,null,120,640,480
2026-09-14T17:32:51.998Z,camera_0,1,877.84,544.95,332.89,110592.00,99.7,2000,null,null,120,640,480
2026-09-14T17:32:55.097Z,camera_0,1,164.94,0.00,164.94,110592.00,99.9,2000,null,null,120,640,480
2026-09-14T17:32:55.099Z,camera_1,1,0.00,0.00,0.00,110592.00,100.0,2000,null,null,120,640,480
2026-09-14T17:32:55.100Z,camera_0,1,471.56,306.62,164.94,110592.00,99.9,2000,null,null,120,640,480
2026-09-14T17:32:58.135Z,camera_0,1,344.92,0.00,344.92,110592.00,99.7,2000,null,null,120,640,480
2026-09-14T17:32:58.136Z,camera_1,1,0.00,0.00,0.00,110592.00,100.0,2000,null,null,120,640,480
2026-09-14T17:32:58.138Z,camera_0,1,889.12,544.20,344.92,110592.00,99.7,2000,null,null,120,640,480
2026-09-14T17:33:01.131Z,camera_0,1,119.32,0.00,119.32,110592.00,99.9,2000,null,null,120,640,480
2026-09-14T17:33:01.132Z,camera_1,1,0.00,0.00,0.00,110592.00,100.0,2000,null,null,120,640,480
2026-09-14T17:33:01.136Z,camera_0,1,346.03,226.71,119.32,110592.00,99.9,2000,null,null,120,640,480
2026-09-14T17:33:04.131Z,camera_0,1,320.35,0.00,320.35,110592.00,99.7,2000,null,null,120,640,480
2026-09-14T17:33:04.132Z,camera_1,1,0.00,0.00,0.00,110592.00,100.0,2000,null,null,120,640,480
2026-09-14T17:33:04.133Z,camera_0,1,785.27,464.91,320.35,110592.00,99.7,2000,null,null,120,640,480
2026-09-14T17:33:07.130Z,camera_0,1,153.41,0.00,153.41,110592.00,99.9,2000,null,null,120,640,480
2026-09-14T17:33:07.131Z,camera_1,1,0.00,0.00,0.00,110592.00,100.0,2000,null,null,120,640,480
2026-09-14T17:33:07.133Z,camera_0,1,459.66,306.26,153.41,110592.00,99.9,2000,null,null,120,640,480
2026-09-14T17:33:10.133Z,camera_0,1,323.36,0.00,323.36,110592.00,99.7,2000,null,null,120,640,480
2026-09-14T17:33:10.133Z,camera_1,1,0.00,0.00,0.00,110592.00,100.0,2000,null,null,120,640,480
2026-09-14T17:33:10.134Z,camera_0,1,788.93,465.57,323.36,110592.00,99.7,2000,null,null,120,640,480
2026-09-14T17:33:13.301Z,camera_0,1,212.57,0.00,212.57,110592.00,99.8,2000,null,null,120,640,480
2026-09-14T17:33:13.301Z,camera_1,1,0.00,0.00,0.00,110592.00,100.0,2000,null,null,120,640,480
2026-09-14T17:33:13.302Z,camera_0,1,598.86,386.29,212.57,110592.00,99.8,2000,null,null,120,640,480
2026-09-14T17:33:16.296Z,camera_0,1,356.45,0.00,356.45,110592.00,99.7,2000,null,null,120,640,480
2026-09-14T17:33:16.297Z,camera_1,1,0.00,0.00,0.00,110592.00,100.0,2000,null,null,120,640,480
2026-09-14T17:33:16.300Z,camera_0,1,901.76,545.31,356.45,110592.00,99.7,2000,null,null,120,640,480
2026-09-14T17:33:19.298Z,camera_1,1,0.00,0.00,0.00,110592.00,100.0,2000,null,null,120,640,480
2026-09-14T17:33:19.299Z,camera_0,1,822.34,545.10,277.24,110592.00,99.7,2000,null,null,120,640,480
2026-09-14T17:33:19.298Z,camera_0,1,277.24,0.00,277.24,110592.00,99.7,2000,null,null,120,640,480
2026-09-14T17:33:22.477Z,camera_0,1,366.47,0.00,366.47,110592.00,99.7,2000,null,null,120,640,480
2026-09-14T17:33:22.477Z,camera_1,1,0.00,0.00,0.00,110592.00,100.0,2000,null,null,120,640,480
2026-09-14T17:33:22.480Z,camera_0,1,910.91,544.44,366.47,110592.00,99.7,2000,null,null,120,640,480
2026-09-14T17:33:25.478Z,camera_0,1,336.39,0.00,336.39,110592.00,99.7,2000,null,null,120,640,480
2026-09-14T17:33:25.478Z,camera_1,1,0.00,0.00,0.00,110592.00,100.0,2000,null,null,120,640,480
2026-09-14T17:33:25.478Z,camera_0,1,801.53,465.14,336.39,110592.00,99.7,2000,null,null,120,640,480
2026-09-14T17:33:28.481Z,camera_0,1,197.02,0.00,197.02,110592.00,99.8,2000,null,null,120,640,480
2026-09-14T17:33:28.482Z,camera_1,1,0.00,0.00,0.00,110592.00,100.0,2000,null,null,120,640,480
2026-09-14T17:33:28.482Z,camera_0,1,503.74,306.71,197.02,110592.00,99.8,2000,null,null,120,640,480
2026-09-14T17:33:31.482Z,camera_0,1,497.82,0.00,497.82,110592.00,99.5,2000,null,null,120,640,480
2026-09-14T17:33:31.486Z,camera_1,1,0.00,0.00,0.00,110592.00,100.0,2000,null,null,120,640,480
2026-09-14T17:33:31.486Z,camera_0,1,1279.45,781.63,497.82,110592.00,99.5,2000,null,null,120,640,480
2026-09-14T17:33:34.483Z,camera_0,1,300.30,0.00,300.30,110592.00,99.7,2000,null,null,120,640,480
2026-09-14T17:33:34.483Z,camera_1,1,0.00,0.00,0.00,110592.00,100.0,2000,null,null,120,640,480
2026-09-14T17:33:34.483Z,camera_0,1,765.49,465.19,300.30,110592.00,99.7,2000,null,null,120,640,480
2026-09-14T17:33:37.484Z,camera_0,1,408.09,0.00,408.09,110592.00,99.6,2000,null,null,120,640,480
2026-09-14T17:33:37.484Z,camera_1,1,0.00,0.00,0.00,110592.00,100.0,2000,null,null,120,640,480
2026-09-14T17:33:37.487Z,camera_0,1,1191.39,783.31,408.09,110592.00,99.6,2000,null,null,120,640,480
2026-09-14T17:33:40.497Z,camera_0,1,208.55,0.00,208.55,110592.00,99.8,2000,null,null,120,640,480
2026-09-14T17:33:40.497Z,camera_1,1,0.00,0.00,0.00,110592.00,100.0,2000,null,null,120,640,480
2026-09-14T17:33:40.498Z,camera_0,1,515.30,306.75,208.55,110592.00,99.8,2000,null,null,120,640,480
2026-09-14T17:33:43.545Z,camera_0,1,439.17,0.00,439.17,110592.00,99.6,2000,null,null,120,640,480
2026-09-14T17:33:43.545Z,camera_1,1,0.00,0.00,0.00,110592.00,100.0,2000,null,null,120,640,480
2026-09-14T17:33:43.547Z,camera_0,1,1225.10,785.93,439.17,110592.00,99.6,2000,null,null,120,640,480
2026-09-14T17:33:46.544Z,camera_0,1,325.87,0.00,325.87,110592.00,99.7,2000,null,null,120,640,480
2026-09-14T17:33:46.544Z,camera_1,1,0.00,0.00,0.00,110592.00,100.0,2000,null,null,120,640,480
2026-09-14T17:33:46.544Z,camera_0,1,797.11,471.24,325.87,110592.00,99.7,2000,null,null,120,640,480
2026-09-14T17:33:49.544Z,camera_0,1,482.28,0.00,482.28,110592.00,99.6,2000,null,null,120,640,480
2026-09-14T17:33:49.544Z,camera_1,1,0.00,0.00,0.00,110592.00,100.0,2000,null,null,120,640,480
2026-09-14T17:33:49.545Z,camera_0,1,482.28,0.00,482.28,110592.00,99.6,2000,null,null,120,640,480
2026-09-14T17:33:52.614Z,camera_1,1,0.00,0.00,0.00,147571.20,100.0,2000,null,null,30,854,480
2026-09-14T17:33:52.615Z,camera_0,1,1345.45,1345.45,0.00,147571.20,100.0,2000,null,null,30,854,480
2026-09-14T17:33:52.613Z,camera_0,1,0.00,0.00,0.00,147571.20,100.0,2000,null,null,30,854,480
2026-09-14T17:33:55.617Z,camera_0,1,115.81,0.00,115.81,147571.20,99.9,2000,null,null,30,854,480
2026-09-14T17:33:55.617Z,camera_1,1,0.00,0.00,0.00,147571.20,100.0,2000,null,null,30,854,480
2026-09-14T17:33:55.618Z,camera_0,1,1116.16,1000.35,115.81,147571.20,99.9,2000,null,null,30,854,480
2026-09-14T17:33:58.617Z,camera_0,1,290.27,0.00,290.27,147571.20,99.8,2000,null,null,30,854,480
2026-09-14T17:33:58.617Z,camera_1,1,0.00,0.00,0.00,147571.20,100.0,2000,null,null,30,854,480
2026-09-14T17:33:58.617Z,camera_0,1,1009.14,718.86,290.27,147571.20,99.8,2000,null,null,30,854,480
2026-09-14T17:34:01.639Z,camera_0,1,307.32,0.00,307.32,147571.20,99.8,2000,null,null,30,854,480
2026-09-14T17:34:01.640Z,camera_1,1,0.00,0.00,0.00,147571.20,100.0,2000,null,null,30,854,480
2026-09-14T17:34:01.640Z,camera_0,1,1020.42,713.11,307.32,147571.20,99.8,2000,null,null,30,854,480
2026-09-14T17:34:04.640Z,camera_0,1,219.08,0.00,219.08,147571.20,99.9,2000,null,null,30,854,480
2026-09-14T17:34:04.641Z,camera_1,1,0.00,0.00,0.00,147571.20,100.0,2000,null,null,30,854,480
2026-09-14T17:34:04.641Z,camera_0,1,664.89,445.81,219.08,147571.20,99.9,2000,null,null,30,854,480
2026-09-14T17:34:07.642Z,camera_0,1,217.58,0.00,217.58,147571.20,99.9,2000,null,null,30,854,480
2026-09-14T17:34:07.647Z,camera_1,1,0.00,0.00,0.00,147571.20,100.0,2000,null,null,30,854,480
2026-09-14T17:34:07.647Z,camera_0,1,576.04,358.46,217.58,147571.20,99.9,2000,null,null,30,854,480
2026-09-14T17:34:10.646Z,camera_0,1,438.67,0.00,438.67,147571.20,99.7,2000,null,null,30,854,480
2026-09-14T17:34:10.646Z,camera_1,1,0.00,0.00,0.00,147571.20,100.0,2000,null,null,30,854,480
2026-09-14T17:34:10.648Z,camera_0,1,1261.15,822.49,438.67,147571.20,99.7,2000,null,null,30,854,480
2026-09-14T17:34:13.805Z,camera_0,1,470.75,0.00,470.75,147571.20,99.7,2000,null,null,30,854,480
2026-09-14T17:34:13.805Z,camera_1,1,0.00,0.00,0.00,147571.20,100.0,2000,null,null,30,854,480
2026-09-14T17:34:13.805Z,camera_0,1,1367.45,896.70,470.75,147571.20,99.7,2000,null,null,30,854,480
2026-09-14T17:34:16.801Z,camera_0,1,370.99,0.00,370.99,147571.20,99.7,2000,null,null,30,854,480
2026-09-14T17:34:16.801Z,camera_1,1,0.00,0.00,0.00,147571.20,100.0,2000,null,null,30,854,480
2026-09-14T17:34:16.802Z,camera_0,1,1089.68,718.69,370.99,147571.20,99.7,2000,null,null,30,854,480
2026-09-14T17:34:19.802Z,camera_0,1,389.54,0.00,389.54,147571.20,99.7,2000,null,null,30,854,480
2026-09-14T17:34:19.803Z,camera_1,1,0.00,0.00,0.00,147571.20,100.0,2000,null,null,30,854,480
2026-09-14T17:34:19.803Z,camera_0,1,1017.76,628.22,389.54,147571.20,99.7,2000,null,null,30,854,480
2026-09-14T17:34:22.858Z,camera_0,1,356.95,0.00,356.95,147571.20,99.8,2000,null,null,30,854,480
2026-09-14T17:34:22.858Z,camera_1,1,0.00,0.00,0.00,147571.20,100.0,2000,null,null,30,854,480
2026-09-14T17:34:22.863Z,camera_0,1,1074.79,717.84,356.95,147571.20,99.8,2000,null,null,30,854,480
2026-09-14T17:34:25.858Z,camera_0,1,347.93,0.00,347.93,147571.20,99.8,2000,null,null,30,854,480
2026-09-14T17:34:25.859Z,camera_1,1,0.00,0.00,0.00,147571.20,100.0,2000,null,null,30,854,480
2026-09-14T17:34:25.860Z,camera_0,1,1061.37,713.44,347.93,147571.20,99.8,2000,null,null,30,854,480
2026-09-14T17:34:28.861Z,camera_0,1,413.60,0.00,413.60,147571.20,99.7,2000,null,null,30,854,480
2026-09-14T17:34:28.861Z,camera_1,1,0.00,0.00,0.00,147571.20,100.0,2000,null,null,30,854,480
2026-09-14T17:34:28.862Z,camera_0,1,1217.79,804.19,413.60,147571.20,99.7,2000,null,null,30,854,480
2026-09-14T17:34:31.863Z,camera_0,1,448.19,0.00,448.19,147571.20,99.7,2000,null,null,30,854,480
2026-09-14T17:34:31.863Z,camera_1,1,0.00,0.00,0.00,147571.20,100.0,2000,null,null,30,854,480
2026-09-14T17:34:31.864Z,camera_0,1,1184.74,736.54,448.19,147571.20,99.7,2000,null,null,30,854,480
2026-09-14T17:34:34.864Z,camera_0,1,349.93,0.00,349.93,147571.20,99.8,2000,null,null,30,854,480
2026-09-14T17:34:34.878Z,camera_1,1,0.00,0.00,0.00,147571.20,100.0,2000,null,null,30,854,480
2026-09-14T17:34:34.881Z,camera_0,1,1086.32,736.39,349.93,147571.20,99.8,2000,null,null,30,854,480
2026-09-14T17:34:37.902Z,camera_0,1,409.59,0.00,409.59,147571.20,99.7,2000,null,null,30,854,480
2026-09-14T17:34:37.903Z,camera_1,1,0.00,0.00,0.00,147571.20,100.0,2000,null,null,30,854,480
2026-09-14T17:34:37.903Z,camera_0,1,1237.72,828.13,409.59,147571.20,99.7,2000,null,null,30,854,480
2026-09-14T17:34:40.904Z,camera_0,1,260.69,0.00,260.69,147571.20,99.8,2000,null,null,30,854,480
2026-09-14T17:34:40.904Z,camera_1,1,0.00,0.00,0.00,147571.20,100.0,2000,null,null,30,854,480
2026-09-14T17:34:40.905Z,camera_0,1,810.08,549.39,260.69,147571.20,99.8,2000,null,null,30,854,480
2026-09-14T17:34:43.904Z,camera_1,1,0.00,0.00,0.00,147571.20,100.0,2000,null,null,30,854,480
2026-09-14T17:34:43.904Z,camera_0,1,492.81,0.00,492.81,147571.20,99.7,2000,null,null,30,854,480
2026-09-14T17:34:43.909Z,camera_0,1,1319.34,826.53,492.81,147571.20,99.7,2000,null,null,30,854,480
2026-09-14T17:34:46.905Z,camera_0,1,422.62,0.00,422.62,147571.20,99.7,2000,null,null,30,854,480
2026-09-14T17:34:46.906Z,camera_1,1,0.00,0.00,0.00,147571.20,100.0,2000,null,null,30,854,480
2026-09-14T17:34:46.910Z,camera_0,1,1249.38,826.75,422.62,147571.20,99.7,2000,null,null,30,854,480
2026-09-14T17:34:49.906Z,camera_0,1,293.28,0.00,293.28,147571.20,99.8,2000,null,null,30,854,480
2026-09-14T17:34:49.906Z,camera_1,1,0.00,0.00,0.00,147571.20,100.0,2000,null,null,30,854,480
2026-09-14T17:34:49.907Z,camera_0,1,918.48,625.20,293.28,147571.20,99.8,2000,null,null,30,854,480
2026-09-14T17:34:53.001Z,camera_0,1,434.15,0.00,434.15,147571.20,99.7,2000,null,null,30,854,480
2026-09-14T17:34:53.006Z,camera_1,1,0.00,0.00,0.00,147571.20,100.0,2000,null,null,30,854,480
2026-09-14T17:34:53.008Z,camera_0,1,1145.50,711.35,434.15,147571.20,99.7,2000,null,null,30,854,480
2026-09-14T17:34:56.002Z,camera_0,1,347.42,0.00,347.42,147571.20,99.8,2000,null,null,30,854,480
2026-09-14T17:34:56.002Z,camera_1,1,0.00,0.00,0.00,147571.20,100.0,2000,null,null,30,854,480
2026-09-14T17:34:56.003Z,camera_0,1,1065.57,718.14,347.42,147571.20,99.8,2000,null,null,30,854,480
2026-09-14T18:07:32.782Z,camera_0,0,0.00,0.00,0.00,110592.00,100.0,2000,null,null,120,640,480
2026-09-14T18:07:32.783Z,camera_1,0,0.00,0.00,0.00,110592.00,100.0,2000,null,null,120,640,480
2026-09-14T18:07:32.784Z,camera_0,0,0.00,0.00,0.00,110592.00,100.0,2000,null,null,120,640,480
2026-09-14T18:07:35.784Z,camera_1,1,0.00,0.00,0.00,110592.00,100.0,2000,null,null,120,640,480
2026-09-14T18:07:35.785Z,camera_0,1,0.00,0.00,0.00,110592.00,100.0,2000,null,null,120,640,480
2026-09-14T18:07:35.784Z,camera_0,1,0.00,0.00,0.00,110592.00,100.0,2000,null,null,120,640,480
2026-09-14T18:07:38.786Z,camera_1,1,0.00,0.00,0.00,110592.00,100.0,2000,null,null,30,640,480
2026-09-14T18:07:38.787Z,camera_0,1,89.78,89.78,0.00,110592.00,100.0,2000,null,null,30,640,480
2026-09-14T18:07:38.785Z,camera_0,1,0.00,0.00,0.00,110592.00,100.0,2000,null,null,30,640,480
2026-09-14T18:07:41.786Z,camera_0,1,77.71,0.00,77.71,147571.20,99.9,2000,null,null,30,854,480
2026-09-14T18:07:41.787Z,camera_1,1,0.00,0.00,0.00,147571.20,100.0,2000,null,null,30,854,480
2026-09-14T18:07:41.787Z,camera_0,1,691.59,613.88,77.71,147571.20,99.9,2000,null,null,30,854,480
2026-09-14T18:07:44.876Z,camera_0,1,301.30,0.00,301.30,746496.00,100.0,2000,null,null,10,1920,1080
2026-09-14T18:07:44.876Z,camera_1,1,0.00,0.00,0.00,746496.00,100.0,2000,null,null,10,1920,1080
2026-09-14T18:07:44.878Z,camera_0,1,1056.51,755.21,301.30,746496.00,100.0,2000,null,null,10,1920,1080
2026-09-14T18:07:47.875Z,camera_0,1,0.00,0.00,0.00,746496.00,100.0,2000,null,null,10,1920,1080
2026-09-14T18:07:47.875Z,camera_1,1,0.00,0.00,0.00,746496.00,100.0,2000,null,null,10,1920,1080
2026-09-14T18:07:47.877Z,camera_0,1,1014.97,1014.97,0.00,746496.00,100.0,2000,null,null,10,1920,1080
2026-09-14T18:07:50.876Z,camera_1,1,0.00,0.00,0.00,746496.00,100.0,2000,null,null,10,1920,1080
2026-09-14T18:07:50.876Z,camera_0,1,913.02,913.02,0.00,746496.00,100.0,2000,null,null,10,1920,1080
2026-09-14T18:07:50.876Z,camera_0,1,0.00,0.00,0.00,746496.00,100.0,2000,null,null,10,1920,1080
2026-09-14T18:07:53.875Z,camera_0,1,0.00,0.00,0.00,746496.00,100.0,2000,null,null,10,1920,1080
2026-09-14T18:07:53.876Z,camera_1,1,0.00,0.00,0.00,746496.00,100.0,2000,null,null,10,1920,1080
2026-09-14T18:07:53.881Z,camera_0,1,652.41,652.41,0.00,746496.00,100.0,2000,null,null,10,1920,1080
2026-09-14T18:07:56.906Z,camera_0,1,136.86,0.00,136.86,746496.00,100.0,2000,null,null,10,1920,1080
2026-09-14T18:07:56.907Z,camera_1,1,0.00,0.00,0.00,746496.00,100.0,2000,null,null,10,1920,1080
2026-09-14T18:07:56.911Z,camera_0,1,657.86,520.99,136.86,746496.00,100.0,2000,null,null,10,1920,1080
2026-09-14T18:07:59.906Z,camera_0,1,110.29,0.00,110.29,746496.00,100.0,2000,null,null,10,1920,1080
2026-09-14T18:07:59.906Z,camera_1,1,0.00,0.00,0.00,746496.00,100.0,2000,null,null,10,1920,1080
2026-09-14T18:07:59.907Z,camera_0,1,481.37,371.08,110.29,746496.00,100.0,2000,null,null,10,1920,1080
2026-09-14T18:08:02.906Z,camera_0,1,142.38,0.00,142.38,746496.00,100.0,2000,null,null,10,1920,1080
2026-09-14T18:08:02.907Z,camera_1,1,0.00,0.00,0.00,746496.00,100.0,2000,null,null,10,1920,1080
2026-09-14T18:08:02.907Z,camera_0,1,824.26,681.89,142.38,746496.00,100.0,2000,null,null,10,1920,1080
2026-09-14T18:08:05.906Z,camera_0,1,163.94,0.00,163.94,746496.00,100.0,2000,null,null,10,1920,1080
2026-09-14T18:08:05.907Z,camera_1,1,0.00,0.00,0.00,746496.00,100.0,2000,null,null,10,1920,1080
2026-09-14T18:08:05.907Z,camera_0,1,625.18,461.24,163.94,746496.00,100.0,2000,null,null,10,1920,1080
2026-09-14T18:08:08.908Z,camera_0,1,223.09,0.00,223.09,746496.00,100.0,2000,null,null,10,1920,1080
2026-09-14T18:08:08.908Z,camera_1,1,0.00,0.00,0.00,746496.00,100.0,2000,null,null,10,1920,1080
2026-09-14T18:08:08.909Z,camera_0,1,928.21,705.12,223.09,746496.00,100.0,2000,null,null,10,1920,1080
2026-09-14T18:08:11.908Z,camera_0,1,163.94,0.00,163.94,746496.00,100.0,2000,null,null,10,1920,1080
2026-09-14T18:08:11.909Z,camera_1,1,0.00,0.00,0.00,746496.00,100.0,2000,null,null,10,1920,1080
2026-09-14T18:08:11.909Z,camera_0,1,632.10,468.16,163.94,746496.00,100.0,2000,null,null,10,1920,1080
2026-09-14T18:08:14.909Z,camera_0,1,229.11,0.00,229.11,746496.00,100.0,2000,null,null,10,1920,1080
2026-09-14T18:08:14.909Z,camera_1,1,0.00,0.00,0.00,746496.00,100.0,2000,null,null,10,1920,1080
2026-09-14T18:08:14.912Z,camera_0,1,936.94,707.83,229.11,746496.00,100.0,2000,null,null,10,1920,1080
2026-09-14T18:08:17.911Z,camera_0,1,183.99,0.00,183.99,746496.00,100.0,2000,null,null,10,1920,1080
2026-09-14T18:08:17.911Z,camera_1,1,0.00,0.00,0.00,746496.00,100.0,2000,null,null,10,1920,1080
2026-09-14T18:08:17.912Z,camera_0,1,536.06,352.07,183.99,746496.00,100.0,2000,null,null,10,1920,1080
2026-09-14T18:08:20.914Z,camera_0,1,215.57,0.00,215.57,746496.00,100.0,2000,null,null,10,1920,1080
2026-09-14T18:08:20.914Z,camera_1,1,0.00,0.00,0.00,746496.00,100.0,2000,null,null,10,1920,1080
2026-09-14T18:08:20.915Z,camera_0,1,928.02,712.45,215.57,746496.00,100.0,2000,null,null,10,1920,1080
2026-09-14T18:08:23.915Z,camera_0,1,127.34,0.00,127.34,746496.00,100.0,2000,null,null,10,1920,1080
2026-09-14T18:08:23.915Z,camera_1,1,0.00,0.00,0.00,746496.00,100.0,2000,null,null,10,1920,1080
2026-09-14T18:08:23.916Z,camera_0,1,479.73,352.39,127.34,746496.00,100.0,2000,null,null,10,1920,1080
2026-09-14T18:08:26.921Z,camera_0,1,278.24,0.00,278.24,746496.00,100.0,2000,null,null,10,1920,1080
2026-09-14T18:08:26.922Z,camera_1,1,0.00,0.00,0.00,746496.00,100.0,2000,null,null,10,1920,1080
2026-09-14T18:08:26.923Z,camera_0,1,981.07,702.83,278.24,746496.00,100.0,2000,null,null,10,1920,1080
2026-09-14T18:08:29.922Z,camera_0,1,201.03,0.00,201.03,746496.00,100.0,2000,null,null,10,1920,1080
2026-09-14T18:08:29.922Z,camera_1,1,0.00,0.00,0.00,746496.00,100.0,2000,null,null,10,1920,1080
2026-09-14T18:08:29.922Z,camera_0,1,666.95,465.92,201.03,746496.00,100.0,2000,null,null,10,1920,1080
2026-09-14T18:08:32.925Z,camera_0,1,127.84,0.00,127.84,746496.00,100.0,2000,null,null,10,1920,1080
2026-09-14T18:08:32.925Z,camera_1,1,0.00,0.00,0.00,746496.00,100.0,2000,null,null,10,1920,1080
2026-09-14T18:08:32.926Z,camera_0,1,361.89,234.05,127.84,746496.00,100.0,2000,null,null,10,1920,1080
2026-09-14T18:08:35.930Z,camera_0,1,174.46,0.00,174.46,746496.00,100.0,2000,null,null,10,1920,1080
2026-09-14T18:08:35.931Z,camera_1,1,0.00,0.00,0.00,746496.00,100.0,2000,null,null,10,1920,1080
2026-09-14T18:08:35.932Z,camera_0,1,649.12,474.66,174.46,746496.00,100.0,2000,null,null,10,1920,1080
2026-09-14T18:08:39.213Z,camera_0,1,204.54,0.00,204.54,746496.00,100.0,2000,null,null,10,1920,1080
2026-09-14T18:08:39.213Z,camera_1,1,0.00,0.00,0.00,746496.00,100.0,2000,null,null,10,1920,1080
2026-09-14T18:08:39.216Z,camera_0,1,678.44,473.89,204.54,746496.00,100.0,2000,null,null,10,1920,1080
2026-09-14T18:08:42.214Z,camera_0,1,40.61,0.00,40.61,746496.00,100.0,2000,null,null,10,1920,1080
2026-09-14T18:08:42.222Z,camera_1,1,0.00,0.00,0.00,746496.00,100.0,2000,null,null,10,1920,1080
2026-09-14T18:08:42.223Z,camera_0,1,40.61,0.00,40.61,746496.00,100.0,2000,null,null,10,1920,1080
2026-09-14T18:08:45.215Z,camera_0,1,0.00,0.00,0.00,147571.20,100.0,2000,null,null,30,854,480
2026-09-14T18:08:45.215Z,camera_1,1,0.00,0.00,0.00,147571.20,100.0,2000,null,null,30,854,480
2026-09-14T18:08:45.215Z,camera_0,1,228.56,228.56,0.00,147571.20,100.0,2000,null,null,30,854,480
2026-09-14T18:08:48.215Z,camera_0,1,0.00,0.00,0.00,147571.20,100.0,2000,null,null,30,854,480
2026-09-14T18:08:48.218Z,camera_1,1,0.00,0.00,0.00,147571.20,100.0,2000,null,null,30,854,480
2026-09-14T18:08:48.218Z,camera_0,1,0.00,0.00,0.00,147571.20,100.0,2000,null,null,30,854,480
2026-09-14T18:08:51.216Z,camera_0,1,0.00,0.00,0.00,746496.00,100.0,2000,null,null,10,1920,1080
2026-09-14T18:08:51.216Z,camera_1,1,0.00,0.00,0.00,746496.00,100.0,2000,null,null,10,1920,1080
2026-09-14T18:08:51.216Z,camera_0,1,344.11,344.11,0.00,746496.00,100.0,2000,null,null,10,1920,1080
2026-09-14T18:08:54.465Z,camera_0,1,0.00,0.00,0.00,746496.00,100.0,2000,null,null,10,1920,1080
2026-09-14T18:08:54.465Z,camera_1,1,0.00,0.00,0.00,746496.00,100.0,2000,null,null,10,1920,1080
2026-09-14T18:08:54.465Z,camera_0,1,807.27,807.27,0.00,746496.00,100.0,2000,null,null,10,1920,1080
2026-09-14T18:08:57.469Z,camera_0,1,0.00,0.00,0.00,746496.00,100.0,2000,null,null,10,1920,1080
2026-09-14T18:08:57.469Z,camera_1,1,0.00,0.00,0.00,746496.00,100.0,2000,null,null,10,1920,1080
2026-09-14T18:08:57.470Z,camera_0,1,915.44,915.44,0.00,746496.00,100.0,2000,null,null,10,1920,1080
2026-09-14T18:09:00.564Z,camera_0,1,0.00,0.00,0.00,746496.00,100.0,2000,null,null,10,1920,1080
2026-09-14T18:09:00.564Z,camera_1,1,0.00,0.00,0.00,746496.00,100.0,2000,null,null,10,1920,1080
2026-09-14T18:09:00.564Z,camera_0,1,686.59,686.59,0.00,746496.00,100.0,2000,null,null,10,1920,1080
2026-09-14T18:09:03.568Z,camera_0,1,0.00,0.00,0.00,746496.00,100.0,2000,null,null,10,1920,1080
2026-09-14T18:09:03.568Z,camera_1,1,0.00,0.00,0.00,746496.00,100.0,2000,null,null,10,1920,1080
2026-09-14T18:09:03.572Z,camera_0,1,226.09,226.09,0.00,746496.00,100.0,2000,null,null,10,1920,1080
2026-09-14T18:09:06.570Z,camera_0,1,0.00,0.00,0.00,746496.00,100.0,2000,null,null,10,1920,1080
2026-09-14T18:09:06.570Z,camera_1,1,0.00,0.00,0.00,746496.00,100.0,2000,null,null,10,1920,1080
2026-09-14T18:09:06.570Z,camera_0,1,0.00,0.00,0.00,746496.00,100.0,2000,null,null,10,1920,1080
2026-09-14T18:09:09.571Z,camera_0,1,64.67,0.00,64.67,746496.00,100.0,2000,null,null,10,1920,1080
2026-09-14T18:09:09.571Z,camera_0,1,179.54,114.87,64.67,746496.00,100.0,2000,null,null,10,1920,1080
2026-09-14T18:09:09.571Z,camera_1,1,0.00,0.00,0.00,746496.00,100.0,2000,null,null,10,1920,1080
2026-09-14T18:09:12.577Z,camera_0,1,54.65,0.00,54.65,746496.00,100.0,2000,null,null,10,1920,1080
2026-09-14T18:09:12.578Z,camera_0,1,282.99,228.35,54.65,746496.00,100.0,2000,null,null,10,1920,1080
2026-09-14T18:09:12.577Z,camera_1,1,0.00,0.00,0.00,746496.00,100.0,2000,null,null,10,1920,1080
2026-09-14T18:09:15.580Z,camera_0,1,34.59,0.00,34.59,746496.00,100.0,2000,null,null,10,1920,1080
2026-09-14T18:09:15.580Z,camera_1,1,0.00,0.00,0.00,746496.00,100.0,2000,null,null,10,1920,1080
2026-09-14T18:09:15.581Z,camera_0,1,264.06,229.47,34.59,746496.00,100.0,2000,null,null,10,1920,1080
2026-09-14T18:09:18.874Z,camera_0,1,80.21,0.00,80.21,746496.00,100.0,2000,null,null,10,1920,1080
2026-09-14T18:09:18.875Z,camera_1,1,0.00,0.00,0.00,746496.00,100.0,2000,null,null,10,1920,1080
2026-09-14T18:09:18.877Z,camera_0,1,309.78,229.57,80.21,746496.00,100.0,2000,null,null,10,1920,1080
2026-09-14T18:09:22.051Z,camera_0,1,51.14,0.00,51.14,746496.00,100.0,2000,null,null,10,1920,1080
2026-09-14T18:09:22.051Z,camera_1,1,0.00,0.00,0.00,746496.00,100.0,2000,null,null,10,1920,1080
2026-09-14T18:09:22.051Z,camera_0,1,397.49,346.35,51.14,746496.00,100.0,2000,null,null,10,1920,1080
2026-09-14T18:09:25.048Z,camera_0,1,73.70,0.00,73.70,746496.00,100.0,2000,null,null,10,1920,1080
2026-09-14T18:09:25.048Z,camera_1,1,0.00,0.00,0.00,746496.00,100.0,2000,null,null,10,1920,1080
2026-09-14T18:09:25.048Z,camera_0,1,303.56,229.86,73.70,746496.00,100.0,2000,null,null,10,1920,1080
2026-09-14T18:09:28.049Z,camera_0,1,75.70,0.00,75.70,746496.00,100.0,2000,null,null,10,1920,1080
2026-09-14T18:09:28.050Z,camera_1,1,0.00,0.00,0.00,746496.00,100.0,2000,null,null,10,1920,1080
2026-09-14T18:09:28.050Z,camera_0,1,305.96,230.26,75.70,746496.00,100.0,2000,null,null,10,1920,1080
2026-09-14T18:09:31.050Z,camera_0,1,64.17,0.00,64.17,746496.00,100.0,2000,null,null,10,1920,1080
2026-09-14T18:09:31.053Z,camera_1,1,0.00,0.00,0.00,746496.00,100.0,2000,null,null,10,1920,1080
2026-09-14T18:09:31.057Z,camera_0,1,294.30,230.13,64.17,746496.00,100.0,2000,null,null,10,1920,1080
2026-09-14T18:09:34.052Z,camera_0,1,145.39,0.00,145.39,746496.00,100.0,2000,null,null,10,1920,1080
2026-09-14T18:09:34.052Z,camera_1,1,0.00,0.00,0.00,746496.00,100.0,2000,null,null,10,1920,1080
2026-09-14T18:09:34.053Z,camera_0,1,492.18,346.79,145.39,746496.00,100.0,2000,null,null,10,1920,1080
2026-09-14T18:09:37.053Z,camera_0,1,120.32,0.00,120.32,746496.00,100.0,2000,null,null,10,1920,1080
2026-09-14T18:09:37.053Z,camera_1,1,0.00,0.00,0.00,746496.00,100.0,2000,null,null,10,1920,1080
2026-09-14T18:09:37.054Z,camera_0,1,466.76,346.44,120.32,746496.00,100.0,2000,null,null,10,1920,1080
2026-09-14T18:09:40.052Z,camera_0,1,108.29,0.00,108.29,746496.00,100.0,2000,null,null,10,1920,1080
2026-09-14T18:09:40.052Z,camera_1,1,0.00,0.00,0.00,746496.00,100.0,2000,null,null,10,1920,1080
2026-09-14T18:09:40.052Z,camera_0,1,450.74,342.46,108.29,746496.00,100.0,2000,null,null,10,1920,1080
2026-09-14T18:09:43.057Z,camera_0,1,111.80,0.00,111.80,746496.00,100.0,2000,null,null,10,1920,1080
2026-09-14T18:09:43.058Z,camera_1,1,0.00,0.00,0.00,746496.00,100.0,2000,null,null,10,1920,1080
2026-09-14T18:09:43.058Z,camera_0,1,338.74,226.94,111.80,746496.00,100.0,2000,null,null,10,1920,1080
2026-09-14T18:09:46.058Z,camera_0,1,135.86,0.00,135.86,746496.00,100.0,2000,null,null,10,1920,1080
2026-09-14T18:09:46.058Z,camera_1,1,0.00,0.00,0.00,746496.00,100.0,2000,null,null,10,1920,1080
2026-09-14T18:09:46.058Z,camera_0,1,594.10,458.24,135.86,746496.00,100.0,2000,null,null,10,1920,1080
2026-09-14T18:09:49.178Z,camera_0,1,120.82,0.00,120.82,746496.00,100.0,2000,null,null,10,1920,1080
2026-09-14T18:09:49.178Z,camera_1,1,0.00,0.00,0.00,746496.00,100.0,2000,null,null,10,1920,1080
2026-09-14T18:09:49.178Z,camera_0,1,347.82,227.00,120.82,746496.00,100.0,2000,null,null,10,1920,1080
2026-09-14T18:09:52.255Z,camera_0,1,120.82,0.00,120.82,746496.00,100.0,2000,null,null,10,1920,1080
2026-09-14T18:09:52.256Z,camera_1,1,0.00,0.00,0.00,746496.00,100.0,2000,null,null,10,1920,1080
2026-09-14T18:09:52.258Z,camera_0,1,464.01,343.19,120.82,746496.00,100.0,2000,null,null,10,1920,1080
2026-09-14T18:09:55.256Z,camera_0,1,138.87,0.00,138.87,746496.00,100.0,2000,null,null,10,1920,1080
2026-09-14T18:09:55.256Z,camera_1,1,0.00,0.00,0.00,746496.00,100.0,2000,null,null,10,1920,1080
2026-09-14T18:09:55.258Z,camera_0,1,342.02,203.15,138.87,746496.00,100.0,2000,null,null,10,1920,1080
2026-09-14T18:09:58.432Z,camera_0,1,188.50,0.00,188.50,746496.00,100.0,2000,null,null,10,1920,1080
2026-09-14T18:09:58.437Z,camera_1,1,0.00,0.00,0.00,746496.00,100.0,2000,null,null,10,1920,1080
2026-09-14T18:09:58.437Z,camera_0,1,602.72,414.22,188.50,746496.00,100.0,2000,null,null,10,1920,1080
2026-09-14T18:10:01.433Z,camera_0,1,130.35,0.00,130.35,746496.00,100.0,2000,null,null,10,1920,1080
2026-09-14T18:10:01.434Z,camera_1,1,0.00,0.00,0.00,746496.00,100.0,2000,null,null,10,1920,1080
2026-09-14T18:10:01.435Z,camera_0,1,437.31,306.96,130.35,746496.00,100.0,2000,null,null,10,1920,1080
2026-09-14T18:10:04.434Z,camera_0,1,38.60,0.00,38.60,746496.00,100.0,2000,null,null,10,1920,1080
2026-09-14T18:10:04.441Z,camera_1,1,0.00,0.00,0.00,746496.00,100.0,2000,null,null,10,1920,1080
2026-09-14T18:10:04.442Z,camera_0,1,143.01,104.41,38.60,746496.00,100.0,2000,null,null,10,1920,1080
2026-09-14T18:10:07.433Z,camera_0,1,146.89,0.00,146.89,746496.00,100.0,2000,null,null,10,1920,1080
2026-09-14T18:10:07.434Z,camera_1,1,0.00,0.00,0.00,746496.00,100.0,2000,null,null,10,1920,1080
2026-09-14T18:10:07.440Z,camera_0,1,341.99,195.10,146.89,746496.00,100.0,2000,null,null,10,1920,1080
2026-09-14T18:10:10.525Z,camera_0,1,188.00,0.00,188.00,746496.00,100.0,2000,null,null,10,1920,1080
2026-09-14T18:10:10.526Z,camera_1,1,0.00,0.00,0.00,746496.00,100.0,2000,null,null,10,1920,1080
2026-09-14T18:10:10.526Z,camera_0,1,602.69,414.69,188.00,746496.00,100.0,2000,null,null,10,1920,1080
2026-09-14T18:10:13.644Z,camera_0,1,126.84,0.00,126.84,746496.00,100.0,2000,null,null,10,1920,1080
2026-09-14T18:10:13.644Z,camera_1,1,0.00,0.00,0.00,746496.00,100.0,2000,null,null,10,1920,1080
2026-09-14T18:10:13.644Z,camera_0,1,442.92,316.08,126.84,746496.00,100.0,2000,null,null,10,1920,1080
2026-09-14T18:10:16.645Z,camera_0,1,139.37,0.00,139.37,746496.00,100.0,2000,null,null,10,1920,1080
2026-09-14T18:10:16.645Z,camera_1,1,0.00,0.00,0.00,746496.00,100.0,2000,null,null,10,1920,1080
2026-09-14T18:10:16.645Z,camera_0,1,246.74,107.37,139.37,746496.00,100.0,2000,null,null,10,1920,1080
2026-09-14T18:10:19.648Z,camera_0,1,126.84,0.00,126.84,746496.00,100.0,2000,null,null,10,1920,1080
2026-09-14T18:10:19.648Z,camera_1,1,0.00,0.00,0.00,746496.00,100.0,2000,null,null,10,1920,1080
2026-09-14T18:10:19.649Z,camera_0,1,548.31,421.47,126.84,746496.00,100.0,2000,null,null,10,1920,1080
2026-09-14T18:10:22.650Z,camera_0,1,188.00,0.00,188.00,746496.00,100.0,2000,null,null,10,1920,1080
2026-09-14T18:10:22.650Z,camera_1,1,0.00,0.00,0.00,746496.00,100.0,2000,null,null,10,1920,1080
2026-09-14T18:10:22.650Z,camera_0,1,615.78,427.78,188.00,746496.00,100.0,2000,null,null,10,1920,1080
2026-09-14T18:10:25.652Z,camera_0,1,181.48,0.00,181.48,746496.00,100.0,2000,null,null,10,1920,1080
2026-09-14T18:10:25.652Z,camera_1,1,0.00,0.00,0.00,746496.00,100.0,2000,null,null,10,1920,1080
2026-09-14T18:10:25.652Z,camera_0,1,500.06,318.58,181.48,746496.00,100.0,2000,null,null,10,1920,1080
2026-09-14T18:10:28.653Z,camera_0,1,160.43,0.00,160.43,746496.00,100.0,2000,null,null,10,1920,1080
2026-09-14T18:10:28.653Z,camera_1,1,0.00,0.00,0.00,746496.00,100.0,2000,null,null,10,1920,1080
2026-09-14T18:10:28.653Z,camera_0,1,587.35,426.93,160.43,746496.00,100.0,2000,null,null,10,1920,1080
2026-09-14T18:10:31.654Z,camera_0,1,188.00,0.00,188.00,746496.00,100.0,2000,null,null,10,1920,1080
2026-09-14T18:10:31.654Z,camera_1,1,0.00,0.00,0.00,746496.00,100.0,2000,null,null,10,1920,1080
2026-09-14T18:10:31.654Z,camera_0,1,613.43,425.43,188.00,746496.00,100.0,2000,null,null,10,1920,1080
2026-09-14T18:10:34.654Z,camera_0,1,192.01,0.00,192.01,746496.00,100.0,2000,null,null,10,1920,1080
2026-09-14T18:10:34.654Z,camera_1,1,0.00,0.00,0.00,746496.00,100.0,2000,null,null,10,1920,1080
2026-09-14T18:10:34.654Z,camera_0,1,508.95,316.94,192.01,746496.00,100.0,2000,null,null,10,1920,1080
2026-09-14T18:10:37.655Z,camera_0,1,200.53,0.00,200.53,746496.00,100.0,2000,null,null,10,1920,1080
2026-09-14T18:10:37.655Z,camera_1,1,0.00,0.00,0.00,746496.00,100.0,2000,null,null,10,1920,1080
2026-09-14T18:10:37.655Z,camera_0,1,625.12,424.59,200.53,746496.00,100.0,2000,null,null,10,1920,1080
2026-09-14T18:10:40.654Z,camera_0,1,129.85,0.00,129.85,746496.00,100.0,2000,null,null,10,1920,1080
2026-09-14T18:10:40.654Z,camera_1,1,0.00,0.00,0.00,746496.00,100.0,2000,null,null,10,1920,1080
2026-09-14T18:10:40.655Z,camera_0,1,441.70,311.85,129.85,746496.00,100.0,2000,null,null,10,1920,1080
2026-09-14T18:10:43.655Z,camera_0,1,202.54,0.00,202.54,746496.00,100.0,2000,null,null,10,1920,1080
2026-09-14T18:10:43.655Z,camera_1,1,0.00,0.00,0.00,746496.00,100.0,2000,null,null,10,1920,1080
2026-09-14T18:10:43.656Z,camera_0,1,514.15,311.61,202.54,746496.00,100.0,2000,null,null,10,1920,1080
2026-09-14T18:10:46.809Z,camera_0,1,250.67,0.00,250.67,746496.00,100.0,2000,null,null,10,1920,1080
2026-09-14T18:10:46.813Z,camera_1,1,0.00,0.00,0.00,746496.00,100.0,2000,null,null,10,1920,1080
2026-09-14T18:10:46.813Z,camera_0,1,776.35,525.68,250.67,746496.00,100.0,2000,null,null,10,1920,1080
2026-09-14T18:10:49.808Z,camera_0,1,125.83,0.00,125.83,746496.00,100.0,2000,null,null,10,1920,1080
2026-09-14T18:10:49.808Z,camera_1,1,0.00,0.00,0.00,746496.00,100.0,2000,null,null,10,1920,1080
2026-09-14T18:10:49.808Z,camera_0,1,442.13,316.29,125.83,746496.00,100.0,2000,null,null,10,1920,1080
2026-09-14T18:10:53.016Z,camera_0,1,237.13,0.00,237.13,746496.00,100.0,2000,null,null,10,1920,1080
2026-09-14T18:10:53.016Z,camera_1,1,0.00,0.00,0.00,746496.00,100.0,2000,null,null,10,1920,1080
2026-09-14T18:10:53.016Z,camera_0,1,661.55,424.42,237.13,746496.00,100.0,2000,null,null,10,1920,1080
2026-09-14T18:10:56.094Z,camera_0,1,200.53,0.00,200.53,746496.00,100.0,2000,null,null,10,1920,1080
2026-09-14T18:10:56.094Z,camera_1,1,0.00,0.00,0.00,746496.00,100.0,2000,null,null,10,1920,1080
2026-09-14T18:10:56.094Z,camera_0,1,625.17,424.64,200.53,746496.00,100.0,2000,null,null,10,1920,1080
2026-09-14T18:10:59.096Z,camera_0,1,82.72,0.00,82.72,746496.00,100.0,2000,null,null,10,1920,1080
2026-09-14T18:10:59.096Z,camera_1,1,0.00,0.00,0.00,746496.00,100.0,2000,null,null,10,1920,1080
2026-09-14T18:10:59.096Z,camera_0,1,291.41,208.69,82.72,746496.00,100.0,2000,null,null,10,1920,1080
2026-09-14T18:11:02.393Z,camera_0,1,280.75,0.00,280.75,746496.00,100.0,2000,null,null,10,1920,1080
2026-09-14T18:11:02.393Z,camera_1,1,0.00,0.00,0.00,746496.00,100.0,2000,null,null,10,1920,1080
2026-09-14T18:11:02.394Z,camera_0,1,813.89,533.15,280.75,746496.00,100.0,2000,null,null,10,1920,1080
2026-09-14T18:11:05.397Z,camera_0,1,193.01,0.00,193.01,746496.00,100.0,2000,null,null,10,1920,1080
2026-09-14T18:11:05.397Z,camera_1,1,0.00,0.00,0.00,746496.00,100.0,2000,null,null,10,1920,1080
2026-09-14T18:11:05.397Z,camera_0,1,617.60,424.59,193.01,746496.00,100.0,2000,null,null,10,1920,1080
2026-09-14T18:11:08.396Z,camera_0,1,137.87,0.00,137.87,746496.00,100.0,2000,null,null,10,1920,1080
2026-09-14T18:11:08.396Z,camera_1,1,0.00,0.00,0.00,746496.00,100.0,2000,null,null,10,1920,1080
2026-09-14T18:11:08.396Z,camera_0,1,346.80,208.93,137.87,746496.00,100.0,2000,null,null,10,1920,1080
2026-09-14T18:11:11.397Z,camera_0,1,238.63,0.00,238.63,746496.00,100.0,2000,null,null,10,1920,1080
2026-09-14T18:11:11.397Z,camera_1,1,0.00,0.00,0.00,746496.00,100.0,2000,null,null,10,1920,1080
2026-09-14T18:11:11.397Z,camera_0,1,771.07,532.44,238.63,746496.00,100.0,2000,null,null,10,1920,1080
2026-09-14T18:11:14.400Z,camera_0,1,166.44,0.00,166.44,746496.00,100.0,2000,null,null,10,1920,1080
2026-09-14T18:11:14.400Z,camera_1,1,0.00,0.00,0.00,746496.00,100.0,2000,null,null,10,1920,1080
2026-09-14T18:11:14.400Z,camera_0,1,591.52,425.07,166.44,746496.00,100.0,2000,null,null,10,1920,1080
2026-09-14T18:11:17.452Z,camera_0,1,233.12,0.00,233.12,746496.00,100.0,2000,null,null,10,1920,1080
2026-09-14T18:11:17.452Z,camera_1,1,0.00,0.00,0.00,746496.00,100.0,2000,null,null,10,1920,1080
2026-09-14T18:11:17.452Z,camera_0,1,655.58,422.46,233.12,746496.00,100.0,2000,null,null,10,1920,1080
2026-09-14T18:11:20.452Z,camera_0,1,236.63,0.00,236.63,746496.00,100.0,2000,null,null,10,1920,1080
2026-09-14T18:11:20.452Z,camera_1,1,0.00,0.00,0.00,746496.00,100.0,2000,null,null,10,1920,1080
2026-09-14T18:11:20.453Z,camera_0,1,444.91,208.29,236.63,746496.00,100.0,2000,null,null,10,1920,1080
2026-09-14T18:11:23.453Z,camera_0,1,0.00,0.00,0.00,147571.20,100.0,2000,null,null,30,854,480
2026-09-14T18:11:23.455Z,camera_1,1,0.00,0.00,0.00,147571.20,100.0,2000,null,null,30,854,480
2026-09-14T18:11:23.455Z,camera_0,1,1159.49,1159.49,0.00,147571.20,100.0,2000,null,null,30,854,480
2026-09-14T18:11:26.453Z,camera_0,1,430.65,0.00,430.65,147571.20,99.7,2000,null,null,30,854,480
2026-09-14T18:11:26.453Z,camera_1,1,0.00,0.00,0.00,147571.20,100.0,2000,null,null,30,854,480
2026-09-14T18:11:26.453Z,camera_0,1,430.65,0.00,430.65,147571.20,99.7,2000,null,null,30,854,480
2026-09-14T18:11:29.657Z,camera_0,1,0.00,0.00,0.00,746496.00,100.0,2000,null,null,10,1920,1080
2026-09-14T18:11:29.657Z,camera_1,1,0.00,0.00,0.00,746496.00,100.0,2000,null,null,10,1920,1080
2026-09-14T18:11:29.657Z,camera_0,1,699.62,699.62,0.00,746496.00,100.0,2000,null,null,10,1920,1080
2026-09-14T18:11:32.876Z,camera_0,1,0.00,0.00,0.00,746496.00,100.0,2000,null,null,10,1920,1080
2026-09-14T18:11:32.876Z,camera_1,1,0.00,0.00,0.00,746496.00,100.0,2000,null,null,10,1920,1080
2026-09-14T18:11:32.877Z,camera_0,1,941.53,941.53,0.00,746496.00,100.0,2000,null,null,10,1920,1080
2026-09-14T18:11:35.877Z,camera_0,1,0.00,0.00,0.00,746496.00,100.0,2000,null,null,10,1920,1080
2026-09-14T18:11:35.879Z,camera_1,1,0.00,0.00,0.00,746496.00,100.0,2000,null,null,10,1920,1080
2026-09-14T18:11:35.879Z,camera_0,1,823.54,823.54,0.00,746496.00,100.0,2000,null,null,10,1920,1080
2026-09-14T18:11:38.878Z,camera_0,1,0.00,0.00,0.00,746496.00,100.0,2000,null,null,10,1920,1080
2026-09-14T18:11:38.878Z,camera_1,1,0.00,0.00,0.00,746496.00,100.0,2000,null,null,10,1920,1080
2026-09-14T18:11:38.879Z,camera_0,1,583.87,583.87,0.00,746496.00,100.0,2000,null,null,10,1920,1080
2026-09-14T18:11:41.878Z,camera_0,1,0.00,0.00,0.00,746496.00,100.0,2000,null,null,10,1920,1080
2026-09-14T18:11:41.878Z,camera_1,1,0.00,0.00,0.00,746496.00,100.0,2000,null,null,10,1920,1080
2026-09-14T18:11:41.879Z,camera_0,1,0.00,0.00,0.00,746496.00,100.0,2000,null,null,10,1920,1080
2026-09-14T18:11:44.879Z,camera_0,1,101.27,0.00,101.27,746496.00,100.0,2000,null,null,10,1920,1080
2026-09-14T18:11:44.879Z,camera_1,1,0.00,0.00,0.00,746496.00,100.0,2000,null,null,10,1920,1080
2026-09-14T18:11:44.880Z,camera_0,1,333.26,231.99,101.27,746496.00,100.0,2000,null,null,10,1920,1080
2026-09-14T18:11:47.882Z,camera_0,1,57.65,0.00,57.65,746496.00,100.0,2000,null,null,10,1920,1080
2026-09-14T18:11:47.882Z,camera_1,1,0.00,0.00,0.00,746496.00,100.0,2000,null,null,10,1920,1080
2026-09-14T18:11:47.882Z,camera_0,1,408.77,351.12,57.65,746496.00,100.0,2000,null,null,10,1920,1080
2026-09-14T18:11:51.029Z,camera_0,1,120.32,0.00,120.32,746496.00,100.0,2000,null,null,10,1920,1080
2026-09-14T18:11:51.029Z,camera_1,1,0.00,0.00,0.00,746496.00,100.0,2000,null,null,10,1920,1080
2026-09-14T18:11:51.029Z,camera_0,1,586.93,466.61,120.32,746496.00,100.0,2000,null,null,10,1920,1080
2026-09-14T18:11:54.030Z,camera_0,1,133.86,0.00,133.86,746496.00,100.0,2000,null,null,10,1920,1080
2026-09-14T18:11:54.030Z,camera_1,1,0.00,0.00,0.00,746496.00,100.0,2000,null,null,10,1920,1080
2026-09-14T18:11:54.030Z,camera_0,1,602.07,468.21,133.86,746496.00,100.0,2000,null,null,10,1920,1080
2026-09-14T18:11:57.028Z,camera_0,1,68.18,0.00,68.18,746496.00,100.0,2000,null,null,10,1920,1080
2026-09-14T18:11:57.034Z,camera_0,1,186.39,118.21,68.18,746496.00,100.0,2000,null,null,10,1920,1080
2026-09-14T18:11:57.029Z,camera_1,1,0.00,0.00,0.00,746496.00,100.0,2000,null,null,10,1920,1080
2026-09-14T18:12:00.030Z,camera_0,1,34.09,0.00,34.09,746496.00,100.0,2000,null,null,10,1920,1080
2026-09-14T18:12:00.030Z,camera_1,1,0.00,0.00,0.00,746496.00,100.0,2000,null,null,10,1920,1080
2026-09-14T18:12:00.031Z,camera_0,1,264.10,230.01,34.09,746496.00,100.0,2000,null,null,10,1920,1080
2026-09-14T18:12:03.036Z,camera_0,1,79.21,0.00,79.21,746496.00,100.0,2000,null,null,10,1920,1080
2026-09-14T18:12:03.036Z,camera_1,1,0.00,0.00,0.00,746496.00,100.0,2000,null,null,10,1920,1080
2026-09-14T18:12:03.036Z,camera_0,1,196.77,117.56,79.21,746496.00,100.0,2000,null,null,10,1920,1080
2026-09-14T18:12:06.037Z,camera_0,1,38.60,0.00,38.60,746496.00,100.0,2000,null,null,10,1920,1080
2026-09-14T18:12:06.038Z,camera_1,1,0.00,0.00,0.00,746496.00,100.0,2000,null,null,10,1920,1080
2026-09-14T18:12:06.038Z,camera_0,1,150.73,112.13,38.60,746496.00,100.0,2000,null,null,10,1920,1080
2026-09-14T18:12:09.038Z,camera_0,1,33.09,0.00,33.09,746496.00,100.0,2000,null,null,10,1920,1080
2026-09-14T18:12:09.038Z,camera_1,1,0.00,0.00,0.00,746496.00,100.0,2000,null,null,10,1920,1080
2026-09-14T18:12:09.041Z,camera_0,1,145.39,112.30,33.09,746496.00,100.0,2000,null,null,10,1920,1080
2026-09-14T18:12:22.867Z,camera_0,0,0.00,0.00,0.00,110592.00,100.0,2000,null,null,120,640,480
2026-09-14T18:12:22.880Z,camera_1,0,0.00,0.00,0.00,110592.00,100.0,2000,null,null,120,640,480
2026-09-14T18:12:22.880Z,camera_0,0,0.00,0.00,0.00,110592.00,100.0,2000,null,null,120,640,480
2026-09-14T18:12:25.867Z,camera_0,1,0.00,0.00,0.00,110592.00,100.0,2000,null,null,120,640,480
2026-09-14T18:12:25.867Z,camera_1,1,0.00,0.00,0.00,110592.00,100.0,2000,null,null,120,640,480
2026-09-14T18:12:25.871Z,camera_0,1,0.00,0.00,0.00,110592.00,100.0,2000,null,null,120,640,480
2026-09-14T18:12:28.866Z,camera_0,1,0.00,0.00,0.00,110592.00,100.0,2000,null,null,120,640,480
2026-09-14T18:12:28.867Z,camera_1,1,0.00,0.00,0.00,110592.00,100.0,2000,null,null,120,640,480
2026-09-14T18:12:28.868Z,camera_0,1,0.00,0.00,0.00,110592.00,100.0,2000,null,null,120,640,480
2026-09-14T18:12:31.867Z,camera_0,1,0.00,0.00,0.00,110592.00,100.0,2000,null,null,120,640,480
2026-09-14T18:12:31.868Z,camera_1,1,0.00,0.00,0.00,110592.00,100.0,2000,null,null,120,640,480
2026-09-14T18:12:31.869Z,camera_0,1,0.00,0.00,0.00,110592.00,100.0,2000,null,null,120,640,480
2026-09-14T18:12:34.870Z,camera_0,1,0.00,0.00,0.00,110592.00,100.0,2000,null,null,120,640,480
2026-09-14T18:12:34.870Z,camera_1,1,0.00,0.00,0.00,110592.00,100.0,2000,null,null,120,640,480
2026-09-14T18:12:34.870Z,camera_0,1,0.00,0.00,0.00,110592.00,100.0,2000,null,null,120,640,480
2026-09-14T18:12:37.871Z,camera_0,1,0.00,0.00,0.00,110592.00,100.0,2000,null,null,30,640,480
2026-09-14T18:12:37.871Z,camera_1,1,0.00,0.00,0.00,110592.00,100.0,2000,null,null,30,640,480
2026-09-14T18:12:37.872Z,camera_0,1,189.39,189.39,0.00,110592.00,100.0,2000,null,null,30,640,480
2026-09-14T18:12:40.874Z,camera_1,1,0.00,0.00,0.00,110592.00,100.0,2000,null,null,30,640,480
2026-09-14T18:12:40.874Z,camera_0,1,0.00,0.00,0.00,110592.00,100.0,2000,null,null,30,640,480
2026-09-14T18:12:40.874Z,camera_0,1,0.00,0.00,0.00,110592.00,100.0,2000,null,null,30,640,480
2026-09-14T18:12:43.898Z,camera_0,1,0.00,0.00,0.00,110592.00,100.0,2000,null,null,30,640,480
2026-09-14T18:12:43.898Z,camera_1,1,0.00,0.00,0.00,110592.00,100.0,2000,null,null,30,640,480
2026-09-14T18:12:43.898Z,camera_0,1,189.48,189.48,0.00,110592.00,100.0,2000,null,null,30,640,480
2026-09-14T18:12:46.898Z,camera_0,1,304.31,0.00,304.31,746496.00,100.0,2000,null,null,10,1920,1080
2026-09-14T18:12:46.898Z,camera_1,1,0.00,0.00,0.00,746496.00,100.0,2000,null,null,10,1920,1080
2026-09-14T18:12:46.898Z,camera_0,1,874.77,570.46,304.31,746496.00,100.0,2000,null,null,10,1920,1080
2026-09-14T18:12:50.133Z,camera_0,1,0.00,0.00,0.00,746496.00,100.0,2000,null,null,10,1920,1080
2026-09-14T18:12:50.139Z,camera_1,1,0.00,0.00,0.00,746496.00,100.0,2000,null,null,10,1920,1080
2026-09-14T18:12:50.139Z,camera_0,1,1269.39,1269.39,0.00,746496.00,100.0,2000,null,null,10,1920,1080
2026-09-14T18:12:53.135Z,camera_0,1,0.00,0.00,0.00,746496.00,100.0,2000,null,null,10,1920,1080
2026-09-14T18:12:53.135Z,camera_1,1,0.00,0.00,0.00,746496.00,100.0,2000,null,null,10,1920,1080
2026-09-14T18:12:53.135Z,camera_0,1,247.82,247.82,0.00,746496.00,100.0,2000,null,null,10,1920,1080
2026-09-14T18:12:56.135Z,camera_0,1,0.00,0.00,0.00,746496.00,100.0,2000,null,null,10,1920,1080
2026-09-14T18:12:56.135Z,camera_1,1,0.00,0.00,0.00,746496.00,100.0,2000,null,null,10,1920,1080
2026-09-14T18:12:56.136Z,camera_0,1,747.46,747.46,0.00,746496.00,100.0,2000,null,null,10,1920,1080
2026-09-14T18:12:59.139Z,camera_0,1,0.00,0.00,0.00,746496.00,100.0,2000,null,null,10,1920,1080
2026-09-14T18:12:59.139Z,camera_1,1,0.00,0.00,0.00,746496.00,100.0,2000,null,null,10,1920,1080
2026-09-14T18:12:59.139Z,camera_0,1,495.75,495.75,0.00,746496.00,100.0,2000,null,null,10,1920,1080
2026-09-14T18:13:02.140Z,camera_0,1,78.21,0.00,78.21,746496.00,100.0,2000,null,null,10,1920,1080
2026-09-14T18:13:02.140Z,camera_1,1,0.00,0.00,0.00,746496.00,100.0,2000,null,null,10,1920,1080
2026-09-14T18:13:02.140Z,camera_0,1,325.19,246.99,78.21,746496.00,100.0,2000,null,null,10,1920,1080
2026-09-14T18:13:05.151Z,camera_0,1,200.03,0.00,200.03,746496.00,100.0,2000,null,null,10,1920,1080
2026-09-14T18:13:05.151Z,camera_1,1,0.00,0.00,0.00,746496.00,100.0,2000,null,null,10,1920,1080
2026-09-14T18:13:05.151Z,camera_0,1,694.60,494.57,200.03,746496.00,100.0,2000,null,null,10,1920,1080
2026-09-14T18:13:08.152Z,camera_0,1,69.69,0.00,69.69,746496.00,100.0,2000,null,null,10,1920,1080
2026-09-14T18:13:08.152Z,camera_1,1,0.00,0.00,0.00,746496.00,100.0,2000,null,null,10,1920,1080
2026-09-14T18:13:08.152Z,camera_0,1,317.36,247.68,69.69,746496.00,100.0,2000,null,null,10,1920,1080
2026-09-14T18:13:11.152Z,camera_0,1,171.96,0.00,171.96,746496.00,100.0,2000,null,null,10,1920,1080
2026-09-14T18:13:11.152Z,camera_1,1,0.00,0.00,0.00,746496.00,100.0,2000,null,null,10,1920,1080
2026-09-14T18:13:11.152Z,camera_0,1,418.21,246.25,171.96,746496.00,100.0,2000,null,null,10,1920,1080
2026-09-14T18:13:14.157Z,camera_0,1,170.45,0.00,170.45,147571.20,99.9,2000,null,null,30,854,480
2026-09-14T18:13:14.157Z,camera_0,1,1016.84,846.38,170.45,147571.20,99.9,2000,null,null,30,854,480
2026-09-14T18:13:14.157Z,camera_1,1,0.00,0.00,0.00,147571.20,100.0,2000,null,null,30,854,480
2026-09-14T18:13:17.158Z,camera_0,1,0.00,0.00,0.00,147571.20,100.0,2000,null,null,30,854,480
2026-09-14T18:13:17.158Z,camera_1,1,0.00,0.00,0.00,147571.20,100.0,2000,null,null,30,854,480
2026-09-14T18:13:17.160Z,camera_0,1,1110.54,1110.54,0.00,147571.20,100.0,2000,null,null,30,854,480
2026-09-14T18:13:20.158Z,camera_1,1,0.00,0.00,0.00,147571.20,100.0,2000,null,null,30,854,480
2026-09-14T18:13:20.158Z,camera_0,1,0.00,0.00,0.00,147571.20,100.0,2000,null,null,30,854,480
2026-09-14T18:13:20.161Z,camera_0,1,889.26,889.26,0.00,147571.20,100.0,2000,null,null,30,854,480
2026-09-14T18:13:23.230Z,camera_0,1,192.51,0.00,192.51,147571.20,99.9,2000,null,null,30,854,480
2026-09-14T18:13:23.231Z,camera_1,1,0.00,0.00,0.00,147571.20,100.0,2000,null,null,30,854,480
2026-09-14T18:13:23.231Z,camera_0,1,408.54,216.03,192.51,147571.20,99.9,2000,null,null,30,854,480
2026-09-14T18:13:26.231Z,camera_0,1,143.38,0.00,143.38,147571.20,99.9,2000,null,null,30,854,480
2026-09-14T18:13:26.231Z,camera_1,1,0.00,0.00,0.00,147571.20,100.0,2000,null,null,30,854,480
2026-09-14T18:13:26.231Z,camera_0,1,472.08,328.70,143.38,147571.20,99.9,2000,null,null,30,854,480
2026-09-14T18:13:29.236Z,camera_0,1,647.19,438.63,208.55,147571.20,99.9,2000,null,null,30,854,480
2026-09-14T18:13:29.232Z,camera_0,1,208.55,0.00,208.55,147571.20,99.9,2000,null,null,30,854,480
2026-09-14T18:13:29.235Z,camera_1,1,0.00,0.00,0.00,147571.20,100.0,2000,null,null,30,854,480
2026-09-14T18:13:32.348Z,camera_0,1,268.71,0.00,268.71,147571.20,99.8,2000,null,null,30,854,480
2026-09-14T18:13:32.348Z,camera_1,1,0.00,0.00,0.00,147571.20,100.0,2000,null,null,30,854,480
2026-09-14T18:13:32.348Z,camera_0,1,915.89,647.18,268.71,147571.20,99.8,2000,null,null,30,854,480
2026-09-14T18:13:35.346Z,camera_0,1,215.57,0.00,215.57,147571.20,99.9,2000,null,null,30,854,480
2026-09-14T18:13:35.346Z,camera_1,1,0.00,0.00,0.00,147571.20,100.0,2000,null,null,30,854,480
2026-09-14T18:13:35.346Z,camera_0,1,746.82,531.25,215.57,147571.20,99.9,2000,null,null,30,854,480
2026-09-14T18:13:38.345Z,camera_0,1,181.98,0.00,181.98,147571.20,99.9,2000,null,null,30,854,480
2026-09-14T18:13:38.346Z,camera_1,1,0.00,0.00,0.00,147571.20,100.0,2000,null,null,30,854,480
2026-09-14T18:13:38.346Z,camera_0,1,602.51,420.53,181.98,147571.20,99.9,2000,null,null,30,854,480
2026-09-14T18:13:41.366Z,camera_0,1,217.08,0.00,217.08,147571.20,99.9,2000,null,null,30,854,480
2026-09-14T18:13:41.367Z,camera_1,1,0.00,0.00,0.00,147571.20,100.0,2000,null,null,30,854,480
2026-09-14T18:13:41.367Z,camera_0,1,661.06,443.98,217.08,147571.20,99.9,2000,null,null,30,854,480
2026-09-14T18:13:44.364Z,camera_0,1,311.33,0.00,311.33,147571.20,99.8,2000,null,null,30,854,480
2026-09-14T18:13:44.364Z,camera_1,1,0.00,0.00,0.00,147571.20,100.0,2000,null,null,30,854,480
2026-09-14T18:13:44.364Z,camera_0,1,754.93,443.60,311.33,147571.20,99.8,2000,null,null,30,854,480
2026-09-14T18:13:47.553Z,camera_0,1,235.63,0.00,235.63,746496.00,100.0,2000,null,null,10,1920,1080
2026-09-14T18:13:47.556Z,camera_1,1,0.00,0.00,0.00,746496.00,100.0,2000,null,null,10,1920,1080
2026-09-14T18:13:47.560Z,camera_0,1,462.21,226.58,235.63,746496.00,100.0,2000,null,null,10,1920,1080
2026-09-14T18:13:50.548Z,camera_0,1,0.00,0.00,0.00,746496.00,100.0,2000,null,null,10,1920,1080
2026-09-14T18:13:50.549Z,camera_1,1,0.00,0.00,0.00,746496.00,100.0,2000,null,null,10,1920,1080
2026-09-14T18:13:50.549Z,camera_0,1,919.16,919.16,0.00,746496.00,100.0,2000,null,null,10,1920,1080
2026-09-14T18:13:53.728Z,camera_0,1,0.00,0.00,0.00,147571.20,100.0,2000,null,null,30,854,480
2026-09-14T18:13:53.729Z,camera_1,1,0.00,0.00,0.00,147571.20,100.0,2000,null,null,30,854,480
2026-09-14T18:13:53.729Z,camera_0,1,560.89,560.89,0.00,147571.20,100.0,2000,null,null,30,854,480
2026-09-14T18:13:56.731Z,camera_0,1,0.00,0.00,0.00,147571.20,100.0,2000,null,null,30,854,480
2026-09-14T18:13:56.731Z,camera_1,1,0.00,0.00,0.00,147571.20,100.0,2000,null,null,30,854,480
2026-09-14T18:13:56.732Z,camera_0,1,561.26,561.26,0.00,147571.20,100.0,2000,null,null,30,854,480
2026-09-14T18:13:59.748Z,camera_0,1,0.00,0.00,0.00,746496.00,100.0,2000,null,null,10,1920,1080
2026-09-14T18:13:59.748Z,camera_1,1,0.00,0.00,0.00,746496.00,100.0,2000,null,null,10,1920,1080
2026-09-14T18:13:59.750Z,camera_0,1,109.33,109.33,0.00,746496.00,100.0,2000,null,null,10,1920,1080
2026-09-14T18:14:02.754Z,camera_0,1,0.00,0.00,0.00,746496.00,100.0,2000,null,null,10,1920,1080
2026-09-14T18:14:02.754Z,camera_1,1,0.00,0.00,0.00,746496.00,100.0,2000,null,null,10,1920,1080
2026-09-14T18:14:02.754Z,camera_0,1,223.89,223.89,0.00,746496.00,100.0,2000,null,null,10,1920,1080
2026-09-14T18:14:05.949Z,camera_0,1,0.00,0.00,0.00,746496.00,100.0,2000,null,null,10,1920,1080
2026-09-14T18:14:05.949Z,camera_1,1,0.00,0.00,0.00,746496.00,100.0,2000,null,null,10,1920,1080
2026-09-14T18:14:05.951Z,camera_0,1,344.89,344.89,0.00,746496.00,100.0,2000,null,null,10,1920,1080
2026-09-14T18:14:08.955Z,camera_0,1,0.00,0.00,0.00,746496.00,100.0,2000,null,null,10,1920,1080
2026-09-14T18:14:08.955Z,camera_1,1,0.00,0.00,0.00,746496.00,100.0,2000,null,null,10,1920,1080
2026-09-14T18:14:08.961Z,camera_0,1,453.96,453.96,0.00,746496.00,100.0,2000,null,null,10,1920,1080
2026-09-14T18:14:12.158Z,camera_0,1,0.00,0.00,0.00,147571.20,100.0,2000,null,null,30,854,480
2026-09-14T18:14:12.159Z,camera_1,1,0.00,0.00,0.00,147571.20,100.0,2000,null,null,30,854,480
2026-09-14T18:14:12.159Z,camera_0,1,819.61,819.61,0.00,147571.20,100.0,2000,null,null,30,854,480
2026-09-14T18:14:15.159Z,camera_0,1,0.00,0.00,0.00,147571.20,100.0,2000,null,null,30,854,480
2026-09-14T18:14:15.159Z,camera_1,1,0.00,0.00,0.00,147571.20,100.0,2000,null,null,30,854,480
2026-09-14T18:14:15.159Z,camera_0,1,1513.04,1513.04,0.00,147571.20,100.0,2000,null,null,30,854,480
2026-09-14T18:14:18.160Z,camera_0,1,0.00,0.00,0.00,147571.20,100.0,2000,null,null,30,854,480
2026-09-14T18:14:18.160Z,camera_1,1,0.00,0.00,0.00,147571.20,100.0,2000,null,null,30,854,480
2026-09-14T18:14:18.160Z,camera_0,1,689.24,689.24,0.00,147571.20,100.0,2000,null,null,30,854,480
2026-09-14T18:14:21.163Z,camera_0,1,210.56,0.00,210.56,147571.20,99.9,2000,null,null,30,854,480
2026-09-14T18:14:21.163Z,camera_1,1,0.00,0.00,0.00,147571.20,100.0,2000,null,null,30,854,480
2026-09-14T18:14:21.163Z,camera_0,1,431.46,220.90,210.56,147571.20,99.9,2000,null,null,30,854,480
2026-09-14T18:14:24.164Z,camera_0,1,177.97,0.00,177.97,147571.20,99.9,2000,null,null,30,854,480
2026-09-14T18:14:24.164Z,camera_0,1,399.52,221.55,177.97,147571.20,99.9,2000,null,null,30,854,480
2026-09-14T18:14:24.164Z,camera_1,1,0.00,0.00,0.00,147571.20,100.0,2000,null,null,30,854,480
2026-09-14T18:14:27.165Z,camera_0,1,69.18,0.00,69.18,746496.00,100.0,2000,null,null,10,1920,1080
2026-09-14T18:14:27.165Z,camera_1,1,0.00,0.00,0.00,746496.00,100.0,2000,null,null,10,1920,1080
2026-09-14T18:14:27.166Z,camera_0,1,176.72,107.54,69.18,746496.00,100.0,2000,null,null,10,1920,1080
2026-09-14T18:14:30.297Z,camera_0,1,0.00,0.00,0.00,746496.00,100.0,2000,null,null,10,1920,1080
2026-09-14T18:14:30.297Z,camera_1,1,0.00,0.00,0.00,746496.00,100.0,2000,null,null,10,1920,1080
2026-09-14T18:14:30.297Z,camera_0,1,1065.53,1065.53,0.00,746496.00,100.0,2000,null,null,10,1920,1080
2026-09-14T18:14:33.304Z,camera_0,1,0.00,0.00,0.00,746496.00,100.0,2000,null,null,10,1920,1080
2026-09-14T18:14:33.304Z,camera_1,1,0.00,0.00,0.00,746496.00,100.0,2000,null,null,10,1920,1080
2026-09-14T18:14:33.304Z,camera_0,1,1218.63,1218.63,0.00,746496.00,100.0,2000,null,null,10,1920,1080
2026-09-14T18:14:36.307Z,camera_0,1,0.00,0.00,0.00,746496.00,100.0,2000,null,null,10,1920,1080
2026-09-14T18:14:36.307Z,camera_1,1,0.00,0.00,0.00,746496.00,100.0,2000,null,null,10,1920,1080
2026-09-14T18:14:36.308Z,camera_0,1,604.97,604.97,0.00,746496.00,100.0,2000,null,null,10,1920,1080
2026-09-14T18:14:39.309Z,camera_0,1,0.00,0.00,0.00,746496.00,100.0,2000,null,null,10,1920,1080
2026-09-14T18:14:39.309Z,camera_1,1,0.00,0.00,0.00,746496.00,100.0,2000,null,null,10,1920,1080
2026-09-14T18:14:39.309Z,camera_0,1,122.95,122.95,0.00,746496.00,100.0,2000,null,null,10,1920,1080
2026-09-14T18:14:42.312Z,camera_0,1,0.00,0.00,0.00,746496.00,100.0,2000,null,null,10,1920,1080
2026-09-14T18:14:42.312Z,camera_1,1,0.00,0.00,0.00,746496.00,100.0,2000,null,null,10,1920,1080
2026-09-14T18:14:42.312Z,camera_0,1,0.00,0.00,0.00,746496.00,100.0,2000,null,null,10,1920,1080
2026-09-14T18:14:45.315Z,camera_0,1,106.78,0.00,106.78,746496.00,100.0,2000,null,null,10,1920,1080
2026-09-14T18:14:45.315Z,camera_1,1,0.00,0.00,0.00,746496.00,100.0,2000,null,null,10,1920,1080
2026-09-14T18:14:45.319Z,camera_0,1,340.49,233.71,106.78,746496.00,100.0,2000,null,null,10,1920,1080
2026-09-14T18:14:48.475Z,camera_0,1,79.21,0.00,79.21,746496.00,100.0,2000,null,null,10,1920,1080
2026-09-14T18:14:48.478Z,camera_1,1,0.00,0.00,0.00,746496.00,100.0,2000,null,null,10,1920,1080
2026-09-14T18:14:48.478Z,camera_0,1,441.25,362.03,79.21,746496.00,100.0,2000,null,null,10,1920,1080
2026-09-14T18:14:51.485Z,camera_0,1,110.79,0.00,110.79,746496.00,100.0,2000,null,null,10,1920,1080
2026-09-14T18:14:51.486Z,camera_1,1,0.00,0.00,0.00,746496.00,100.0,2000,null,null,10,1920,1080
2026-09-14T18:14:51.489Z,camera_0,1,472.15,361.36,110.79,746496.00,100.0,2000,null,null,10,1920,1080
2026-09-14T18:14:54.486Z,camera_0,1,126.34,0.00,126.34,746496.00,100.0,2000,null,null,10,1920,1080
2026-09-14T18:14:54.486Z,camera_1,1,0.00,0.00,0.00,746496.00,100.0,2000,null,null,10,1920,1080
2026-09-14T18:14:54.486Z,camera_0,1,568.93,442.59,126.34,746496.00,100.0,2000,null,null,10,1920,1080
2026-09-14T18:14:57.489Z,camera_0,1,129.85,0.00,129.85,147571.20,99.9,2000,null,null,30,854,480
2026-09-14T18:14:57.489Z,camera_1,1,0.00,0.00,0.00,147571.20,100.0,2000,null,null,30,854,480
2026-09-14T18:14:57.489Z,camera_0,1,324.71,194.87,129.85,147571.20,99.9,2000,null,null,30,854,480
2026-09-14T18:15:00.490Z,camera_0,1,0.00,0.00,0.00,147571.20,100.0,2000,null,null,30,854,480
2026-09-14T18:15:00.497Z,camera_1,1,0.00,0.00,0.00,147571.20,100.0,2000,null,null,30,854,480
2026-09-14T18:15:00.497Z,camera_0,1,794.22,794.22,0.00,147571.20,100.0,2000,null,null,30,854,480
2026-09-14T18:15:03.516Z,camera_0,1,0.00,0.00,0.00,110592.00,100.0,2000,null,null,120,640,480
2026-09-14T18:15:03.516Z,camera_1,1,0.00,0.00,0.00,110592.00,100.0,2000,null,null,120,640,480
2026-09-14T18:15:03.516Z,camera_0,1,1212.03,1212.03,0.00,110592.00,100.0,2000,null,null,120,640,480
2026-09-14T18:15:06.520Z,camera_0,1,0.00,0.00,0.00,110592.00,100.0,2000,null,null,120,640,480
2026-09-14T18:15:06.520Z,camera_1,1,0.00,0.00,0.00,110592.00,100.0,2000,null,null,120,640,480
2026-09-14T18:15:06.520Z,camera_0,1,0.00,0.00,0.00,110592.00,100.0,2000,null,null,120,640,480
2026-09-14T18:15:09.522Z,camera_0,1,183.99,0.00,183.99,147571.20,99.9,2000,null,null,30,854,480
2026-09-14T18:15:09.522Z,camera_1,1,0.00,0.00,0.00,147571.20,100.0,2000,null,null,30,854,480
2026-09-14T18:15:09.522Z,camera_0,1,710.37,526.38,183.99,147571.20,99.9,2000,null,null,30,854,480
2026-09-14T18:15:12.537Z,camera_0,1,0.00,0.00,0.00,147571.20,100.0,2000,null,null,30,854,480
2026-09-14T18:15:12.539Z,camera_1,1,0.00,0.00,0.00,147571.20,100.0,2000,null,null,30,854,480
2026-09-14T18:15:12.539Z,camera_0,1,745.79,745.79,0.00,147571.20,100.0,2000,null,null,30,854,480
2026-09-14T18:15:15.541Z,camera_0,1,0.00,0.00,0.00,147571.20,100.0,2000,null,null,30,854,480
2026-09-14T18:15:15.541Z,camera_1,1,0.00,0.00,0.00,147571.20,100.0,2000,null,null,30,854,480
2026-09-14T18:15:15.541Z,camera_0,1,1502.62,1502.62,0.00,147571.20,100.0,2000,null,null,30,854,480
2026-09-14T18:15:18.765Z,camera_0,1,228.61,0.00,228.61,147571.20,99.8,2000,null,null,30,854,480
2026-09-14T18:15:18.765Z,camera_1,1,0.00,0.00,0.00,147571.20,100.0,2000,null,null,30,854,480
2026-09-14T18:15:18.765Z,camera_0,1,539.57,310.96,228.61,147571.20,99.8,2000,null,null,30,854,480
2026-09-14T18:15:21.766Z,camera_0,1,211.56,0.00,211.56,147571.20,99.9,2000,null,null,30,854,480
2026-09-14T18:15:21.766Z,camera_1,1,0.00,0.00,0.00,147571.20,100.0,2000,null,null,30,854,480
2026-09-14T18:15:21.766Z,camera_0,1,630.93,419.37,211.56,147571.20,99.9,2000,null,null,30,854,480
2026-09-14T18:15:24.765Z,camera_0,1,185.99,0.00,185.99,147571.20,99.9,2000,null,null,30,854,480
2026-09-14T18:15:24.766Z,camera_1,1,0.00,0.00,0.00,147571.20,100.0,2000,null,null,30,854,480
2026-09-14T18:15:24.766Z,camera_0,1,497.03,311.04,185.99,147571.20,99.9,2000,null,null,30,854,480
2026-09-14T18:15:27.766Z,camera_0,1,387.03,0.00,387.03,110592.00,99.7,2000,null,null,120,640,480
2026-09-14T18:15:27.766Z,camera_1,1,0.00,0.00,0.00,110592.00,100.0,2000,null,null,120,640,480
2026-09-14T18:15:27.766Z,camera_0,1,780.34,393.31,387.03,110592.00,99.7,2000,null,null,120,640,480
2026-09-14T18:15:30.766Z,camera_0,1,0.00,0.00,0.00,110592.00,100.0,2000,null,null,120,640,480
2026-09-14T18:15:30.766Z,camera_1,1,0.00,0.00,0.00,110592.00,100.0,2000,null,null,120,640,480
2026-09-14T18:15:30.768Z,camera_0,1,1006.69,1006.69,0.00,110592.00,100.0,2000,null,null,120,640,480
2026-09-14T18:15:33.769Z,camera_0,1,0.00,0.00,0.00,110592.00,100.0,2000,null,null,120,640,480
2026-09-14T18:15:33.769Z,camera_1,1,0.00,0.00,0.00,110592.00,100.0,2000,null,null,120,640,480
2026-09-14T18:15:33.769Z,camera_0,1,1009.83,1009.83,0.00,110592.00,100.0,2000,null,null,120,640,480
2026-09-14T18:15:36.774Z,camera_0,1,185.49,0.00,185.49,110592.00,99.8,2000,null,null,120,640,480
2026-09-14T18:15:36.774Z,camera_1,1,0.00,0.00,0.00,110592.00,100.0,2000,null,null,120,640,480
2026-09-14T18:15:36.779Z,camera_0,1,577.12,391.62,185.49,110592.00,99.8,2000,null,null,120,640,480
2026-09-14T18:15:39.779Z,camera_0,1,154.91,0.00,154.91,110592.00,99.9,2000,null,null,120,640,480
2026-09-14T18:15:39.779Z,camera_1,1,0.00,0.00,0.00,110592.00,100.0,2000,null,null,120,640,480
2026-09-14T18:15:39.779Z,camera_0,1,443.72,288.81,154.91,110592.00,99.9,2000,null,null,120,640,480
2026-09-14T18:15:42.782Z,camera_0,1,35.09,0.00,35.09,110592.00,100.0,2000,null,null,120,640,480
2026-09-14T18:15:42.782Z,camera_1,1,0.00,0.00,0.00,110592.00,100.0,2000,null,null,120,640,480
2026-09-14T18:15:42.782Z,camera_0,1,137.57,102.47,35.09,110592.00,100.0,2000,null,null,120,640,480
2026-09-14T18:15:45.786Z,camera_0,1,126.84,0.00,126.84,110592.00,99.9,2000,null,null,120,640,480
2026-09-14T18:15:45.786Z,camera_1,1,0.00,0.00,0.00,110592.00,100.0,2000,null,null,120,640,480
2026-09-14T18:15:45.786Z,camera_0,1,295.09,168.25,126.84,110592.00,99.9,2000,null,null,120,640,480
2026-09-14T18:15:48.790Z,camera_0,1,131.35,0.00,131.35,110592.00,99.9,2000,null,null,120,640,480
2026-09-14T18:15:48.790Z,camera_1,1,0.00,0.00,0.00,110592.00,100.0,2000,null,null,120,640,480
2026-09-14T18:15:48.790Z,camera_0,1,422.33,290.98,131.35,110592.00,99.9,2000,null,null,120,640,480
2026-09-14T18:15:51.912Z,camera_0,1,236.63,0.00,236.63,110592.00,99.8,2000,null,null,120,640,480
2026-09-14T18:15:51.915Z,camera_1,1,0.00,0.00,0.00,110592.00,100.0,2000,null,null,120,640,480
2026-09-14T18:15:51.915Z,camera_0,1,730.78,494.15,236.63,110592.00,99.8,2000,null,null,120,640,480
2026-09-14T18:15:55.135Z,camera_0,1,159.42,0.00,159.42,110592.00,99.9,2000,null,null,120,640,480
2026-09-14T18:15:55.135Z,camera_1,1,0.00,0.00,0.00,110592.00,100.0,2000,null,null,120,640,480
2026-09-14T18:15:55.135Z,camera_0,1,448.31,288.89,159.42,110592.00,99.9,2000,null,null,120,640,480
2026-09-14T18:15:58.132Z,camera_0,1,145.89,0.00,145.89,110592.00,99.9,2000,null,null,120,640,480
2026-09-14T18:15:58.132Z,camera_1,1,0.00,0.00,0.00,110592.00,100.0,2000,null,null,120,640,480
2026-09-14T18:15:58.132Z,camera_0,1,434.71,288.82,145.89,110592.00,99.9,2000,null,null,120,640,480
2026-09-14T18:16:01.131Z,camera_0,1,120.82,0.00,120.82,110592.00,99.9,2000,null,null,120,640,480
2026-09-14T18:16:01.132Z,camera_1,1,0.00,0.00,0.00,110592.00,100.0,2000,null,null,120,640,480
2026-09-14T18:16:01.132Z,camera_0,1,409.99,289.17,120.82,110592.00,99.9,2000,null,null,120,640,480
2026-09-14T18:16:04.132Z,camera_0,1,189.50,0.00,189.50,110592.00,99.8,2000,null,null,120,640,480
2026-09-14T18:16:04.132Z,camera_1,1,0.00,0.00,0.00,110592.00,100.0,2000,null,null,120,640,480
2026-09-14T18:16:04.135Z,camera_0,1,479.38,289.88,189.50,110592.00,99.8,2000,null,null,120,640,480
2026-09-14T18:16:07.135Z,camera_0,1,146.39,0.00,146.39,110592.00,99.9,2000,null,null,120,640,480
2026-09-14T18:16:07.135Z,camera_1,1,0.00,0.00,0.00,110592.00,100.0,2000,null,null,120,640,480
2026-09-14T18:16:07.135Z,camera_0,1,538.41,392.02,146.39,110592.00,99.9,2000,null,null,120,640,480
2026-09-14T18:16:10.140Z,camera_0,1,143.88,0.00,143.88,110592.00,99.9,2000,null,null,120,640,480
2026-09-14T18:16:10.140Z,camera_0,1,536.62,392.73,143.88,110592.00,99.9,2000,null,null,120,640,480
2026-09-14T18:16:10.140Z,camera_1,1,0.00,0.00,0.00,110592.00,100.0,2000,null,null,120,640,480
2026-09-14T18:16:13.141Z,camera_0,1,299.80,0.00,299.80,110592.00,99.7,2000,null,null,120,640,480
2026-09-14T18:16:13.141Z,camera_1,1,0.00,0.00,0.00,110592.00,100.0,2000,null,null,120,640,480
2026-09-14T18:16:13.143Z,camera_0,1,487.07,187.28,299.80,110592.00,99.7,2000,null,null,120,640,480
2026-09-14T18:16:16.147Z,camera_0,1,119.32,0.00,119.32,147571.20,99.9,2000,null,null,30,854,480
2026-09-14T18:16:16.147Z,camera_1,1,0.00,0.00,0.00,147571.20,100.0,2000,null,null,30,854,480
2026-09-14T18:16:16.147Z,camera_0,1,770.22,650.90,119.32,147571.20,99.9,2000,null,null,30,854,480
2026-09-14T18:16:19.302Z,camera_0,1,0.00,0.00,0.00,147571.20,100.0,2000,null,null,30,854,480
2026-09-14T18:16:19.303Z,camera_1,1,0.00,0.00,0.00,147571.20,100.0,2000,null,null,30,854,480
2026-09-14T18:16:19.306Z,camera_0,1,1196.96,1196.96,0.00,147571.20,100.0,2000,null,null,30,854,480
2026-09-14T18:16:22.303Z,camera_0,1,0.00,0.00,0.00,147571.20,100.0,2000,null,null,30,854,480
2026-09-14T18:16:22.303Z,camera_1,1,0.00,0.00,0.00,147571.20,100.0,2000,null,null,30,854,480
2026-09-14T18:16:22.304Z,camera_0,1,979.48,979.48,0.00,147571.20,100.0,2000,null,null,30,854,480
2026-09-14T18:16:25.347Z,camera_0,1,294.28,0.00,294.28,147571.20,99.8,2000,null,null,30,854,480
2026-09-14T18:16:25.347Z,camera_1,1,0.00,0.00,0.00,147571.20,100.0,2000,null,null,30,854,480
2026-09-14T18:16:25.347Z,camera_0,1,725.01,430.73,294.28,147571.20,99.8,2000,null,null,30,854,480
2026-09-14T18:16:28.346Z,camera_0,1,481.78,0.00,481.78,147571.20,99.7,2000,null,null,30,854,480
2026-09-14T18:16:28.346Z,camera_1,1,0.00,0.00,0.00,147571.20,100.0,2000,null,null,30,854,480
2026-09-14T18:16:28.347Z,camera_0,1,907.50,425.71,481.78,147571.20,99.7,2000,null,null,30,854,480
2026-09-14T18:16:31.348Z,camera_0,1,267.21,0.00,267.21,110592.00,99.8,2000,null,null,120,640,480
2026-09-14T18:16:31.351Z,camera_1,1,0.00,0.00,0.00,110592.00,100.0,2000,null,null,120,640,480
2026-09-14T18:16:31.352Z,camera_0,1,1062.89,795.68,267.21,110592.00,99.8,2000,null,null,120,640,480
2026-09-14T18:16:34.348Z,camera_0,1,385.53,0.00,385.53,110592.00,99.7,2000,null,null,120,640,480
2026-09-14T18:16:34.349Z,camera_1,1,0.00,0.00,0.00,110592.00,100.0,2000,null,null,120,640,480
2026-09-14T18:16:34.349Z,camera_0,1,1181.25,795.72,385.53,110592.00,99.7,2000,null,null,120,640,480
2026-09-14T18:16:37.364Z,camera_0,1,109.79,0.00,109.79,147571.20,99.9,2000,null,null,30,854,480
2026-09-14T18:16:37.364Z,camera_1,1,0.00,0.00,0.00,147571.20,100.0,2000,null,null,30,854,480
2026-09-14T18:16:37.365Z,camera_0,1,1275.24,1165.45,109.79,147571.20,99.9,2000,null,null,30,854,480
2026-09-14T18:16:40.365Z,camera_0,1,0.00,0.00,0.00,147571.20,100.0,2000,null,null,30,854,480
2026-09-14T18:16:40.365Z,camera_1,1,0.00,0.00,0.00,147571.20,100.0,2000,null,null,30,854,480
2026-09-14T18:16:40.365Z,camera_0,1,1594.43,1594.43,0.00,147571.20,100.0,2000,null,null,30,854,480
2026-09-14T18:16:43.364Z,camera_0,1,501.33,0.00,501.33,147571.20,99.7,2000,null,null,30,854,480
2026-09-14T18:16:43.365Z,camera_1,1,0.00,0.00,0.00,147571.20,100.0,2000,null,null,30,854,480
2026-09-14T18:16:43.365Z,camera_0,1,1236.89,735.56,501.33,147571.20,99.7,2000,null,null,30,854,480
2026-09-14T18:16:46.514Z,camera_0,1,488.30,0.00,488.30,110592.00,99.6,2000,null,null,120,640,480
2026-09-14T18:16:46.522Z,camera_1,1,0.00,0.00,0.00,110592.00,100.0,2000,null,null,120,640,480
2026-09-14T18:16:46.523Z,camera_0,1,1186.92,698.62,488.30,110592.00,99.6,2000,null,null,120,640,480
2026-09-14T18:16:49.517Z,camera_0,1,0.00,0.00,0.00,110592.00,100.0,2000,null,null,120,640,480
2026-09-14T18:16:49.517Z,camera_1,1,0.00,0.00,0.00,110592.00,100.0,2000,null,null,120,640,480
2026-09-14T18:16:49.517Z,camera_0,1,998.25,998.25,0.00,110592.00,100.0,2000,null,null,120,640,480
2026-09-14T18:16:52.628Z,camera_0,1,624.66,0.00,624.66,147571.20,99.6,2000,null,null,30,854,480
2026-09-14T18:16:52.628Z,camera_1,1,0.00,0.00,0.00,147571.20,100.0,2000,null,null,30,854,480
2026-09-14T18:16:52.628Z,camera_0,1,931.94,307.28,624.66,147571.20,99.6,2000,null,null,30,854,480
2026-09-14T18:16:55.847Z,camera_0,1,0.00,0.00,0.00,147571.20,100.0,2000,null,null,30,854,480
2026-09-14T18:16:55.847Z,camera_1,1,0.00,0.00,0.00,147571.20,100.0,2000,null,null,30,854,480
2026-09-14T18:16:55.850Z,camera_0,1,1815.38,1815.38,0.00,147571.20,100.0,2000,null,null,30,854,480
2026-09-14T18:16:58.850Z,camera_0,1,192.51,0.00,192.51,147571.20,99.9,2000,null,null,30,854,480
2026-09-14T18:16:58.850Z,camera_1,1,0.00,0.00,0.00,147571.20,100.0,2000,null,null,30,854,480
2026-09-14T18:16:58.850Z,camera_0,1,1039.69,847.18,192.51,147571.20,99.9,2000,null,null,30,854,480
2026-09-14T18:17:01.851Z,camera_0,1,389.03,0.00,389.03,147571.20,99.7,2000,null,null,30,854,480
2026-09-14T18:17:01.851Z,camera_1,1,0.00,0.00,0.00,147571.20,100.0,2000,null,null,30,854,480
2026-09-14T18:17:01.851Z,camera_0,1,1236.49,847.45,389.03,147571.20,99.7,2000,null,null,30,854,480
2026-09-14T18:17:04.850Z,camera_0,1,319.35,0.00,319.35,147571.20,99.8,2000,null,null,30,854,480
2026-09-14T18:17:04.850Z,camera_1,1,0.00,0.00,0.00,147571.20,100.0,2000,null,null,30,854,480
2026-09-14T18:17:04.851Z,camera_0,1,1054.85,735.50,319.35,147571.20,99.8,2000,null,null,30,854,480
2026-09-14T18:17:07.853Z,camera_0,1,341.41,0.00,341.41,147571.20,99.8,2000,null,null,30,854,480
2026-09-14T18:17:07.853Z,camera_1,1,0.00,0.00,0.00,147571.20,100.0,2000,null,null,30,854,480
2026-09-14T18:17:07.853Z,camera_0,1,1181.69,840.28,341.41,147571.20,99.8,2000,null,null,30,854,480
2026-09-14T18:17:11.014Z,camera_0,1,469.75,0.00,469.75,147571.20,99.7,2000,null,null,30,854,480
2026-09-14T18:17:11.014Z,camera_1,1,0.00,0.00,0.00,147571.20,100.0,2000,null,null,30,854,480
2026-09-14T18:17:11.014Z,camera_0,1,1416.98,947.23,469.75,147571.20,99.7,2000,null,null,30,854,480
2026-09-14T18:17:14.014Z,camera_0,1,389.54,0.00,389.54,147571.20,99.7,2000,null,null,30,854,480
2026-09-14T18:17:14.015Z,camera_1,1,0.00,0.00,0.00,147571.20,100.0,2000,null,null,30,854,480
2026-09-14T18:17:14.015Z,camera_0,1,1230.94,841.41,389.54,147571.20,99.7,2000,null,null,30,854,480
2026-09-14T18:17:17.067Z,camera_0,1,353.44,0.00,353.44,147571.20,99.8,2000,null,null,30,854,480
2026-09-14T18:17:17.067Z,camera_1,1,0.00,0.00,0.00,147571.20,100.0,2000,null,null,30,854,480
2026-09-14T18:17:17.068Z,camera_0,1,1191.88,838.44,353.44,147571.20,99.8,2000,null,null,30,854,480
2026-09-14T18:17:20.115Z,camera_0,1,263.70,0.00,263.70,147571.20,99.8,2000,null,null,30,854,480
2026-09-14T18:17:20.115Z,camera_1,1,0.00,0.00,0.00,147571.20,100.0,2000,null,null,30,854,480
2026-09-14T18:17:20.115Z,camera_0,1,890.69,626.99,263.70,147571.20,99.8,2000,null,null,30,854,480
2026-09-14T18:17:23.122Z,camera_0,1,404.07,0.00,404.07,147571.20,99.7,2000,null,null,30,854,480
2026-09-14T18:17:23.122Z,camera_1,1,0.00,0.00,0.00,147571.20,100.0,2000,null,null,30,854,480
2026-09-14T18:17:23.122Z,camera_0,1,1244.11,840.04,404.07,147571.20,99.7,2000,null,null,30,854,480
2026-09-14T18:17:26.199Z,camera_0,1,431.65,0.00,431.65,147571.20,99.7,2000,null,null,30,854,480
2026-09-14T18:17:26.200Z,camera_1,1,0.00,0.00,0.00,147571.20,100.0,2000,null,null,30,854,480
2026-09-14T18:17:26.203Z,camera_0,1,1381.39,949.74,431.65,147571.20,99.7,2000,null,null,30,854,480
2026-09-14T18:17:29.199Z,camera_0,1,345.42,0.00,345.42,147571.20,99.8,2000,null,null,30,854,480
2026-09-14T18:17:29.199Z,camera_1,1,0.00,0.00,0.00,147571.20,100.0,2000,null,null,30,854,480
2026-09-14T18:17:29.200Z,camera_0,1,1188.69,843.27,345.42,147571.20,99.8,2000,null,null,30,854,480
2026-09-14T18:17:32.200Z,camera_0,1,308.32,0.00,308.32,147571.20,99.8,2000,null,null,30,854,480
2026-09-14T18:17:32.200Z,camera_1,1,0.00,0.00,0.00,147571.20,100.0,2000,null,null,30,854,480
2026-09-14T18:17:32.200Z,camera_0,1,936.70,628.38,308.32,147571.20,99.8,2000,null,null,30,854,480
2026-09-14T18:17:35.199Z,camera_0,1,361.96,0.00,361.96,147571.20,99.8,2000,null,null,30,854,480
2026-09-14T18:17:35.200Z,camera_1,1,0.00,0.00,0.00,147571.20,100.0,2000,null,null,30,854,480
2026-09-14T18:17:35.200Z,camera_0,1,1205.65,843.69,361.96,147571.20,99.8,2000,null,null,30,854,480
2026-09-14T18:17:38.199Z,camera_0,1,731.45,0.00,731.45,147571.20,99.5,2000,null,null,30,854,480
2026-09-14T18:17:38.200Z,camera_1,1,0.00,0.00,0.00,147571.20,100.0,2000,null,null,30,854,480
2026-09-14T18:17:38.200Z,camera_0,1,1038.09,306.64,731.45,147571.20,99.5,2000,null,null,30,854,480
2026-09-14T18:17:41.247Z,camera_0,1,371.99,0.00,371.99,147571.20,99.7,2000,null,null,30,854,480
2026-09-14T18:17:41.248Z,camera_1,1,0.00,0.00,0.00,147571.20,100.0,2000,null,null,30,854,480
2026-09-14T18:17:41.248Z,camera_0,1,1371.34,999.35,371.99,147571.20,99.7,2000,null,null,30,854,480
2026-09-14T18:17:44.568Z,camera_0,1,0.00,0.00,0.00,147571.20,100.0,2000,null,null,30,854,480
2026-09-14T18:17:44.572Z,camera_0,1,1695.67,1695.67,0.00,147571.20,100.0,2000,null,null,30,854,480
2026-09-14T18:17:44.568Z,camera_1,1,0.00,0.00,0.00,147571.20,100.0,2000,null,null,30,854,480
2026-09-14T18:17:47.570Z,camera_0,1,219.58,0.00,219.58,147571.20,99.9,2000,null,null,30,854,480
2026-09-14T18:17:47.570Z,camera_1,1,0.00,0.00,0.00,147571.20,100.0,2000,null,null,30,854,480
2026-09-14T18:17:47.571Z,camera_0,1,1063.15,843.57,219.58,147571.20,99.9,2000,null,null,30,854,480
2026-09-14T18:17:50.571Z,camera_0,1,329.88,0.00,329.88,147571.20,99.8,2000,null,null,30,854,480
2026-09-14T18:17:50.571Z,camera_1,1,0.00,0.00,0.00,147571.20,100.0,2000,null,null,30,854,480
2026-09-14T18:17:50.573Z,camera_0,1,1174.55,844.67,329.88,147571.20,99.8,2000,null,null,30,854,480
2026-09-14T18:17:53.714Z,camera_0,1,390.04,0.00,390.04,147571.20,99.7,2000,null,null,30,854,480
2026-09-14T18:17:53.714Z,camera_1,1,0.00,0.00,0.00,147571.20,100.0,2000,null,null,30,854,480
2026-09-14T18:17:53.715Z,camera_0,1,1237.85,847.82,390.04,147571.20,99.7,2000,null,null,30,854,480
2026-09-14T18:17:56.775Z,camera_0,1,338.90,0.00,338.90,147571.20,99.8,2000,null,null,30,854,480
2026-09-14T18:17:56.775Z,camera_1,1,0.00,0.00,0.00,147571.20,100.0,2000,null,null,30,854,480
2026-09-14T18:17:56.778Z,camera_0,1,1185.16,846.26,338.90,147571.20,99.8,2000,null,null,30,854,480
2026-09-14T18:17:59.777Z,camera_0,1,432.15,0.00,432.15,147571.20,99.7,2000,null,null,30,854,480
2026-09-14T18:17:59.777Z,camera_1,1,0.00,0.00,0.00,147571.20,100.0,2000,null,null,30,854,480
2026-09-14T18:17:59.777Z,camera_0,1,1279.39,847.24,432.15,147571.20,99.7,2000,null,null,30,854,480
2026-09-14T18:18:02.777Z,camera_0,1,607.62,0.00,607.62,147571.20,99.6,2000,null,null,30,854,480
2026-09-14T18:18:02.777Z,camera_1,1,0.00,0.00,0.00,147571.20,100.0,2000,null,null,30,854,480
2026-09-14T18:18:02.777Z,camera_0,1,1022.80,415.19,607.62,147571.20,99.6,2000,null,null,30,854,480
2026-09-14T18:18:05.777Z,camera_0,1,123.33,0.00,123.33,110592.00,99.9,2000,null,null,120,640,480
2026-09-14T18:18:05.777Z,camera_1,1,0.00,0.00,0.00,110592.00,100.0,2000,null,null,120,640,480
2026-09-14T18:18:05.777Z,camera_0,1,1328.98,1205.65,123.33,110592.00,99.9,2000,null,null,120,640,480
2026-09-14T18:18:08.778Z,camera_0,1,506.35,0.00,506.35,110592.00,99.5,2000,null,null,120,640,480
2026-09-14T18:18:08.778Z,camera_1,1,0.00,0.00,0.00,110592.00,100.0,2000,null,null,120,640,480
2026-09-14T18:18:08.778Z,camera_0,1,893.47,387.13,506.35,110592.00,99.5,2000,null,null,120,640,480
2026-09-14T18:18:11.824Z,camera_0,1,44.12,0.00,44.12,147571.20,100.0,2000,null,null,30,854,480
2026-09-14T18:18:11.824Z,camera_1,1,0.00,0.00,0.00,147571.20,100.0,2000,null,null,30,854,480
2026-09-14T18:18:11.827Z,camera_0,1,1413.81,1369.70,44.12,147571.20,100.0,2000,null,null,30,854,480
2026-09-14T18:18:14.824Z,camera_0,1,0.00,0.00,0.00,147571.20,100.0,2000,null,null,30,854,480
2026-09-14T18:18:14.824Z,camera_1,1,0.00,0.00,0.00,147571.20,100.0,2000,null,null,30,854,480
2026-09-14T18:18:14.824Z,camera_0,1,1369.89,1369.89,0.00,147571.20,100.0,2000,null,null,30,854,480
2026-09-14T18:18:17.824Z,camera_0,1,453.71,0.00,453.71,147571.20,99.7,2000,null,null,30,854,480
2026-09-14T18:18:17.826Z,camera_1,1,0.00,0.00,0.00,147571.20,100.0,2000,null,null,30,854,480
2026-09-14T18:18:17.826Z,camera_0,1,1182.12,728.41,453.71,147571.20,99.7,2000,null,null,30,854,480
2026-09-14T18:18:20.866Z,camera_0,1,543.45,0.00,543.45,110592.00,99.5,2000,null,null,120,640,480
2026-09-14T18:18:20.866Z,camera_1,1,0.00,0.00,0.00,110592.00,100.0,2000,null,null,120,640,480
2026-09-14T18:18:20.867Z,camera_0,1,1037.66,494.22,543.45,110592.00,99.5,2000,null,null,120,640,480
2026-09-14T18:18:23.924Z,camera_0,1,0.00,0.00,0.00,110592.00,100.0,2000,null,null,120,640,480
2026-09-14T18:18:23.928Z,camera_1,1,0.00,0.00,0.00,110592.00,100.0,2000,null,null,120,640,480
2026-09-14T18:18:23.929Z,camera_0,1,895.42,895.42,0.00,110592.00,100.0,2000,null,null,120,640,480
2026-09-14T18:18:26.983Z,camera_0,1,0.00,0.00,0.00,110592.00,100.0,2000,null,null,120,640,480
2026-09-14T18:18:26.983Z,camera_1,1,0.00,0.00,0.00,110592.00,100.0,2000,null,null,120,640,480
2026-09-14T18:18:26.983Z,camera_0,1,1198.41,1198.41,0.00,110592.00,100.0,2000,null,null,120,640,480
2026-09-14T18:18:29.983Z,camera_0,1,337.40,0.00,337.40,110592.00,99.7,2000,null,null,120,640,480
2026-09-14T18:18:29.984Z,camera_1,1,0.00,0.00,0.00,110592.00,100.0,2000,null,null,120,640,480
2026-09-14T18:18:29.984Z,camera_0,1,438.96,101.56,337.40,110592.00,99.7,2000,null,null,120,640,480
2026-09-14T18:18:33.488Z,camera_0,1,248.16,0.00,248.16,147571.20,99.8,2000,null,null,30,854,480
2026-09-14T18:18:33.488Z,camera_1,1,0.00,0.00,0.00,147571.20,100.0,2000,null,null,30,854,480
2026-09-14T18:18:33.488Z,camera_0,1,1304.48,1056.32,248.16,147571.20,99.8,2000,null,null,30,854,480
2026-09-14T18:18:36.524Z,camera_0,1,0.00,0.00,0.00,147571.20,100.0,2000,null,null,30,854,480
2026-09-14T18:18:36.529Z,camera_1,1,0.00,0.00,0.00,147571.20,100.0,2000,null,null,30,854,480
2026-09-14T18:18:36.530Z,camera_0,1,1387.32,1387.32,0.00,147571.20,100.0,2000,null,null,30,854,480
2026-09-14T18:18:39.525Z,camera_0,1,337.40,0.00,337.40,147571.20,99.8,2000,null,null,30,854,480
2026-09-14T18:18:39.527Z,camera_0,1,1186.79,849.39,337.40,147571.20,99.8,2000,null,null,30,854,480
2026-09-14T18:18:39.527Z,camera_1,1,0.00,0.00,0.00,147571.20,100.0,2000,null,null,30,854,480
2026-09-14T18:18:42.527Z,camera_0,1,419.62,0.00,419.62,147571.20,99.7,2000,null,null,30,854,480
2026-09-14T18:18:42.530Z,camera_1,1,0.00,0.00,0.00,147571.20,100.0,2000,null,null,30,854,480
2026-09-14T18:18:42.532Z,camera_0,1,1377.38,957.76,419.62,147571.20,99.7,2000,null,null,30,854,480
2026-09-14T18:18:45.528Z,camera_0,1,502.34,0.00,502.34,147571.20,99.7,2000,null,null,30,854,480
2026-09-14T18:18:45.528Z,camera_1,1,0.00,0.00,0.00,147571.20,100.0,2000,null,null,30,854,480
2026-09-14T18:18:45.528Z,camera_0,1,920.51,418.18,502.34,147571.20,99.7,2000,null,null,30,854,480
2026-09-14T18:18:48.527Z,camera_0,1,399.06,0.00,399.06,110592.00,99.6,2000,null,null,120,640,480
2026-09-14T18:18:48.528Z,camera_1,1,0.00,0.00,0.00,110592.00,100.0,2000,null,null,120,640,480
2026-09-14T18:18:48.528Z,camera_0,1,990.05,590.98,399.06,110592.00,99.6,2000,null,null,120,640,480
2026-09-14T18:18:51.632Z,camera_0,1,206.05,0.00,206.05,147571.20,99.9,2000,null,null,30,854,480
2026-09-14T18:18:51.632Z,camera_1,1,0.00,0.00,0.00,147571.20,100.0,2000,null,null,30,854,480
2026-09-14T18:18:51.634Z,camera_0,1,1586.89,1380.84,206.05,147571.20,99.9,2000,null,null,30,854,480
2026-09-14T18:18:54.817Z,camera_0,1,0.00,0.00,0.00,147571.20,100.0,2000,null,null,30,854,480
2026-09-14T18:18:54.822Z,camera_1,1,0.00,0.00,0.00,147571.20,100.0,2000,null,null,30,854,480
2026-09-14T18:18:54.823Z,camera_0,1,1372.90,1372.90,0.00,147571.20,100.0,2000,null,null,30,854,480
2026-09-14T18:18:57.821Z,camera_0,1,384.02,0.00,384.02,147571.20,99.7,2000,null,null,30,854,480
2026-09-14T18:18:57.821Z,camera_1,1,0.00,0.00,0.00,147571.20,100.0,2000,null,null,30,854,480
2026-09-14T18:18:57.821Z,camera_0,1,1010.60,626.58,384.02,147571.20,99.7,2000,null,null,30,854,480
2026-09-14T18:19:01.049Z,camera_0,1,386.03,0.00,386.03,147571.20,99.7,2000,null,null,30,854,480
2026-09-14T18:19:01.049Z,camera_1,1,0.00,0.00,0.00,147571.20,100.0,2000,null,null,30,854,480
2026-09-14T18:19:01.049Z,camera_0,1,1225.71,839.68,386.03,147571.20,99.7,2000,null,null,30,854,480
2026-09-14T18:19:04.049Z,camera_0,1,484.79,0.00,484.79,147571.20,99.7,2000,null,null,30,854,480
2026-09-14T18:19:04.049Z,camera_1,1,0.00,0.00,0.00,147571.20,100.0,2000,null,null,30,854,480
2026-09-14T18:19:04.049Z,camera_0,1,898.98,414.19,484.79,147571.20,99.7,2000,null,null,30,854,480
2026-09-14T18:19:07.051Z,camera_0,1,783.84,591.83,192.01,110592.00,99.8,2000,null,null,120,640,480
2026-09-14T18:19:07.049Z,camera_1,1,0.00,0.00,0.00,110592.00,100.0,2000,null,null,120,640,480
2026-09-14T18:19:07.049Z,camera_0,1,192.01,0.00,192.01,110592.00,99.8,2000,null,null,120,640,480
2026-09-14T18:19:10.139Z,camera_0,1,375.00,0.00,375.00,147571.20,99.7,2000,null,null,30,854,480
2026-09-14T18:19:10.139Z,camera_1,1,0.00,0.00,0.00,147571.20,100.0,2000,null,null,30,854,480
2026-09-14T18:19:10.142Z,camera_0,1,1431.26,1056.26,375.00,147571.20,99.7,2000,null,null,30,854,480
2026-09-14T18:19:13.307Z,camera_0,1,0.00,0.00,0.00,147571.20,100.0,2000,null,null,30,854,480
2026-09-14T18:19:13.307Z,camera_1,1,0.00,0.00,0.00,147571.20,100.0,2000,null,null,30,854,480
2026-09-14T18:19:13.308Z,camera_0,1,1723.47,1723.47,0.00,147571.20,100.0,2000,null,null,30,854,480
2026-09-14T18:19:16.307Z,camera_0,1,335.39,0.00,335.39,147571.20,99.8,2000,null,null,30,854,480
2026-09-14T18:19:16.307Z,camera_1,1,0.00,0.00,0.00,147571.20,100.0,2000,null,null,30,854,480
2026-09-14T18:19:16.308Z,camera_0,1,752.54,417.15,335.39,147571.20,99.8,2000,null,null,30,854,480
2026-09-14T18:19:19.444Z,camera_0,1,425.63,0.00,425.63,147571.20,99.7,2000,null,null,30,854,480
2026-09-14T18:19:19.444Z,camera_1,1,0.00,0.00,0.00,147571.20,100.0,2000,null,null,30,854,480
2026-09-14T18:19:19.444Z,camera_0,1,1491.49,1065.86,425.63,147571.20,99.7,2000,null,null,30,854,480
2026-09-14T18:19:22.505Z,camera_0,1,370.49,0.00,370.49,147571.20,99.7,2000,null,null,30,854,480
2026-09-14T18:19:22.505Z,camera_1,1,0.00,0.00,0.00,147571.20,100.0,2000,null,null,30,854,480
2026-09-14T18:19:22.508Z,camera_0,1,1220.41,849.93,370.49,147571.20,99.7,2000,null,null,30,854,480
2026-09-14T18:19:25.577Z,camera_0,1,351.43,0.00,351.43,147571.20,99.8,2000,null,null,30,854,480
2026-09-14T18:19:25.577Z,camera_1,1,0.00,0.00,0.00,147571.20,100.0,2000,null,null,30,854,480
2026-09-14T18:19:25.577Z,camera_0,1,1197.98,846.54,351.43,147571.20,99.8,2000,null,null,30,854,480
2026-09-14T18:19:28.627Z,camera_0,1,395.55,0.00,395.55,147571.20,99.7,2000,null,null,30,854,480
2026-09-14T18:19:28.627Z,camera_1,1,0.00,0.00,0.00,147571.20,100.0,2000,null,null,30,854,480
2026-09-14T18:19:28.627Z,camera_0,1,1237.74,842.18,395.55,147571.20,99.7,2000,null,null,30,854,480
2026-09-14T18:19:31.626Z,camera_0,1,319.35,0.00,319.35,147571.20,99.8,2000,null,null,30,854,480
2026-09-14T18:19:31.627Z,camera_1,1,0.00,0.00,0.00,147571.20,100.0,2000,null,null,30,854,480
2026-09-14T18:19:31.629Z,camera_0,1,1054.46,735.11,319.35,147571.20,99.8,2000,null,null,30,854,480
2026-09-14T18:19:34.659Z,camera_0,1,432.15,0.00,432.15,147571.20,99.7,2000,null,null,30,854,480
2026-09-14T18:19:34.659Z,camera_1,1,0.00,0.00,0.00,147571.20,100.0,2000,null,null,30,854,480
2026-09-14T18:19:34.660Z,camera_0,1,1381.88,949.73,432.15,147571.20,99.7,2000,null,null,30,854,480
2026-09-14T18:19:37.731Z,camera_0,1,413.60,0.00,413.60,147571.20,99.7,2000,null,null,30,854,480
2026-09-14T18:19:37.732Z,camera_1,1,0.00,0.00,0.00,147571.20,100.0,2000,null,null,30,854,480
2026-09-14T18:19:37.732Z,camera_0,1,1260.97,847.37,413.60,147571.20,99.7,2000,null,null,30,854,480
2026-09-14T18:19:40.732Z,camera_0,1,366.98,0.00,366.98,147571.20,99.8,2000,null,null,30,854,480
2026-09-14T18:19:40.732Z,camera_1,1,0.00,0.00,0.00,147571.20,100.0,2000,null,null,30,854,480
2026-09-14T18:19:40.732Z,camera_0,1,1215.13,848.15,366.98,147571.20,99.8,2000,null,null,30,854,480
2026-09-14T18:19:43.862Z,camera_0,1,382.02,0.00,382.02,147571.20,99.7,2000,null,null,30,854,480
2026-09-14T18:19:43.862Z,camera_1,1,0.00,0.00,0.00,147571.20,100.0,2000,null,null,30,854,480
2026-09-14T18:19:43.862Z,camera_0,1,1228.81,846.79,382.02,147571.20,99.7,2000,null,null,30,854,480
2026-09-14T18:19:46.862Z,camera_0,1,348.93,0.00,348.93,147571.20,99.8,2000,null,null,30,854,480
2026-09-14T18:19:46.862Z,camera_1,1,0.00,0.00,0.00,147571.20,100.0,2000,null,null,30,854,480
2026-09-14T18:19:46.862Z,camera_0,1,1189.79,840.86,348.93,147571.20,99.8,2000,null,null,30,854,480
2026-09-14T18:19:49.865Z,camera_0,1,444.68,0.00,444.68,147571.20,99.7,2000,null,null,30,854,480
2026-09-14T18:19:49.865Z,camera_1,1,0.00,0.00,0.00,147571.20,100.0,2000,null,null,30,854,480
2026-09-14T18:19:49.865Z,camera_0,1,1280.39,835.71,444.68,147571.20,99.7,2000,null,null,30,854,480
2026-09-14T18:19:52.868Z,camera_0,1,423.13,0.00,423.13,147571.20,99.7,2000,null,null,30,854,480
2026-09-14T18:19:52.868Z,camera_1,1,0.00,0.00,0.00,147571.20,100.0,2000,null,null,30,854,480
2026-09-14T18:19:52.868Z,camera_0,1,1369.23,946.11,423.13,147571.20,99.7,2000,null,null,30,854,480
2026-09-14T18:19:55.867Z,camera_0,1,347.93,0.00,347.93,147571.20,99.8,2000,null,null,30,854,480
2026-09-14T18:19:55.867Z,camera_1,1,0.00,0.00,0.00,147571.20,100.0,2000,null,null,30,854,480
2026-09-14T18:19:55.867Z,camera_0,1,1186.57,838.64,347.93,147571.20,99.8,2000,null,null,30,854,480
2026-09-14T18:19:58.872Z,camera_0,1,395.55,0.00,395.55,147571.20,99.7,2000,null,null,30,854,480
2026-09-14T18:19:58.872Z,camera_1,1,0.00,0.00,0.00,147571.20,100.0,2000,null,null,30,854,480
2026-09-14T18:19:58.874Z,camera_0,1,1234.14,838.59,395.55,147571.20,99.7,2000,null,null,30,854,480
2026-09-14T18:20:01.872Z,camera_0,1,379.51,0.00,379.51,147571.20,99.7,2000,null,null,30,854,480
2026-09-14T18:20:01.872Z,camera_1,1,0.00,0.00,0.00,147571.20,100.0,2000,null,null,30,854,480
2026-09-14T18:20:01.872Z,camera_0,1,1216.41,836.90,379.51,147571.20,99.7,2000,null,null,30,854,480
2026-09-14T18:20:04.875Z,camera_1,1,0.00,0.00,0.00,147571.20,100.0,2000,null,null,30,854,480
2026-09-14T18:20:04.874Z,camera_0,1,321.86,0.00,321.86,147571.20,99.8,2000,null,null,30,854,480
2026-09-14T18:20:04.875Z,camera_0,1,1050.59,728.74,321.86,147571.20,99.8,2000,null,null,30,854,480
2026-09-14T18:20:07.891Z,camera_0,1,383.02,0.00,383.02,147571.20,99.7,2000,null,null,30,854,480
2026-09-14T18:20:07.891Z,camera_1,1,0.00,0.00,0.00,147571.20,100.0,2000,null,null,30,854,480
2026-09-14T18:20:07.891Z,camera_0,1,1219.50,836.48,383.02,147571.20,99.7,2000,null,null,30,854,480
2026-09-14T18:20:10.892Z,camera_0,1,326.87,0.00,326.87,147571.20,99.8,2000,null,null,30,854,480
2026-09-14T18:20:10.892Z,camera_1,1,0.00,0.00,0.00,147571.20,100.0,2000,null,null,30,854,480
2026-09-14T18:20:10.893Z,camera_0,1,949.19,622.33,326.87,147571.20,99.8,2000,null,null,30,854,480
2026-09-14T18:20:13.896Z,camera_0,1,548.46,0.00,548.46,110592.00,99.5,2000,null,null,120,640,480
2026-09-14T18:20:13.896Z,camera_1,1,0.00,0.00,0.00,110592.00,100.0,2000,null,null,120,640,480
2026-09-14T18:20:13.896Z,camera_0,1,1138.30,589.85,548.46,110592.00,99.5,2000,null,null,120,640,480
2026-09-14T18:20:16.897Z,camera_0,1,377.50,0.00,377.50,147571.20,99.7,2000,null,null,30,854,480
2026-09-14T18:20:16.897Z,camera_1,1,0.00,0.00,0.00,147571.20,100.0,2000,null,null,30,854,480
2026-09-14T18:20:16.897Z,camera_0,1,1435.79,1058.29,377.50,147571.20,99.7,2000,null,null,30,854,480
2026-09-14T18:20:20.034Z,camera_0,1,0.00,0.00,0.00,147571.20,100.0,2000,null,null,30,854,480
2026-09-14T18:20:20.035Z,camera_1,1,0.00,0.00,0.00,147571.20,100.0,2000,null,null,30,854,480
2026-09-14T18:20:20.035Z,camera_0,1,1705.14,1705.14,0.00,147571.20,100.0,2000,null,null,30,854,480
2026-09-14T18:20:23.137Z,camera_0,1,332.89,0.00,332.89,147571.20,99.8,2000,null,null,30,854,480
2026-09-14T18:20:23.138Z,camera_1,1,0.00,0.00,0.00,147571.20,100.0,2000,null,null,30,854,480
2026-09-14T18:20:23.138Z,camera_0,1,855.01,522.13,332.89,147571.20,99.8,2000,null,null,30,854,480
2026-09-14T18:20:26.137Z,camera_0,1,695.35,0.00,695.35,147571.20,99.5,2000,null,null,30,854,480
2026-09-14T18:20:26.137Z,camera_1,1,0.00,0.00,0.00,147571.20,100.0,2000,null,null,30,854,480
2026-09-14T18:20:26.138Z,camera_0,1,1002.81,307.46,695.35,147571.20,99.5,2000,null,null,30,854,480
2026-09-14T18:20:29.159Z,camera_0,1,38.60,0.00,38.60,110592.00,100.0,2000,null,null,120,640,480
2026-09-14T18:20:29.159Z,camera_1,1,0.00,0.00,0.00,110592.00,100.0,2000,null,null,120,640,480
2026-09-14T18:20:29.160Z,camera_0,1,1538.88,1500.28,38.60,110592.00,100.0,2000,null,null,120,640,480
2026-09-14T18:20:32.178Z,camera_0,1,0.00,0.00,0.00,110592.00,100.0,2000,null,null,120,640,480
2026-09-14T18:20:32.179Z,camera_1,1,0.00,0.00,0.00,110592.00,100.0,2000,null,null,120,640,480
2026-09-14T18:20:32.179Z,camera_0,1,994.34,994.34,0.00,110592.00,100.0,2000,null,null,120,640,480
2026-09-14T18:20:35.202Z,camera_0,1,339.90,0.00,339.90,110592.00,99.7,2000,null,null,120,640,480
2026-09-14T18:20:35.202Z,camera_1,1,0.00,0.00,0.00,110592.00,100.0,2000,null,null,120,640,480
2026-09-14T18:20:35.203Z,camera_0,1,930.35,590.45,339.90,110592.00,99.7,2000,null,null,120,640,480
2026-09-14T18:20:38.203Z,camera_0,1,415.61,0.00,415.61,110592.00,99.6,2000,null,null,120,640,480
2026-09-14T18:20:38.204Z,camera_1,1,0.00,0.00,0.00,110592.00,100.0,2000,null,null,120,640,480
2026-09-14T18:20:38.204Z,camera_0,1,1205.46,789.85,415.61,110592.00,99.6,2000,null,null,120,640,480
2026-09-14T18:20:41.383Z,camera_0,1,412.60,0.00,412.60,110592.00,99.6,2000,null,null,120,640,480
2026-09-14T18:20:41.383Z,camera_1,1,0.00,0.00,0.00,110592.00,100.0,2000,null,null,120,640,480
2026-09-14T18:20:41.383Z,camera_0,1,1305.19,892.59,412.60,110592.00,99.6,2000,null,null,120,640,480
2026-09-14T18:20:44.438Z,camera_0,1,380.51,0.00,380.51,110592.00,99.7,2000,null,null,120,640,480
2026-09-14T18:20:44.438Z,camera_1,1,0.00,0.00,0.00,110592.00,100.0,2000,null,null,120,640,480
2026-09-14T18:20:44.440Z,camera_0,1,1271.54,891.03,380.51,110592.00,99.7,2000,null,null,120,640,480
2026-09-14T18:20:47.438Z,camera_0,1,405.08,0.00,405.08,110592.00,99.6,2000,null,null,120,640,480
2026-09-14T18:20:47.438Z,camera_1,1,0.00,0.00,0.00,110592.00,100.0,2000,null,null,120,640,480
2026-09-14T18:20:47.438Z,camera_0,1,1298.22,893.14,405.08,110592.00,99.6,2000,null,null,120,640,480
2026-09-14T18:20:50.504Z,camera_0,1,428.14,0.00,428.14,110592.00,99.6,2000,null,null,120,640,480
2026-09-14T18:20:50.505Z,camera_1,1,0.00,0.00,0.00,110592.00,100.0,2000,null,null,120,640,480
2026-09-14T18:20:50.505Z,camera_0,1,1318.94,890.80,428.14,110592.00,99.6,2000,null,null,120,640,480
2026-09-14T18:20:53.505Z,camera_0,1,384.02,0.00,384.02,110592.00,99.7,2000,null,null,120,640,480
2026-09-14T18:20:53.505Z,camera_1,1,0.00,0.00,0.00,110592.00,100.0,2000,null,null,120,640,480
2026-09-14T18:20:53.511Z,camera_0,1,1175.00,790.98,384.02,110592.00,99.7,2000,null,null,120,640,480
2026-09-14T18:20:56.561Z,camera_0,1,397.06,0.00,397.06,110592.00,99.6,2000,null,null,120,640,480
2026-09-14T18:20:56.562Z,camera_1,1,0.00,0.00,0.00,110592.00,100.0,2000,null,null,120,640,480
2026-09-14T18:20:56.562Z,camera_0,1,1290.14,893.09,397.06,110592.00,99.6,2000,null,null,120,640,480
2026-09-14T18:20:59.588Z,camera_0,1,427.14,0.00,427.14,110592.00,99.6,2000,null,null,120,640,480
2026-09-14T18:20:59.588Z,camera_1,1,0.00,0.00,0.00,110592.00,100.0,2000,null,null,120,640,480
2026-09-14T18:20:59.588Z,camera_0,1,1318.12,890.99,427.14,110592.00,99.6,2000,null,null,120,640,480
2026-09-14T18:21:02.587Z,camera_0,1,556.98,0.00,556.98,110592.00,99.5,2000,null,null,120,640,480
2026-09-14T18:21:02.588Z,camera_0,1,1045.18,488.20,556.98,110592.00,99.5,2000,null,null,120,640,480
2026-09-14T18:21:02.588Z,camera_1,1,0.00,0.00,0.00,110592.00,100.0,2000,null,null,120,640,480
2026-09-14T18:21:05.589Z,camera_0,1,371.49,0.00,371.49,147571.20,99.7,2000,null,null,30,854,480
2026-09-14T18:21:05.589Z,camera_1,1,0.00,0.00,0.00,147571.20,100.0,2000,null,null,30,854,480
2026-09-14T18:21:05.594Z,camera_0,1,1427.82,1056.33,371.49,147571.20,99.7,2000,null,null,30,854,480
2026-09-14T18:21:08.737Z,camera_0,1,0.00,0.00,0.00,147571.20,100.0,2000,null,null,30,854,480
2026-09-14T18:21:08.737Z,camera_1,1,0.00,0.00,0.00,147571.20,100.0,2000,null,null,30,854,480
2026-09-14T18:21:08.738Z,camera_0,1,1698.75,1698.75,0.00,147571.20,100.0,2000,null,null,30,854,480
2026-09-14T18:21:11.739Z,camera_0,1,337.90,0.00,337.90,147571.20,99.8,2000,null,null,30,854,480
2026-09-14T18:21:11.740Z,camera_0,1,858.55,520.65,337.90,147571.20,99.8,2000,null,null,30,854,480
2026-09-14T18:21:11.740Z,camera_1,1,0.00,0.00,0.00,147571.20,100.0,2000,null,null,30,854,480
2026-09-14T18:21:14.742Z,camera_0,1,387.53,0.00,387.53,147571.20,99.7,2000,null,null,30,854,480
2026-09-14T18:21:14.742Z,camera_1,1,0.00,0.00,0.00,147571.20,100.0,2000,null,null,30,854,480
2026-09-14T18:21:14.742Z,camera_0,1,1217.05,829.52,387.53,147571.20,99.7,2000,null,null,30,854,480
2026-09-14T18:21:17.740Z,camera_0,1,706.88,0.00,706.88,147571.20,99.5,2000,null,null,30,854,480
2026-09-14T18:21:17.740Z,camera_1,1,0.00,0.00,0.00,147571.20,100.0,2000,null,null,30,854,480
2026-09-14T18:21:17.740Z,camera_0,1,805.81,98.93,706.88,147571.20,99.5,2000,null,null,30,854,480
2026-09-14T18:21:20.740Z,camera_0,1,0.00,0.00,0.00,746496.00,100.0,2000,null,null,10,1920,1080
2026-09-14T18:21:20.740Z,camera_1,1,0.00,0.00,0.00,746496.00,100.0,2000,null,null,10,1920,1080
2026-09-14T18:21:20.740Z,camera_0,1,218.15,218.15,0.00,746496.00,100.0,2000,null,null,10,1920,1080
2026-09-14T18:21:23.831Z,camera_0,1,0.00,0.00,0.00,746496.00,100.0,2000,null,null,10,1920,1080
2026-09-14T18:21:23.831Z,camera_1,1,0.00,0.00,0.00,746496.00,100.0,2000,null,null,10,1920,1080
2026-09-14T18:21:23.831Z,camera_0,1,451.49,451.49,0.00,746496.00,100.0,2000,null,null,10,1920,1080
2026-09-14T18:21:26.837Z,camera_0,1,0.00,0.00,0.00,746496.00,100.0,2000,null,null,10,1920,1080
2026-09-14T18:21:26.837Z,camera_0,1,441.94,441.94,0.00,746496.00,100.0,2000,null,null,10,1920,1080
2026-09-14T18:21:26.837Z,camera_1,1,0.00,0.00,0.00,746496.00,100.0,2000,null,null,10,1920,1080
2026-09-14T18:21:29.841Z,camera_0,1,0.00,0.00,0.00,746496.00,100.0,2000,null,null,10,1920,1080
2026-09-14T18:21:29.841Z,camera_1,1,0.00,0.00,0.00,746496.00,100.0,2000,null,null,10,1920,1080
2026-09-14T18:21:29.841Z,camera_0,1,974.79,974.79,0.00,746496.00,100.0,2000,null,null,10,1920,1080
2026-09-14T18:21:32.875Z,camera_0,1,0.00,0.00,0.00,746496.00,100.0,2000,null,null,10,1920,1080
2026-09-14T18:21:32.876Z,camera_1,1,0.00,0.00,0.00,746496.00,100.0,2000,null,null,10,1920,1080
2026-09-14T18:21:32.879Z,camera_0,1,617.07,617.07,0.00,746496.00,100.0,2000,null,null,10,1920,1080
2026-09-14T18:21:35.980Z,camera_0,1,0.00,0.00,0.00,147571.20,100.0,2000,null,null,30,854,480
2026-09-14T18:21:35.981Z,camera_1,1,0.00,0.00,0.00,147571.20,100.0,2000,null,null,30,854,480
2026-09-14T18:21:35.981Z,camera_0,1,368.97,368.97,0.00,147571.20,100.0,2000,null,null,30,854,480
2026-09-14T18:21:39.069Z,camera_0,1,0.00,0.00,0.00,147571.20,100.0,2000,null,null,30,854,480
2026-09-14T18:21:39.069Z,camera_1,1,0.00,0.00,0.00,147571.20,100.0,2000,null,null,30,854,480
2026-09-14T18:21:39.073Z,camera_0,1,1152.77,1152.77,0.00,147571.20,100.0,2000,null,null,30,854,480
2026-09-14T18:21:42.069Z,camera_0,1,0.00,0.00,0.00,147571.20,100.0,2000,null,null,30,854,480
2026-09-14T18:21:42.069Z,camera_1,1,0.00,0.00,0.00,147571.20,100.0,2000,null,null,30,854,480
2026-09-14T18:21:42.070Z,camera_0,1,451.81,451.81,0.00,147571.20,100.0,2000,null,null,30,854,480
2026-09-14T18:21:45.159Z,camera_0,1,0.00,0.00,0.00,746496.00,100.0,2000,null,null,10,1920,1080
2026-09-14T18:21:45.165Z,camera_1,1,0.00,0.00,0.00,746496.00,100.0,2000,null,null,10,1920,1080
2026-09-14T18:21:45.165Z,camera_0,1,333.21,333.21,0.00,746496.00,100.0,2000,null,null,10,1920,1080
2026-09-14T18:21:48.160Z,camera_0,1,0.00,0.00,0.00,746496.00,100.0,2000,null,null,10,1920,1080
2026-09-14T18:21:48.160Z,camera_1,1,0.00,0.00,0.00,746496.00,100.0,2000,null,null,10,1920,1080
2026-09-14T18:21:48.162Z,camera_0,1,786.25,786.25,0.00,746496.00,100.0,2000,null,null,10,1920,1080
2026-09-14T18:21:51.160Z,camera_0,1,0.00,0.00,0.00,746496.00,100.0,2000,null,null,10,1920,1080
2026-09-14T18:21:51.161Z,camera_1,1,0.00,0.00,0.00,746496.00,100.0,2000,null,null,10,1920,1080
2026-09-14T18:21:51.161Z,camera_0,1,1103.03,1103.03,0.00,746496.00,100.0,2000,null,null,10,1920,1080
2026-09-14T18:21:54.163Z,camera_0,1,0.00,0.00,0.00,746496.00,100.0,2000,null,null,10,1920,1080
2026-09-14T18:21:54.163Z,camera_1,1,0.00,0.00,0.00,746496.00,100.0,2000,null,null,10,1920,1080
2026-09-14T18:21:54.164Z,camera_0,1,675.06,675.06,0.00,746496.00,100.0,2000,null,null,10,1920,1080
2026-09-14T18:21:57.166Z,camera_0,1,0.00,0.00,0.00,746496.00,100.0,2000,null,null,10,1920,1080
2026-09-14T18:21:57.166Z,camera_1,1,0.00,0.00,0.00,746496.00,100.0,2000,null,null,10,1920,1080
2026-09-14T18:21:57.169Z,camera_0,1,0.00,0.00,0.00,746496.00,100.0,2000,null,null,10,1920,1080
2026-09-14T18:22:00.169Z,camera_0,1,0.00,0.00,0.00,746496.00,100.0,2000,null,null,10,1920,1080
2026-09-14T18:22:00.169Z,camera_1,1,0.00,0.00,0.00,746496.00,100.0,2000,null,null,10,1920,1080
2026-09-14T18:22:00.169Z,camera_0,1,0.00,0.00,0.00,746496.00,100.0,2000,null,null,10,1920,1080
2026-09-14T18:22:03.172Z,camera_0,1,98.76,0.00,98.76,746496.00,100.0,2000,null,null,10,1920,1080
2026-09-14T18:22:03.172Z,camera_1,1,0.00,0.00,0.00,746496.00,100.0,2000,null,null,10,1920,1080
2026-09-14T18:22:03.172Z,camera_0,1,316.55,217.78,98.76,746496.00,100.0,2000,null,null,10,1920,1080
2026-09-14T18:22:06.176Z,camera_0,1,49.13,0.00,49.13,746496.00,100.0,2000,null,null,10,1920,1080
2026-09-14T18:22:06.176Z,camera_1,1,0.00,0.00,0.00,746496.00,100.0,2000,null,null,10,1920,1080
2026-09-14T18:22:06.177Z,camera_0,1,265.74,216.61,49.13,746496.00,100.0,2000,null,null,10,1920,1080
2026-09-14T18:22:09.180Z,camera_0,1,22.06,0.00,22.06,746496.00,100.0,2000,null,null,10,1920,1080
2026-09-14T18:22:09.180Z,camera_1,1,0.00,0.00,0.00,746496.00,100.0,2000,null,null,10,1920,1080
2026-09-14T18:22:09.180Z,camera_0,1,127.93,105.87,22.06,746496.00,100.0,2000,null,null,10,1920,1080
2026-09-14T18:22:12.181Z,camera_0,1,21.06,0.00,21.06,746496.00,100.0,2000,null,null,10,1920,1080
2026-09-14T18:22:12.181Z,camera_1,1,0.00,0.00,0.00,746496.00,100.0,2000,null,null,10,1920,1080
2026-09-14T18:22:12.181Z,camera_0,1,130.52,109.46,21.06,746496.00,100.0,2000,null,null,10,1920,1080
2026-09-14T18:22:15.186Z,camera_1,1,0.00,0.00,0.00,746496.00,100.0,2000,null,null,10,1920,1080
2026-09-14T18:22:15.186Z,camera_0,1,418.08,310.80,107.29,746496.00,100.0,2000,null,null,10,1920,1080
2026-09-14T18:22:15.186Z,camera_0,1,107.29,0.00,107.29,746496.00,100.0,2000,null,null,10,1920,1080
2026-09-14T18:22:30.541Z,camera_0,0,0.00,0.00,0.00,110592.00,100.0,2000,null,null,120,640,480
2026-09-14T18:22:30.544Z,camera_1,0,0.00,0.00,0.00,110592.00,100.0,2000,null,null,120,640,480
2026-09-14T18:22:30.544Z,camera_0,0,0.00,0.00,0.00,110592.00,100.0,2000,null,null,120,640,480
2026-09-14T18:22:33.543Z,camera_0,1,0.00,0.00,0.00,110592.00,100.0,2000,null,null,120,640,480
2026-09-14T18:22:33.543Z,camera_1,1,0.00,0.00,0.00,110592.00,100.0,2000,null,null,120,640,480
2026-09-14T18:22:33.544Z,camera_0,1,0.00,0.00,0.00,110592.00,100.0,2000,null,null,120,640,480
2026-09-14T18:22:36.544Z,camera_0,1,0.00,0.00,0.00,110592.00,100.0,2000,null,null,30,640,480
2026-09-14T18:22:36.544Z,camera_1,1,0.00,0.00,0.00,110592.00,100.0,2000,null,null,30,640,480
2026-09-14T18:22:36.545Z,camera_0,1,179.42,179.42,0.00,110592.00,100.0,2000,null,null,30,640,480
2026-09-14T18:22:39.545Z,camera_0,1,88.74,0.00,88.74,110592.00,99.9,2000,null,null,30,640,480
2026-09-14T18:22:39.545Z,camera_1,1,0.00,0.00,0.00,110592.00,100.0,2000,null,null,30,640,480
2026-09-14T18:22:39.545Z,camera_0,1,268.71,179.98,88.74,110592.00,99.9,2000,null,null,30,640,480
2026-09-14T18:22:42.580Z,camera_0,1,183.49,0.00,183.49,746496.00,100.0,2000,null,null,10,1920,1080
2026-09-14T18:22:42.580Z,camera_1,1,0.00,0.00,0.00,746496.00,100.0,2000,null,null,10,1920,1080
2026-09-14T18:22:42.580Z,camera_0,1,950.74,767.25,183.49,746496.00,100.0,2000,null,null,10,1920,1080
2026-09-14T18:22:45.796Z,camera_0,1,0.00,0.00,0.00,746496.00,100.0,2000,null,null,10,1920,1080
2026-09-14T18:22:45.798Z,camera_1,1,0.00,0.00,0.00,746496.00,100.0,2000,null,null,10,1920,1080
2026-09-14T18:22:45.805Z,camera_0,1,1167.90,1167.90,0.00,746496.00,100.0,2000,null,null,10,1920,1080
2026-09-14T18:22:48.804Z,camera_0,1,0.00,0.00,0.00,746496.00,100.0,2000,null,null,10,1920,1080
2026-09-14T18:22:48.804Z,camera_1,1,0.00,0.00,0.00,746496.00,100.0,2000,null,null,10,1920,1080
2026-09-14T18:22:48.805Z,camera_0,1,741.92,741.92,0.00,746496.00,100.0,2000,null,null,10,1920,1080
2026-09-14T18:22:51.805Z,camera_0,1,0.00,0.00,0.00,746496.00,100.0,2000,null,null,10,1920,1080
2026-09-14T18:22:51.805Z,camera_1,1,0.00,0.00,0.00,746496.00,100.0,2000,null,null,10,1920,1080
2026-09-14T18:22:51.805Z,camera_0,1,105.77,105.77,0.00,746496.00,100.0,2000,null,null,10,1920,1080
2026-09-14T18:22:54.807Z,camera_0,1,0.00,0.00,0.00,746496.00,100.0,2000,null,null,10,1920,1080
2026-09-14T18:22:54.807Z,camera_1,1,0.00,0.00,0.00,746496.00,100.0,2000,null,null,10,1920,1080
2026-09-14T18:22:54.807Z,camera_0,1,0.00,0.00,0.00,746496.00,100.0,2000,null,null,10,1920,1080
2026-09-14T18:22:57.810Z,camera_0,1,99.26,0.00,99.26,746496.00,100.0,2000,null,null,10,1920,1080
2026-09-14T18:22:57.811Z,camera_1,1,0.00,0.00,0.00,746496.00,100.0,2000,null,null,10,1920,1080
2026-09-14T18:22:57.814Z,camera_0,1,310.74,211.47,99.26,746496.00,100.0,2000,null,null,10,1920,1080
2026-09-14T18:23:00.814Z,camera_0,1,50.13,0.00,50.13,746496.00,100.0,2000,null,null,10,1920,1080
2026-09-14T18:23:00.814Z,camera_1,1,0.00,0.00,0.00,746496.00,100.0,2000,null,null,10,1920,1080
2026-09-14T18:23:00.814Z,camera_0,1,261.75,211.62,50.13,746496.00,100.0,2000,null,null,10,1920,1080
2026-09-14T18:23:03.811Z,camera_0,1,24.06,0.00,24.06,746496.00,100.0,2000,null,null,10,1920,1080
2026-09-14T18:23:03.812Z,camera_1,1,0.00,0.00,0.00,746496.00,100.0,2000,null,null,10,1920,1080
2026-09-14T18:23:03.812Z,camera_0,1,130.38,106.31,24.06,746496.00,100.0,2000,null,null,10,1920,1080
2026-09-14T18:23:06.815Z,camera_0,1,19.55,0.00,19.55,746496.00,100.0,2000,null,null,10,1920,1080
2026-09-14T18:23:06.815Z,camera_1,1,0.00,0.00,0.00,746496.00,100.0,2000,null,null,10,1920,1080
2026-09-14T18:23:06.818Z,camera_0,1,124.55,104.99,19.55,746496.00,100.0,2000,null,null,10,1920,1080
2026-09-14T18:23:09.821Z,camera_0,1,78.21,0.00,78.21,746496.00,100.0,2000,null,null,10,1920,1080
2026-09-14T18:23:09.822Z,camera_1,1,0.00,0.00,0.00,746496.00,100.0,2000,null,null,10,1920,1080
2026-09-14T18:23:09.822Z,camera_0,1,289.09,210.88,78.21,746496.00,100.0,2000,null,null,10,1920,1080
2026-09-14T18:23:12.827Z,camera_0,1,38.60,0.00,38.60,746496.00,100.0,2000,null,null,10,1920,1080
2026-09-14T18:23:12.827Z,camera_1,1,0.00,0.00,0.00,746496.00,100.0,2000,null,null,10,1920,1080
2026-09-14T18:23:12.827Z,camera_0,1,251.28,212.68,38.60,746496.00,100.0,2000,null,null,10,1920,1080
2026-09-14T18:23:16.032Z,camera_0,1,123.33,0.00,123.33,147571.20,99.9,2000,null,null,30,854,480
2026-09-14T18:23:16.032Z,camera_1,1,0.00,0.00,0.00,147571.20,100.0,2000,null,null,30,854,480
2026-09-14T18:23:16.032Z,camera_0,1,495.41,372.08,123.33,147571.20,99.9,2000,null,null,30,854,480
2026-09-14T18:23:19.588Z,camera_0,1,0.00,0.00,0.00,147571.20,100.0,2000,null,null,30,854,480
2026-09-14T18:23:19.589Z,camera_1,1,0.00,0.00,0.00,147571.20,100.0,2000,null,null,30,854,480
2026-09-14T18:23:19.593Z,camera_0,1,439.79,439.79,0.00,147571.20,100.0,2000,null,null,30,854,480
2026-09-14T18:23:22.588Z,camera_0,1,0.00,0.00,0.00,147571.20,100.0,2000,null,null,30,854,480
2026-09-14T18:23:22.588Z,camera_1,1,0.00,0.00,0.00,147571.20,100.0,2000,null,null,30,854,480
2026-09-14T18:23:22.588Z,camera_0,1,0.00,0.00,0.00,147571.20,100.0,2000,null,null,30,854,480
2026-09-14T18:23:25.588Z,camera_0,1,0.00,0.00,0.00,746496.00,100.0,2000,null,null,10,1920,1080
2026-09-14T18:23:25.589Z,camera_1,1,0.00,0.00,0.00,746496.00,100.0,2000,null,null,10,1920,1080
2026-09-14T18:23:25.589Z,camera_0,1,102.33,102.33,0.00,746496.00,100.0,2000,null,null,10,1920,1080
2026-09-14T18:23:28.726Z,camera_0,1,0.00,0.00,0.00,746496.00,100.0,2000,null,null,10,1920,1080
2026-09-14T18:23:28.729Z,camera_1,1,0.00,0.00,0.00,746496.00,100.0,2000,null,null,10,1920,1080
2026-09-14T18:23:28.730Z,camera_0,1,421.71,421.71,0.00,746496.00,100.0,2000,null,null,10,1920,1080
2026-09-14T18:23:31.726Z,camera_0,1,0.00,0.00,0.00,746496.00,100.0,2000,null,null,10,1920,1080
2026-09-14T18:23:31.726Z,camera_1,1,0.00,0.00,0.00,746496.00,100.0,2000,null,null,10,1920,1080
2026-09-14T18:23:31.727Z,camera_0,1,638.12,638.12,0.00,746496.00,100.0,2000,null,null,10,1920,1080
2026-09-14T18:23:34.815Z,camera_0,1,0.00,0.00,0.00,746496.00,100.0,2000,null,null,10,1920,1080
2026-09-14T18:23:34.815Z,camera_1,1,0.00,0.00,0.00,746496.00,100.0,2000,null,null,10,1920,1080
2026-09-14T18:23:34.821Z,camera_0,1,927.64,927.64,0.00,746496.00,100.0,2000,null,null,10,1920,1080
2026-09-14T18:23:38.150Z,camera_0,1,0.00,0.00,0.00,746496.00,100.0,2000,null,null,10,1920,1080
2026-09-14T18:23:38.153Z,camera_1,1,0.00,0.00,0.00,746496.00,100.0,2000,null,null,10,1920,1080
2026-09-14T18:23:38.157Z,camera_0,1,845.32,845.32,0.00,746496.00,100.0,2000,null,null,10,1920,1080
2026-09-14T18:23:41.152Z,camera_0,1,0.00,0.00,0.00,746496.00,100.0,2000,null,null,10,1920,1080
2026-09-14T18:23:41.152Z,camera_1,1,0.00,0.00,0.00,746496.00,100.0,2000,null,null,10,1920,1080
2026-09-14T18:23:41.152Z,camera_0,1,0.00,0.00,0.00,746496.00,100.0,2000,null,null,10,1920,1080
2026-09-14T18:23:44.302Z,camera_0,1,117.31,0.00,117.31,746496.00,100.0,2000,null,null,10,1920,1080
2026-09-14T18:23:44.302Z,camera_1,1,0.00,0.00,0.00,746496.00,100.0,2000,null,null,10,1920,1080
2026-09-14T18:23:44.302Z,camera_0,1,478.14,360.83,117.31,746496.00,100.0,2000,null,null,10,1920,1080
2026-09-14T18:23:47.302Z,camera_0,1,37.10,0.00,37.10,746496.00,100.0,2000,null,null,10,1920,1080
2026-09-14T18:23:47.303Z,camera_1,1,0.00,0.00,0.00,746496.00,100.0,2000,null,null,10,1920,1080
2026-09-14T18:23:47.303Z,camera_0,1,277.51,240.42,37.10,746496.00,100.0,2000,null,null,10,1920,1080
2026-09-14T18:23:50.305Z,camera_0,1,101.27,0.00,101.27,746496.00,100.0,2000,null,null,10,1920,1080
2026-09-14T18:23:50.305Z,camera_1,1,0.00,0.00,0.00,746496.00,100.0,2000,null,null,10,1920,1080
2026-09-14T18:23:50.305Z,camera_0,1,464.62,363.35,101.27,746496.00,100.0,2000,null,null,10,1920,1080
2026-09-14T18:23:53.309Z,camera_0,1,162.93,0.00,162.93,746496.00,100.0,2000,null,null,10,1920,1080
2026-09-14T18:23:53.309Z,camera_1,1,0.00,0.00,0.00,746496.00,100.0,2000,null,null,10,1920,1080
2026-09-14T18:23:53.310Z,camera_0,1,767.48,604.54,162.93,746496.00,100.0,2000,null,null,10,1920,1080
2026-09-14T18:23:56.398Z,camera_0,1,73.19,0.00,73.19,746496.00,100.0,2000,null,null,10,1920,1080
2026-09-14T18:23:56.398Z,camera_1,1,0.00,0.00,0.00,746496.00,100.0,2000,null,null,10,1920,1080
2026-09-14T18:23:56.398Z,camera_0,1,315.28,242.08,73.19,746496.00,100.0,2000,null,null,10,1920,1080
2026-09-14T18:23:59.310Z,camera_0,1,184.49,0.00,184.49,746496.00,100.0,2000,null,null,10,1920,1080
2026-09-14T18:23:59.310Z,camera_1,1,0.00,0.00,0.00,746496.00,100.0,2000,null,null,10,1920,1080
2026-09-14T18:23:59.311Z,camera_0,1,669.20,484.71,184.49,746496.00,100.0,2000,null,null,10,1920,1080
2026-09-14T18:24:02.767Z,camera_0,1,254.18,0.00,254.18,147571.20,99.8,2000,null,null,30,854,480
2026-09-14T18:24:02.767Z,camera_1,1,0.00,0.00,0.00,147571.20,100.0,2000,null,null,30,854,480
2026-09-14T18:24:02.773Z,camera_0,1,798.66,544.48,254.18,147571.20,99.8,2000,null,null,30,854,480
2026-09-14T18:24:06.022Z,camera_0,1,0.00,0.00,0.00,147571.20,100.0,2000,null,null,30,854,480
2026-09-14T18:24:06.026Z,camera_1,1,0.00,0.00,0.00,147571.20,100.0,2000,null,null,30,854,480
2026-09-14T18:24:06.026Z,camera_0,1,1003.73,1003.73,0.00,147571.20,100.0,2000,null,null,30,854,480
2026-09-14T18:24:09.024Z,camera_0,1,0.00,0.00,0.00,147571.20,100.0,2000,null,null,30,854,480
2026-09-14T18:24:09.024Z,camera_1,1,0.00,0.00,0.00,147571.20,100.0,2000,null,null,30,854,480
2026-09-14T18:24:09.024Z,camera_0,1,263.13,263.13,0.00,147571.20,100.0,2000,null,null,30,854,480
2026-09-14T18:24:12.028Z,camera_0,1,0.00,0.00,0.00,110592.00,100.0,2000,null,null,120,640,480
2026-09-14T18:24:12.028Z,camera_1,1,0.00,0.00,0.00,110592.00,100.0,2000,null,null,120,640,480
2026-09-14T18:24:12.028Z,camera_0,1,637.33,637.33,0.00,110592.00,100.0,2000,null,null,120,640,480
2026-09-14T18:24:15.035Z,camera_0,1,0.00,0.00,0.00,110592.00,100.0,2000,null,null,120,640,480
2026-09-14T18:24:15.035Z,camera_1,1,0.00,0.00,0.00,110592.00,100.0,2000,null,null,120,640,480
2026-09-14T18:24:15.040Z,camera_0,1,913.76,913.76,0.00,110592.00,100.0,2000,null,null,120,640,480
2026-09-14T18:24:18.036Z,camera_0,1,0.00,0.00,0.00,110592.00,100.0,2000,null,null,120,640,480
2026-09-14T18:24:18.037Z,camera_1,1,0.00,0.00,0.00,110592.00,100.0,2000,null,null,120,640,480
2026-09-14T18:24:18.037Z,camera_0,1,823.98,823.98,0.00,110592.00,100.0,2000,null,null,120,640,480
2026-09-14T18:24:21.067Z,camera_0,1,222.09,0.00,222.09,110592.00,99.8,2000,null,null,120,640,480
2026-09-14T18:24:21.069Z,camera_0,1,486.38,264.29,222.09,110592.00,99.8,2000,null,null,120,640,480
2026-09-14T18:24:21.067Z,camera_1,1,0.00,0.00,0.00,110592.00,100.0,2000,null,null,120,640,480
2026-09-14T18:24:24.043Z,camera_1,1,0.00,0.00,0.00,110592.00,100.0,2000,null,null,120,640,480
2026-09-14T18:24:24.043Z,camera_0,1,140.37,0.00,140.37,110592.00,99.9,2000,null,null,120,640,480
2026-09-14T18:24:24.043Z,camera_0,1,403.84,263.46,140.37,110592.00,99.9,2000,null,null,120,640,480
2026-09-14T18:24:27.048Z,camera_0,1,246.66,0.00,246.66,110592.00,99.8,2000,null,null,120,640,480
2026-09-14T18:24:27.048Z,camera_1,1,0.00,0.00,0.00,110592.00,100.0,2000,null,null,120,640,480
2026-09-14T18:24:27.049Z,camera_0,1,697.68,451.03,246.66,110592.00,99.8,2000,null,null,120,640,480
2026-09-14T18:24:30.181Z,camera_0,1,236.63,0.00,236.63,110592.00,99.8,2000,null,null,120,640,480
2026-09-14T18:24:30.182Z,camera_1,1,0.00,0.00,0.00,110592.00,100.0,2000,null,null,120,640,480
2026-09-14T18:24:30.184Z,camera_0,1,687.56,450.93,236.63,110592.00,99.8,2000,null,null,120,640,480
2026-09-14T18:24:33.186Z,camera_0,1,190.01,0.00,190.01,110592.00,99.8,2000,null,null,120,640,480
2026-09-14T18:24:33.186Z,camera_1,1,0.00,0.00,0.00,110592.00,100.0,2000,null,null,120,640,480
2026-09-14T18:24:33.187Z,camera_0,1,547.27,357.27,190.01,110592.00,99.8,2000,null,null,120,640,480
2026-09-14T18:25:44.596Z,camera_0,0,0.00,0.00,0.00,110592.00,100.0,2000,null,null,120,640,480
2026-09-14T18:25:44.598Z,camera_1,0,0.00,0.00,0.00,110592.00,100.0,2000,null,null,120,640,480
2026-09-14T18:25:44.599Z,camera_0,0,0.00,0.00,0.00,110592.00,100.0,2000,null,null,120,640,480
2026-09-14T18:25:47.596Z,camera_0,1,0.00,0.00,0.00,110592.00,100.0,2000,null,null,120,640,480
2026-09-14T18:25:47.596Z,camera_1,1,0.00,0.00,0.00,110592.00,100.0,2000,null,null,120,640,480
2026-09-14T18:25:47.597Z,camera_0,1,0.00,0.00,0.00,110592.00,100.0,2000,null,null,120,640,480
2026-09-14T18:25:50.648Z,camera_0,1,0.00,0.00,0.00,110592.00,100.0,2000,null,null,120,640,480
2026-09-14T18:25:50.649Z,camera_1,1,0.00,0.00,0.00,110592.00,100.0,2000,null,null,120,640,480
2026-09-14T18:25:50.650Z,camera_0,1,0.00,0.00,0.00,110592.00,100.0,2000,null,null,120,640,480
2026-09-14T18:25:53.648Z,camera_0,1,0.00,0.00,0.00,110592.00,100.0,2000,null,null,30,640,480
2026-09-14T18:25:53.649Z,camera_1,1,0.00,0.00,0.00,110592.00,100.0,2000,null,null,30,640,480
2026-09-14T18:25:53.652Z,camera_0,1,171.64,171.64,0.00,110592.00,100.0,2000,null,null,30,640,480
2026-09-14T18:25:56.651Z,camera_0,1,0.00,0.00,0.00,110592.00,100.0,2000,null,null,30,640,480
2026-09-14T18:25:56.651Z,camera_1,1,0.00,0.00,0.00,110592.00,100.0,2000,null,null,30,640,480
2026-09-14T18:25:56.651Z,camera_0,1,0.00,0.00,0.00,110592.00,100.0,2000,null,null,30,640,480
2026-09-14T18:25:59.652Z,camera_0,1,143.38,0.00,143.38,746496.00,100.0,2000,null,null,10,1920,1080
2026-09-14T18:25:59.652Z,camera_1,1,0.00,0.00,0.00,746496.00,100.0,2000,null,null,10,1920,1080
2026-09-14T18:25:59.653Z,camera_0,1,479.96,336.58,143.38,746496.00,100.0,2000,null,null,10,1920,1080
2026-09-14T18:26:02.655Z,camera_0,1,0.00,0.00,0.00,746496.00,100.0,2000,null,null,10,1920,1080
2026-09-14T18:26:02.655Z,camera_1,1,0.00,0.00,0.00,746496.00,100.0,2000,null,null,10,1920,1080
2026-09-14T18:26:02.655Z,camera_0,1,0.00,0.00,0.00,746496.00,100.0,2000,null,null,10,1920,1080
2026-09-14T18:26:05.820Z,camera_0,1,0.00,0.00,0.00,147571.20,100.0,2000,null,null,30,854,480
2026-09-14T18:26:05.822Z,camera_1,1,0.00,0.00,0.00,147571.20,100.0,2000,null,null,30,854,480
2026-09-14T18:26:05.823Z,camera_0,1,452.02,452.02,0.00,147571.20,100.0,2000,null,null,30,854,480
2026-09-14T18:26:08.821Z,camera_0,1,0.00,0.00,0.00,147571.20,100.0,2000,null,null,30,854,480
2026-09-14T18:26:08.821Z,camera_1,1,0.00,0.00,0.00,147571.20,100.0,2000,null,null,30,854,480
2026-09-14T18:26:08.821Z,camera_0,1,1133.46,1133.46,0.00,147571.20,100.0,2000,null,null,30,854,480
2026-09-14T18:26:12.159Z,camera_0,1,0.00,0.00,0.00,147571.20,100.0,2000,null,null,30,854,480
2026-09-14T18:26:12.162Z,camera_1,1,0.00,0.00,0.00,147571.20,100.0,2000,null,null,30,854,480
2026-09-14T18:26:12.163Z,camera_0,1,904.25,904.25,0.00,147571.20,100.0,2000,null,null,30,854,480
2026-09-14T18:26:15.279Z,camera_0,1,0.00,0.00,0.00,147571.20,100.0,2000,null,null,30,854,480
2026-09-14T18:26:15.279Z,camera_1,1,0.00,0.00,0.00,147571.20,100.0,2000,null,null,30,854,480
2026-09-14T18:26:15.280Z,camera_0,1,333.46,333.46,0.00,147571.20,100.0,2000,null,null,30,854,480
2026-09-14T18:26:18.283Z,camera_1,1,0.00,0.00,0.00,147571.20,100.0,2000,null,null,30,854,480
2026-09-14T18:26:18.283Z,camera_0,1,702.68,457.03,245.65,147571.20,99.8,2000,null,null,30,854,480
2026-09-14T18:26:18.283Z,camera_0,1,245.65,0.00,245.65,147571.20,99.8,2000,null,null,30,854,480
2026-09-14T18:26:21.407Z,camera_0,1,269.72,0.00,269.72,147571.20,99.8,2000,null,null,30,854,480
2026-09-14T18:26:21.407Z,camera_1,1,0.00,0.00,0.00,147571.20,100.0,2000,null,null,30,854,480
2026-09-14T18:26:21.407Z,camera_0,1,832.05,562.33,269.72,147571.20,99.8,2000,null,null,30,854,480
2026-09-14T18:26:24.463Z,camera_0,1,185.99,0.00,185.99,147571.20,99.9,2000,null,null,30,854,480
2026-09-14T18:26:24.463Z,camera_1,1,0.00,0.00,0.00,147571.20,100.0,2000,null,null,30,854,480
2026-09-14T18:26:24.464Z,camera_0,1,620.37,434.38,185.99,147571.20,99.9,2000,null,null,30,854,480
2026-09-14T18:26:27.462Z,camera_0,1,217.08,0.00,217.08,147571.20,99.9,2000,null,null,30,854,480
2026-09-14T18:26:27.463Z,camera_1,1,0.00,0.00,0.00,147571.20,100.0,2000,null,null,30,854,480
2026-09-14T18:26:27.463Z,camera_0,1,708.95,491.88,217.08,147571.20,99.9,2000,null,null,30,854,480
2026-09-14T18:26:30.463Z,camera_0,1,337.90,0.00,337.90,147571.20,99.8,2000,null,null,30,854,480
2026-09-14T18:26:30.463Z,camera_0,1,525.03,187.13,337.90,147571.20,99.8,2000,null,null,30,854,480
2026-09-14T18:26:30.463Z,camera_1,1,0.00,0.00,0.00,147571.20,100.0,2000,null,null,30,854,480
2026-09-14T18:26:33.467Z,camera_0,1,127.84,0.00,127.84,110592.00,99.9,2000,null,null,120,640,480
2026-09-14T18:26:33.467Z,camera_1,1,0.00,0.00,0.00,110592.00,100.0,2000,null,null,120,640,480
2026-09-14T18:26:33.467Z,camera_0,1,623.72,495.88,127.84,110592.00,99.9,2000,null,null,120,640,480
2026-09-14T18:26:36.684Z,camera_0,1,0.00,0.00,0.00,746496.00,100.0,2000,null,null,10,1920,1080
2026-09-14T18:26:36.684Z,camera_1,1,0.00,0.00,0.00,746496.00,100.0,2000,null,null,10,1920,1080
2026-09-14T18:26:36.690Z,camera_0,1,254.13,254.13,0.00,746496.00,100.0,2000,null,null,10,1920,1080
2026-09-14T18:26:39.683Z,camera_1,1,0.00,0.00,0.00,746496.00,100.0,2000,null,null,10,1920,1080
2026-09-14T18:26:39.685Z,camera_0,1,548.94,548.94,0.00,746496.00,100.0,2000,null,null,10,1920,1080
2026-09-14T18:26:39.683Z,camera_0,1,0.00,0.00,0.00,746496.00,100.0,2000,null,null,10,1920,1080
2026-09-14T18:26:42.895Z,camera_0,1,0.00,0.00,0.00,746496.00,100.0,2000,null,null,10,1920,1080
2026-09-14T18:26:42.895Z,camera_1,1,0.00,0.00,0.00,746496.00,100.0,2000,null,null,10,1920,1080
2026-09-14T18:26:42.896Z,camera_0,1,727.69,727.69,0.00,746496.00,100.0,2000,null,null,10,1920,1080
2026-09-14T18:26:45.937Z,camera_0,1,0.00,0.00,0.00,746496.00,100.0,2000,null,null,10,1920,1080
2026-09-14T18:26:45.938Z,camera_1,1,0.00,0.00,0.00,746496.00,100.0,2000,null,null,10,1920,1080
2026-09-14T18:26:45.939Z,camera_0,1,727.83,727.83,0.00,746496.00,100.0,2000,null,null,10,1920,1080
2026-09-14T18:26:49.089Z,camera_0,1,0.00,0.00,0.00,746496.00,100.0,2000,null,null,10,1920,1080
2026-09-14T18:26:49.090Z,camera_1,1,0.00,0.00,0.00,746496.00,100.0,2000,null,null,10,1920,1080
2026-09-14T18:26:49.091Z,camera_0,1,870.58,870.58,0.00,746496.00,100.0,2000,null,null,10,1920,1080
2026-09-14T18:26:52.096Z,camera_0,1,0.00,0.00,0.00,746496.00,100.0,2000,null,null,10,1920,1080
2026-09-14T18:26:52.096Z,camera_1,1,0.00,0.00,0.00,746496.00,100.0,2000,null,null,10,1920,1080
2026-09-14T18:26:52.097Z,camera_0,1,293.42,293.42,0.00,746496.00,100.0,2000,null,null,10,1920,1080
2026-09-14T18:26:55.099Z,camera_0,1,0.00,0.00,0.00,746496.00,100.0,2000,null,null,10,1920,1080
2026-09-14T18:26:55.099Z,camera_1,1,0.00,0.00,0.00,746496.00,100.0,2000,null,null,10,1920,1080
2026-09-14T18:26:55.099Z,camera_0,1,293.69,293.69,0.00,746496.00,100.0,2000,null,null,10,1920,1080
2026-09-14T18:26:58.258Z,camera_1,1,0.00,0.00,0.00,746496.00,100.0,2000,null,null,10,1920,1080
2026-09-14T18:26:58.258Z,camera_0,1,148.90,0.00,148.90,746496.00,100.0,2000,null,null,10,1920,1080
2026-09-14T18:26:58.258Z,camera_0,1,735.69,586.79,148.90,746496.00,100.0,2000,null,null,10,1920,1080
2026-09-14T18:27:01.259Z,camera_0,1,48.63,0.00,48.63,746496.00,100.0,2000,null,null,10,1920,1080
2026-09-14T18:27:01.260Z,camera_1,1,0.00,0.00,0.00,746496.00,100.0,2000,null,null,10,1920,1080
2026-09-14T18:27:01.260Z,camera_0,1,342.47,293.85,48.63,746496.00,100.0,2000,null,null,10,1920,1080
2026-09-14T18:27:04.260Z,camera_0,1,137.37,0.00,137.37,746496.00,100.0,2000,null,null,10,1920,1080
2026-09-14T18:27:04.260Z,camera_1,1,0.00,0.00,0.00,746496.00,100.0,2000,null,null,10,1920,1080
2026-09-14T18:27:04.260Z,camera_0,1,430.47,293.10,137.37,746496.00,100.0,2000,null,null,10,1920,1080
2026-09-14T18:27:07.260Z,camera_0,1,236.63,0.00,236.63,746496.00,100.0,2000,null,null,10,1920,1080
2026-09-14T18:27:07.260Z,camera_1,1,0.00,0.00,0.00,746496.00,100.0,2000,null,null,10,1920,1080
2026-09-14T18:27:07.260Z,camera_0,1,737.69,501.06,236.63,746496.00,100.0,2000,null,null,10,1920,1080
2026-09-14T18:27:10.304Z,camera_0,1,0.00,0.00,0.00,147571.20,100.0,2000,null,null,30,854,480
2026-09-14T18:27:10.304Z,camera_1,1,0.00,0.00,0.00,147571.20,100.0,2000,null,null,30,854,480
2026-09-14T18:27:10.304Z,camera_0,1,854.95,854.95,0.00,147571.20,100.0,2000,null,null,30,854,480
2026-09-14T18:27:13.836Z,camera_0,1,0.00,0.00,0.00,110592.00,100.0,2000,null,null,120,640,480
2026-09-14T18:27:13.836Z,camera_1,1,0.00,0.00,0.00,110592.00,100.0,2000,null,null,120,640,480
2026-09-14T18:27:13.837Z,camera_0,1,667.79,667.79,0.00,110592.00,100.0,2000,null,null,120,640,480
2026-09-14T18:27:16.837Z,camera_0,1,331.88,0.00,331.88,110592.00,99.7,2000,null,null,120,640,480
2026-09-14T18:27:16.837Z,camera_1,1,0.00,0.00,0.00,110592.00,100.0,2000,null,null,120,640,480
2026-09-14T18:27:16.837Z,camera_0,1,331.88,0.00,331.88,110592.00,99.7,2000,null,null,120,640,480
2026-09-14T18:27:20.048Z,camera_0,1,52.14,0.00,52.14,147571.20,100.0,2000,null,null,30,854,480
2026-09-14T18:27:20.048Z,camera_1,1,0.00,0.00,0.00,147571.20,100.0,2000,null,null,30,854,480
2026-09-14T18:27:20.048Z,camera_0,1,1048.18,996.04,52.14,147571.20,100.0,2000,null,null,30,854,480
2026-09-14T18:27:23.045Z,camera_0,1,0.00,0.00,0.00,147571.20,100.0,2000,null,null,30,854,480
2026-09-14T18:27:23.045Z,camera_1,1,0.00,0.00,0.00,147571.20,100.0,2000,null,null,30,854,480
2026-09-14T18:27:23.045Z,camera_0,1,995.63,995.63,0.00,147571.20,100.0,2000,null,null,30,854,480
2026-09-14T18:27:26.046Z,camera_0,1,0.00,0.00,0.00,147571.20,100.0,2000,null,null,30,854,480
2026-09-14T18:27:26.046Z,camera_1,1,0.00,0.00,0.00,147571.20,100.0,2000,null,null,30,854,480
2026-09-14T18:27:26.046Z,camera_0,1,592.54,592.54,0.00,147571.20,100.0,2000,null,null,30,854,480
2026-09-14T18:27:29.047Z,camera_0,1,286.26,0.00,286.26,147571.20,99.8,2000,null,null,30,854,480
2026-09-14T18:27:29.047Z,camera_1,1,0.00,0.00,0.00,147571.20,100.0,2000,null,null,30,854,480
2026-09-14T18:27:29.047Z,camera_0,1,675.50,389.24,286.26,147571.20,99.8,2000,null,null,30,854,480
2026-09-14T18:27:32.048Z,camera_0,1,151.40,0.00,151.40,147571.20,99.9,2000,null,null,30,854,480
2026-09-14T18:27:32.048Z,camera_1,1,0.00,0.00,0.00,147571.20,100.0,2000,null,null,30,854,480
2026-09-14T18:27:32.050Z,camera_0,1,438.82,287.41,151.40,147571.20,99.9,2000,null,null,30,854,480
2026-09-14T18:31:56.809Z,camera_0,0,0.00,0.00,0.00,110592.00,100.0,2000,null,null,120,640,480
2026-09-14T18:31:56.811Z,camera_1,0,0.00,0.00,0.00,110592.00,100.0,2000,null,null,120,640,480
2026-09-14T18:31:56.811Z,camera_0,0,0.00,0.00,0.00,110592.00,100.0,2000,null,null,120,640,480
2026-09-14T18:31:59.810Z,camera_0,1,0.00,0.00,0.00,110592.00,100.0,2000,null,null,120,640,480
2026-09-14T18:31:59.810Z,camera_1,1,0.00,0.00,0.00,110592.00,100.0,2000,null,null,120,640,480
2026-09-14T18:31:59.811Z,camera_0,1,0.00,0.00,0.00,110592.00,100.0,2000,null,null,120,640,480
2026-09-14T18:32:02.910Z,camera_0,1,0.00,0.00,0.00,110592.00,100.0,2000,null,null,30,640,480
2026-09-14T18:32:02.911Z,camera_1,1,0.00,0.00,0.00,110592.00,100.0,2000,null,null,30,640,480
2026-09-14T18:32:02.911Z,camera_0,1,175.13,175.13,0.00,110592.00,100.0,2000,null,null,30,640,480
2026-09-14T18:32:05.913Z,camera_0,1,0.00,0.00,0.00,110592.00,100.0,2000,null,null,30,640,480
2026-09-14T18:32:05.914Z,camera_0,1,0.00,0.00,0.00,110592.00,100.0,2000,null,null,30,640,480
2026-09-14T18:32:05.914Z,camera_1,1,0.00,0.00,0.00,110592.00,100.0,2000,null,null,30,640,480
2026-09-14T18:32:08.916Z,camera_0,1,152.91,0.00,152.91,147571.20,99.9,2000,null,null,30,854,480
2026-09-14T18:32:08.916Z,camera_1,1,0.00,0.00,0.00,147571.20,100.0,2000,null,null,30,854,480
2026-09-14T18:32:08.917Z,camera_0,1,467.62,314.72,152.91,147571.20,99.9,2000,null,null,30,854,480
2026-09-14T18:32:12.091Z,camera_0,1,0.00,0.00,0.00,147571.20,100.0,2000,null,null,30,854,480
2026-09-14T18:32:12.092Z,camera_1,1,0.00,0.00,0.00,147571.20,100.0,2000,null,null,30,854,480
2026-09-14T18:32:12.092Z,camera_0,1,755.89,755.89,0.00,147571.20,100.0,2000,null,null,30,854,480
2026-09-14T18:32:15.207Z,camera_0,1,0.00,0.00,0.00,147571.20,100.0,2000,null,null,30,854,480
2026-09-14T18:32:15.208Z,camera_1,1,0.00,0.00,0.00,147571.20,100.0,2000,null,null,30,854,480
2026-09-14T18:32:15.209Z,camera_0,1,1087.02,1087.02,0.00,147571.20,100.0,2000,null,null,30,854,480
2026-09-14T18:32:18.207Z,camera_0,1,110.29,0.00,110.29,147571.20,99.9,2000,null,null,30,854,480
2026-09-14T18:32:18.207Z,camera_1,1,0.00,0.00,0.00,147571.20,100.0,2000,null,null,30,854,480
2026-09-14T18:32:18.209Z,camera_0,1,865.75,755.46,110.29,147571.20,99.9,2000,null,null,30,854,480
2026-09-14T18:32:21.329Z,camera_0,1,272.22,0.00,272.22,147571.20,99.8,2000,null,null,30,854,480
2026-09-14T18:32:21.329Z,camera_1,1,0.00,0.00,0.00,147571.20,100.0,2000,null,null,30,854,480
2026-09-14T18:32:21.329Z,camera_0,1,814.03,541.81,272.22,147571.20,99.8,2000,null,null,30,854,480
2026-09-14T18:32:24.330Z,camera_0,1,325.37,0.00,325.37,147571.20,99.8,2000,null,null,30,854,480
2026-09-14T18:32:24.330Z,camera_1,1,0.00,0.00,0.00,147571.20,100.0,2000,null,null,30,854,480
2026-09-14T18:32:24.330Z,camera_0,1,868.47,543.11,325.37,147571.20,99.8,2000,null,null,30,854,480
2026-09-14T18:32:27.332Z,camera_0,1,449.19,0.00,449.19,147571.20,99.7,2000,null,null,30,854,480
2026-09-14T18:32:27.332Z,camera_1,1,0.00,0.00,0.00,147571.20,100.0,2000,null,null,30,854,480
2026-09-14T18:32:27.332Z,camera_0,1,1554.21,1105.01,449.19,147571.20,99.7,2000,null,null,30,854,480
2026-09-14T18:32:30.409Z,camera_0,1,303.31,0.00,303.31,147571.20,99.8,2000,null,null,30,854,480
2026-09-14T18:32:30.409Z,camera_1,1,0.00,0.00,0.00,147571.20,100.0,2000,null,null,30,854,480
2026-09-14T18:32:30.409Z,camera_0,1,956.71,653.40,303.31,147571.20,99.8,2000,null,null,30,854,480
2026-09-14T18:32:33.454Z,camera_0,1,321.86,0.00,321.86,147571.20,99.8,2000,null,null,30,854,480
2026-09-14T18:32:33.454Z,camera_1,1,0.00,0.00,0.00,147571.20,100.0,2000,null,null,30,854,480
2026-09-14T18:32:33.454Z,camera_0,1,1087.84,765.99,321.86,147571.20,99.8,2000,null,null,30,854,480
2026-09-14T18:32:36.480Z,camera_0,1,311.83,0.00,311.83,147571.20,99.8,2000,null,null,30,854,480
2026-09-14T18:32:36.480Z,camera_1,1,0.00,0.00,0.00,147571.20,100.0,2000,null,null,30,854,480
2026-09-14T18:32:36.480Z,camera_0,1,1070.61,758.78,311.83,147571.20,99.8,2000,null,null,30,854,480
2026-09-14T18:32:39.483Z,camera_0,1,250.67,0.00,250.67,147571.20,99.8,2000,null,null,30,854,480
2026-09-14T18:32:39.483Z,camera_1,1,0.00,0.00,0.00,147571.20,100.0,2000,null,null,30,854,480
2026-09-14T18:32:39.484Z,camera_0,1,907.29,656.62,250.67,147571.20,99.8,2000,null,null,30,854,480
2026-09-14T18:32:42.529Z,camera_0,1,362.46,0.00,362.46,147571.20,99.8,2000,null,null,30,854,480
2026-09-14T18:32:42.530Z,camera_1,1,0.00,0.00,0.00,147571.20,100.0,2000,null,null,30,854,480
2026-09-14T18:32:42.530Z,camera_0,1,1130.56,768.10,362.46,147571.20,99.8,2000,null,null,30,854,480
2026-09-14T18:32:45.531Z,camera_0,1,322.86,0.00,322.86,147571.20,99.8,2000,null,null,30,854,480
2026-09-14T18:32:45.531Z,camera_1,1,0.00,0.00,0.00,147571.20,100.0,2000,null,null,30,854,480
2026-09-14T18:32:45.532Z,camera_0,1,1085.55,762.70,322.86,147571.20,99.8,2000,null,null,30,854,480
2026-09-14T18:32:48.538Z,camera_0,1,467.24,0.00,467.24,147571.20,99.7,2000,null,null,30,854,480
2026-09-14T18:32:48.538Z,camera_1,1,0.00,0.00,0.00,147571.20,100.0,2000,null,null,30,854,480
2026-09-14T18:32:48.540Z,camera_0,1,1450.36,983.11,467.24,147571.20,99.7,2000,null,null,30,854,480
2026-09-14T18:32:51.534Z,camera_0,1,373.99,0.00,373.99,147571.20,99.7,2000,null,null,30,854,480
2026-09-14T18:32:51.535Z,camera_1,1,0.00,0.00,0.00,147571.20,100.0,2000,null,null,30,854,480
2026-09-14T18:32:51.535Z,camera_0,1,1232.54,858.54,373.99,147571.20,99.7,2000,null,null,30,854,480
2026-09-14T18:32:54.534Z,camera_0,1,371.49,0.00,371.49,147571.20,99.7,2000,null,null,30,854,480
2026-09-14T18:32:54.534Z,camera_1,1,0.00,0.00,0.00,147571.20,100.0,2000,null,null,30,854,480
2026-09-14T18:32:54.534Z,camera_0,1,1127.12,755.63,371.49,147571.20,99.7,2000,null,null,30,854,480
2026-09-14T18:32:57.539Z,camera_0,1,350.93,0.00,350.93,147571.20,99.8,2000,null,null,30,854,480
2026-09-14T18:32:57.540Z,camera_1,1,0.00,0.00,0.00,147571.20,100.0,2000,null,null,30,854,480
2026-09-14T18:32:57.540Z,camera_0,1,1106.82,755.89,350.93,147571.20,99.8,2000,null,null,30,854,480
2026-09-14T18:33:00.540Z,camera_0,1,324.86,0.00,324.86,147571.20,99.8,2000,null,null,30,854,480
2026-09-14T18:33:00.540Z,camera_1,1,0.00,0.00,0.00,147571.20,100.0,2000,null,null,30,854,480
2026-09-14T18:33:00.540Z,camera_0,1,1202.52,877.65,324.86,147571.20,99.8,2000,null,null,30,854,480
2026-09-14T18:33:03.689Z,camera_0,1,336.90,0.00,336.90,147571.20,99.8,2000,null,null,30,854,480
2026-09-14T18:33:03.689Z,camera_1,1,0.00,0.00,0.00,147571.20,100.0,2000,null,null,30,854,480
2026-09-14T18:33:03.689Z,camera_0,1,1213.39,876.50,336.90,147571.20,99.8,2000,null,null,30,854,480
2026-09-14T18:33:06.691Z,camera_0,1,306.82,0.00,306.82,147571.20,99.8,2000,null,null,30,854,480
2026-09-14T18:33:06.691Z,camera_0,1,962.34,655.52,306.82,147571.20,99.8,2000,null,null,30,854,480
2026-09-14T18:33:06.691Z,camera_1,1,0.00,0.00,0.00,147571.20,100.0,2000,null,null,30,854,480
2026-09-14T18:33:09.691Z,camera_0,1,359.96,0.00,359.96,147571.20,99.8,2000,null,null,30,854,480
2026-09-14T18:33:09.691Z,camera_1,1,0.00,0.00,0.00,147571.20,100.0,2000,null,null,30,854,480
2026-09-14T18:33:09.691Z,camera_0,1,1234.63,874.68,359.96,147571.20,99.8,2000,null,null,30,854,480
2026-09-14T18:33:12.690Z,camera_0,1,408.09,0.00,408.09,147571.20,99.7,2000,null,null,30,854,480
2026-09-14T18:33:12.691Z,camera_1,1,0.00,0.00,0.00,147571.20,100.0,2000,null,null,30,854,480
2026-09-14T18:33:12.691Z,camera_0,1,1397.17,989.09,408.09,147571.20,99.7,2000,null,null,30,854,480
2026-09-14T18:33:15.691Z,camera_1,1,0.00,0.00,0.00,147571.20,100.0,2000,null,null,30,854,480
2026-09-14T18:33:15.691Z,camera_0,1,415.61,0.00,415.61,147571.20,99.7,2000,null,null,30,854,480
2026-09-14T18:33:15.693Z,camera_0,1,1401.77,986.16,415.61,147571.20,99.7,2000,null,null,30,854,480
2026-09-14T18:33:18.691Z,camera_0,1,469.75,0.00,469.75,147571.20,99.7,2000,null,null,30,854,480
2026-09-14T18:33:18.691Z,camera_1,1,0.00,0.00,0.00,147571.20,100.0,2000,null,null,30,854,480
2026-09-14T18:33:18.692Z,camera_0,1,1456.31,986.57,469.75,147571.20,99.7,2000,null,null,30,854,480
2026-09-14T18:33:21.803Z,camera_1,1,0.00,0.00,0.00,147571.20,100.0,2000,null,null,30,854,480
2026-09-14T18:33:21.803Z,camera_0,1,308.82,0.00,308.82,147571.20,99.8,2000,null,null,30,854,480
2026-09-14T18:33:21.803Z,camera_0,1,1073.75,764.93,308.82,147571.20,99.8,2000,null,null,30,854,480
2026-09-14T18:33:24.803Z,camera_0,1,227.61,0.00,227.61,147571.20,99.8,2000,null,null,30,854,480
2026-09-14T18:33:24.803Z,camera_1,1,0.00,0.00,0.00,147571.20,100.0,2000,null,null,30,854,480
2026-09-14T18:33:24.806Z,camera_0,1,768.93,541.33,227.61,147571.20,99.8,2000,null,null,30,854,480
2026-09-14T18:33:27.803Z,camera_0,1,372.99,0.00,372.99,147571.20,99.7,2000,null,null,30,854,480
2026-09-14T18:33:27.804Z,camera_1,1,0.00,0.00,0.00,147571.20,100.0,2000,null,null,30,854,480
2026-09-14T18:33:27.807Z,camera_0,1,1141.74,768.75,372.99,147571.20,99.7,2000,null,null,30,854,480
2026-09-14T18:33:30.846Z,camera_0,1,436.66,0.00,436.66,147571.20,99.7,2000,null,null,30,854,480
2026-09-14T18:33:30.846Z,camera_1,1,0.00,0.00,0.00,147571.20,100.0,2000,null,null,30,854,480
2026-09-14T18:33:30.846Z,camera_0,1,1421.48,984.82,436.66,147571.20,99.7,2000,null,null,30,854,480
2026-09-14T18:33:33.846Z,camera_0,1,450.70,0.00,450.70,147571.20,99.7,2000,null,null,30,854,480
2026-09-14T18:33:33.847Z,camera_1,1,0.00,0.00,0.00,147571.20,100.0,2000,null,null,30,854,480
2026-09-14T18:33:33.847Z,camera_0,1,1542.28,1091.58,450.70,147571.20,99.7,2000,null,null,30,854,480
2026-09-14T18:33:36.847Z,camera_0,1,544.95,0.00,544.95,147571.20,99.6,2000,null,null,30,854,480
2026-09-14T18:33:36.847Z,camera_1,1,0.00,0.00,0.00,147571.20,100.0,2000,null,null,30,854,480
2026-09-14T18:33:36.847Z,camera_0,1,1763.22,1218.27,544.95,147571.20,99.6,2000,null,null,30,854,480
2026-09-14T18:33:39.846Z,camera_0,1,529.41,0.00,529.41,147571.20,99.6,2000,null,null,30,854,480
2026-09-14T18:33:39.847Z,camera_1,1,0.00,0.00,0.00,147571.20,100.0,2000,null,null,30,854,480
2026-09-14T18:33:39.847Z,camera_0,1,1736.10,1206.69,529.41,147571.20,99.6,2000,null,null,30,854,480
2026-09-14T18:33:42.847Z,camera_0,1,542.44,0.00,542.44,147571.20,99.6,2000,null,null,30,854,480
2026-09-14T18:33:42.847Z,camera_1,1,0.00,0.00,0.00,147571.20,100.0,2000,null,null,30,854,480
2026-09-14T18:33:42.848Z,camera_0,1,1640.67,1098.23,542.44,147571.20,99.6,2000,null,null,30,854,480
2026-09-14T18:33:45.849Z,camera_0,1,508.85,0.00,508.85,147571.20,99.7,2000,null,null,30,854,480
2026-09-14T18:33:45.849Z,camera_1,1,0.00,0.00,0.00,147571.20,100.0,2000,null,null,30,854,480
2026-09-14T18:33:45.849Z,camera_0,1,1835.60,1326.74,508.85,147571.20,99.7,2000,null,null,30,854,480
2026-09-14T18:33:48.935Z,camera_0,1,463.23,0.00,463.23,147571.20,99.7,2000,null,null,30,854,480
2026-09-14T18:33:48.935Z,camera_1,1,0.00,0.00,0.00,147571.20,100.0,2000,null,null,30,854,480
2026-09-14T18:33:48.936Z,camera_0,1,1526.37,1063.14,463.23,147571.20,99.7,2000,null,null,30,854,480
2026-09-14T18:33:51.935Z,camera_0,1,686.83,0.00,686.83,147571.20,99.5,2000,null,null,30,854,480
2026-09-14T18:33:51.936Z,camera_1,1,0.00,0.00,0.00,147571.20,100.0,2000,null,null,30,854,480
2026-09-14T18:33:51.936Z,camera_0,1,1101.46,414.63,686.83,147571.20,99.5,2000,null,null,30,854,480
2026-09-14T18:33:54.936Z,camera_1,1,0.00,0.00,0.00,110592.00,100.0,2000,null,null,120,640,480
2026-09-14T18:33:54.936Z,camera_0,1,1183.19,610.17,573.02,110592.00,99.5,2000,null,null,120,640,480
2026-09-14T18:33:54.936Z,camera_0,1,573.02,0.00,573.02,110592.00,99.5,2000,null,null,120,640,480
2026-09-14T18:33:58.442Z,camera_0,1,0.00,0.00,0.00,746496.00,100.0,2000,null,null,10,1920,1080
2026-09-14T18:33:58.444Z,camera_1,1,0.00,0.00,0.00,746496.00,100.0,2000,null,null,10,1920,1080
2026-09-14T18:33:58.444Z,camera_0,1,702.72,702.72,0.00,746496.00,100.0,2000,null,null,10,1920,1080
2026-09-14T18:34:01.445Z,camera_0,1,0.00,0.00,0.00,746496.00,100.0,2000,null,null,10,1920,1080
2026-09-14T18:34:01.445Z,camera_1,1,0.00,0.00,0.00,746496.00,100.0,2000,null,null,10,1920,1080
2026-09-14T18:34:01.446Z,camera_0,1,451.34,451.34,0.00,746496.00,100.0,2000,null,null,10,1920,1080
2026-09-14T18:34:04.590Z,camera_0,1,0.00,0.00,0.00,147571.20,100.0,2000,null,null,30,854,480
2026-09-14T18:34:04.591Z,camera_1,1,0.00,0.00,0.00,147571.20,100.0,2000,null,null,30,854,480
2026-09-14T18:34:04.593Z,camera_0,1,1301.06,1301.06,0.00,147571.20,100.0,2000,null,null,30,854,480
2026-09-14T18:34:07.871Z,camera_0,1,0.00,0.00,0.00,147571.20,100.0,2000,null,null,30,854,480
2026-09-14T18:34:07.872Z,camera_1,1,0.00,0.00,0.00,147571.20,100.0,2000,null,null,30,854,480
2026-09-14T18:34:07.872Z,camera_0,1,1173.13,1173.13,0.00,147571.20,100.0,2000,null,null,30,854,480
2026-09-14T18:34:10.869Z,camera_0,1,133.86,0.00,133.86,147571.20,99.9,2000,null,null,30,854,480
2026-09-14T18:34:10.869Z,camera_1,1,0.00,0.00,0.00,147571.20,100.0,2000,null,null,30,854,480
2026-09-14T18:34:10.869Z,camera_0,1,836.26,702.41,133.86,147571.20,99.9,2000,null,null,30,854,480
2026-09-14T18:34:13.869Z,camera_0,1,229.11,0.00,229.11,147571.20,99.8,2000,null,null,30,854,480
2026-09-14T18:34:13.869Z,camera_1,1,0.00,0.00,0.00,147571.20,100.0,2000,null,null,30,854,480
2026-09-14T18:34:13.869Z,camera_0,1,700.30,471.19,229.11,147571.20,99.8,2000,null,null,30,854,480
2026-09-14T18:34:17.054Z,camera_0,1,358.45,0.00,358.45,147571.20,99.8,2000,null,null,30,854,480
2026-09-14T18:34:17.055Z,camera_1,1,0.00,0.00,0.00,147571.20,100.0,2000,null,null,30,854,480
2026-09-14T18:34:17.055Z,camera_0,1,1066.91,708.46,358.45,147571.20,99.8,2000,null,null,30,854,480
2026-09-14T18:34:20.255Z,camera_0,1,230.61,0.00,230.61,147571.20,99.8,2000,null,null,30,854,480
2026-09-14T18:34:20.255Z,camera_1,1,0.00,0.00,0.00,147571.20,100.0,2000,null,null,30,854,480
2026-09-14T18:34:20.256Z,camera_0,1,827.96,597.34,230.61,147571.20,99.8,2000,null,null,30,854,480
2026-09-14T18:34:23.256Z,camera_0,1,222.09,0.00,222.09,147571.20,99.8,2000,null,null,30,854,480
2026-09-14T18:34:23.256Z,camera_1,1,0.00,0.00,0.00,147571.20,100.0,2000,null,null,30,854,480
2026-09-14T18:34:23.257Z,camera_0,1,820.64,598.55,222.09,147571.20,99.8,2000,null,null,30,854,480
2026-09-14T18:35:43.969Z,camera_0,0,0.00,0.00,0.00,110592.00,100.0,2000,null,null,120,640,480
2026-09-14T18:35:43.971Z,camera_1,0,0.00,0.00,0.00,110592.00,100.0,2000,null,null,120,640,480
2026-09-14T18:35:43.971Z,camera_0,0,0.00,0.00,0.00,110592.00,100.0,2000,null,null,120,640,480
2026-09-14T18:35:46.970Z,camera_0,1,0.00,0.00,0.00,110592.00,100.0,2000,null,null,120,640,480
2026-09-14T18:35:46.970Z,camera_1,1,0.00,0.00,0.00,110592.00,100.0,2000,null,null,120,640,480
2026-09-14T18:35:46.970Z,camera_0,1,0.00,0.00,0.00,110592.00,100.0,2000,null,null,120,640,480
2026-09-14T18:35:49.971Z,camera_0,1,0.00,0.00,0.00,110592.00,100.0,2000,null,null,30,640,480
2026-09-14T18:35:49.971Z,camera_1,1,0.00,0.00,0.00,110592.00,100.0,2000,null,null,30,640,480
2026-09-14T18:35:49.972Z,camera_0,1,213.49,213.49,0.00,110592.00,100.0,2000,null,null,30,640,480
2026-09-14T18:35:53.058Z,camera_0,1,0.00,0.00,0.00,110592.00,100.0,2000,null,null,30,640,480
2026-09-14T18:35:53.059Z,camera_0,1,1354.57,1354.57,0.00,110592.00,100.0,2000,null,null,30,640,480
2026-09-14T18:35:53.059Z,camera_1,1,0.00,0.00,0.00,110592.00,100.0,2000,null,null,30,640,480
2026-09-14T18:35:56.060Z,camera_1,1,0.00,0.00,0.00,110592.00,100.0,2000,null,null,30,640,480
2026-09-14T18:35:56.059Z,camera_0,1,0.00,0.00,0.00,110592.00,100.0,2000,null,null,30,640,480
2026-09-14T18:35:56.060Z,camera_0,1,1098.29,1098.29,0.00,110592.00,100.0,2000,null,null,30,640,480
2026-09-14T18:35:59.129Z,camera_0,1,711.89,0.00,711.89,110592.00,99.4,2000,null,null,30,640,480
2026-09-14T18:35:59.130Z,camera_1,1,0.00,0.00,0.00,110592.00,100.0,2000,null,null,30,640,480
2026-09-14T18:35:59.130Z,camera_0,1,1912.74,1200.85,711.89,110592.00,99.4,2000,null,null,30,640,480
2026-09-14T18:36:02.211Z,camera_0,1,952.53,0.00,952.53,147571.20,99.4,2000,null,null,30,854,480
2026-09-14T18:36:02.211Z,camera_1,1,0.00,0.00,0.00,147571.20,100.0,2000,null,null,30,854,480
2026-09-14T18:36:02.211Z,camera_0,1,1583.61,631.07,952.53,147571.20,99.4,2000,null,null,30,854,480
2026-09-14T18:36:05.211Z,camera_0,1,434.66,0.00,434.66,147571.20,99.7,2000,null,null,30,854,480
2026-09-14T18:36:05.211Z,camera_1,1,0.00,0.00,0.00,147571.20,100.0,2000,null,null,30,854,480
2026-09-14T18:36:05.211Z,camera_0,1,973.43,538.77,434.66,147571.20,99.7,2000,null,null,30,854,480
2026-09-14T18:36:08.309Z,camera_0,1,0.00,0.00,0.00,746496.00,100.0,2000,null,null,10,1920,1080
2026-09-14T18:36:08.309Z,camera_1,1,0.00,0.00,0.00,746496.00,100.0,2000,null,null,10,1920,1080
2026-09-14T18:36:08.311Z,camera_0,1,1116.16,1116.16,0.00,746496.00,100.0,2000,null,null,10,1920,1080
2026-09-14T18:36:11.309Z,camera_0,1,0.00,0.00,0.00,746496.00,100.0,2000,null,null,10,1920,1080
2026-09-14T18:36:11.310Z,camera_1,1,0.00,0.00,0.00,746496.00,100.0,2000,null,null,10,1920,1080
2026-09-14T18:36:11.311Z,camera_0,1,0.00,0.00,0.00,746496.00,100.0,2000,null,null,10,1920,1080
2026-09-14T18:36:14.311Z,camera_0,1,0.00,0.00,0.00,147571.20,100.0,2000,null,null,30,854,480
2026-09-14T18:36:14.311Z,camera_1,1,0.00,0.00,0.00,147571.20,100.0,2000,null,null,30,854,480
2026-09-14T18:36:14.311Z,camera_0,1,329.58,329.58,0.00,147571.20,100.0,2000,null,null,30,854,480
2026-09-14T18:36:17.320Z,camera_0,1,0.00,0.00,0.00,147571.20,100.0,2000,null,null,30,854,480
2026-09-14T18:36:17.320Z,camera_1,1,0.00,0.00,0.00,147571.20,100.0,2000,null,null,30,854,480
2026-09-14T18:36:17.322Z,camera_0,1,0.00,0.00,0.00,147571.20,100.0,2000,null,null,30,854,480
2026-09-14T18:36:20.324Z,camera_0,1,0.00,0.00,0.00,746496.00,100.0,2000,null,null,10,1920,1080
2026-09-14T18:36:20.324Z,camera_1,1,0.00,0.00,0.00,746496.00,100.0,2000,null,null,10,1920,1080
2026-09-14T18:36:20.327Z,camera_0,1,346.88,346.88,0.00,746496.00,100.0,2000,null,null,10,1920,1080
2026-09-14T18:36:23.558Z,camera_0,1,0.00,0.00,0.00,746496.00,100.0,2000,null,null,10,1920,1080
2026-09-14T18:36:23.567Z,camera_1,1,0.00,0.00,0.00,746496.00,100.0,2000,null,null,10,1920,1080
2026-09-14T18:36:23.567Z,camera_0,1,465.71,465.71,0.00,746496.00,100.0,2000,null,null,10,1920,1080
2026-09-14T18:36:27.649Z,camera_0,1,0.00,0.00,0.00,746496.00,100.0,2000,null,null,10,1920,1080
2026-09-14T18:36:27.649Z,camera_1,1,0.00,0.00,0.00,746496.00,100.0,2000,null,null,10,1920,1080
2026-09-14T18:36:27.654Z,camera_0,1,638.44,638.44,0.00,746496.00,100.0,2000,null,null,10,1920,1080
2026-09-14T18:36:30.739Z,camera_0,1,0.00,0.00,0.00,746496.00,100.0,2000,null,null,10,1920,1080
2026-09-14T18:36:30.739Z,camera_1,1,0.00,0.00,0.00,746496.00,100.0,2000,null,null,10,1920,1080
2026-09-14T18:36:30.744Z,camera_0,1,889.87,889.87,0.00,746496.00,100.0,2000,null,null,10,1920,1080
2026-09-14T18:36:33.816Z,camera_0,1,0.00,0.00,0.00,746496.00,100.0,2000,null,null,10,1920,1080
2026-09-14T18:36:33.816Z,camera_1,1,0.00,0.00,0.00,746496.00,100.0,2000,null,null,10,1920,1080
2026-09-14T18:36:33.823Z,camera_0,1,895.84,895.84,0.00,746496.00,100.0,2000,null,null,10,1920,1080
2026-09-14T18:36:36.818Z,camera_0,1,0.00,0.00,0.00,746496.00,100.0,2000,null,null,10,1920,1080
2026-09-14T18:36:36.818Z,camera_1,1,0.00,0.00,0.00,746496.00,100.0,2000,null,null,10,1920,1080
2026-09-14T18:36:36.819Z,camera_0,1,0.00,0.00,0.00,746496.00,100.0,2000,null,null,10,1920,1080
2026-09-14T18:36:40.106Z,camera_0,1,65.17,0.00,65.17,746496.00,100.0,2000,null,null,10,1920,1080
2026-09-14T18:36:40.107Z,camera_1,1,0.00,0.00,0.00,746496.00,100.0,2000,null,null,10,1920,1080
2026-09-14T18:36:40.107Z,camera_0,1,193.50,128.33,65.17,746496.00,100.0,2000,null,null,10,1920,1080
2026-09-14T18:36:43.294Z,camera_0,1,60.66,0.00,60.66,746496.00,100.0,2000,null,null,10,1920,1080
2026-09-14T18:36:43.295Z,camera_1,1,0.00,0.00,0.00,746496.00,100.0,2000,null,null,10,1920,1080
2026-09-14T18:36:43.295Z,camera_0,1,315.74,255.07,60.66,746496.00,100.0,2000,null,null,10,1920,1080
2026-09-14T18:36:46.293Z,camera_0,1,36.60,0.00,36.60,746496.00,100.0,2000,null,null,10,1920,1080
2026-09-14T18:36:46.296Z,camera_1,1,0.00,0.00,0.00,746496.00,100.0,2000,null,null,10,1920,1080
2026-09-14T18:36:46.297Z,camera_0,1,293.63,257.03,36.60,746496.00,100.0,2000,null,null,10,1920,1080
2026-09-14T18:36:49.293Z,camera_0,1,0.00,0.00,0.00,746496.00,100.0,2000,null,null,10,1920,1080
2026-09-14T18:36:49.293Z,camera_1,1,0.00,0.00,0.00,746496.00,100.0,2000,null,null,10,1920,1080
2026-09-14T18:36:49.362Z,camera_0,1,0.00,0.00,0.00,746496.00,100.0,2000,null,null,10,1920,1080
2026-09-14T18:36:52.295Z,camera_0,1,90.24,0.00,90.24,746496.00,100.0,2000,null,null,10,1920,1080
2026-09-14T18:36:52.295Z,camera_1,1,0.00,0.00,0.00,746496.00,100.0,2000,null,null,10,1920,1080
2026-09-14T18:36:52.295Z,camera_0,1,348.06,257.82,90.24,746496.00,100.0,2000,null,null,10,1920,1080
2026-09-14T18:36:55.642Z,camera_0,1,60.16,0.00,60.16,746496.00,100.0,2000,null,null,10,1920,1080
2026-09-14T18:36:55.642Z,camera_1,1,0.00,0.00,0.00,746496.00,100.0,2000,null,null,10,1920,1080
2026-09-14T18:36:55.642Z,camera_0,1,447.66,387.50,60.16,746496.00,100.0,2000,null,null,10,1920,1080
2026-09-14T18:36:58.829Z,camera_0,1,83.22,0.00,83.22,746496.00,100.0,2000,null,null,10,1920,1080
2026-09-14T18:36:58.829Z,camera_1,1,0.00,0.00,0.00,746496.00,100.0,2000,null,null,10,1920,1080
2026-09-14T18:36:58.837Z,camera_0,1,328.49,245.27,83.22,746496.00,100.0,2000,null,null,10,1920,1080
2026-09-14T18:37:02.164Z,camera_0,1,127.34,0.00,127.34,746496.00,100.0,2000,null,null,10,1920,1080
2026-09-14T18:37:02.165Z,camera_1,1,0.00,0.00,0.00,746496.00,100.0,2000,null,null,10,1920,1080
2026-09-14T18:37:02.165Z,camera_0,1,493.55,366.21,127.34,746496.00,100.0,2000,null,null,10,1920,1080
2026-09-14T18:37:05.165Z,camera_0,1,0.00,0.00,0.00,746496.00,100.0,2000,null,null,10,1920,1080
2026-09-14T18:37:05.165Z,camera_1,1,0.00,0.00,0.00,746496.00,100.0,2000,null,null,10,1920,1080
2026-09-14T18:37:05.165Z,camera_0,1,0.00,0.00,0.00,746496.00,100.0,2000,null,null,10,1920,1080
2026-09-14T18:37:08.369Z,camera_0,1,117.81,0.00,117.81,746496.00,100.0,2000,null,null,10,1920,1080
2026-09-14T18:37:08.372Z,camera_1,1,0.00,0.00,0.00,746496.00,100.0,2000,null,null,10,1920,1080
2026-09-14T18:37:08.372Z,camera_0,1,360.74,242.92,117.81,746496.00,100.0,2000,null,null,10,1920,1080
2026-09-14T18:37:11.368Z,camera_0,1,86.73,0.00,86.73,746496.00,100.0,2000,null,null,10,1920,1080
2026-09-14T18:37:11.369Z,camera_1,1,0.00,0.00,0.00,746496.00,100.0,2000,null,null,10,1920,1080
2026-09-14T18:37:11.369Z,camera_0,1,297.50,210.77,86.73,746496.00,100.0,2000,null,null,10,1920,1080
2026-09-14T18:37:14.502Z,camera_0,1,77.71,0.00,77.71,746496.00,100.0,2000,null,null,10,1920,1080
2026-09-14T18:37:14.503Z,camera_1,1,0.00,0.00,0.00,746496.00,100.0,2000,null,null,10,1920,1080
2026-09-14T18:37:14.506Z,camera_0,1,289.71,212.01,77.71,746496.00,100.0,2000,null,null,10,1920,1080
2026-09-14T18:37:17.633Z,camera_0,1,116.81,0.00,116.81,746496.00,100.0,2000,null,null,10,1920,1080
2026-09-14T18:37:17.633Z,camera_1,1,0.00,0.00,0.00,746496.00,100.0,2000,null,null,10,1920,1080
2026-09-14T18:37:17.636Z,camera_0,1,324.38,207.57,116.81,746496.00,100.0,2000,null,null,10,1920,1080
2026-09-14T18:37:20.628Z,camera_0,1,81.22,0.00,81.22,746496.00,100.0,2000,null,null,10,1920,1080
2026-09-14T18:37:20.628Z,camera_1,1,0.00,0.00,0.00,746496.00,100.0,2000,null,null,10,1920,1080
2026-09-14T18:37:20.629Z,camera_0,1,288.56,207.34,81.22,746496.00,100.0,2000,null,null,10,1920,1080
2026-09-14T18:37:23.628Z,camera_0,1,132.35,0.00,132.35,746496.00,100.0,2000,null,null,10,1920,1080
2026-09-14T18:37:23.629Z,camera_1,1,0.00,0.00,0.00,746496.00,100.0,2000,null,null,10,1920,1080
2026-09-14T18:37:23.629Z,camera_0,1,340.00,207.65,132.35,746496.00,100.0,2000,null,null,10,1920,1080
2026-09-14T18:37:26.629Z,camera_0,1,166.44,0.00,166.44,746496.00,100.0,2000,null,null,10,1920,1080
2026-09-14T18:37:26.629Z,camera_1,1,0.00,0.00,0.00,746496.00,100.0,2000,null,null,10,1920,1080
2026-09-14T18:37:26.629Z,camera_0,1,588.51,422.07,166.44,746496.00,100.0,2000,null,null,10,1920,1080
2026-09-14T18:37:29.631Z,camera_0,1,209.06,0.00,209.06,746496.00,100.0,2000,null,null,10,1920,1080
2026-09-14T18:37:29.631Z,camera_1,1,0.00,0.00,0.00,746496.00,100.0,2000,null,null,10,1920,1080
2026-09-14T18:37:29.631Z,camera_0,1,633.61,424.55,209.06,746496.00,100.0,2000,null,null,10,1920,1080
2026-09-14T18:37:32.689Z,camera_0,1,188.00,0.00,188.00,746496.00,100.0,2000,null,null,10,1920,1080
2026-09-14T18:37:32.689Z,camera_1,1,0.00,0.00,0.00,746496.00,100.0,2000,null,null,10,1920,1080
2026-09-14T18:37:32.690Z,camera_0,1,505.73,317.73,188.00,746496.00,100.0,2000,null,null,10,1920,1080
2026-09-14T18:37:35.690Z,camera_0,1,122.83,0.00,122.83,746496.00,100.0,2000,null,null,10,1920,1080
2026-09-14T18:37:35.691Z,camera_1,1,0.00,0.00,0.00,746496.00,100.0,2000,null,null,10,1920,1080
2026-09-14T18:37:35.695Z,camera_0,1,438.87,316.04,122.83,746496.00,100.0,2000,null,null,10,1920,1080
2026-09-14T18:37:38.690Z,camera_0,1,160.93,0.00,160.93,746496.00,100.0,2000,null,null,10,1920,1080
2026-09-14T18:37:38.690Z,camera_1,1,0.00,0.00,0.00,746496.00,100.0,2000,null,null,10,1920,1080
2026-09-14T18:37:38.691Z,camera_0,1,475.73,314.80,160.93,746496.00,100.0,2000,null,null,10,1920,1080
2026-09-14T18:37:41.692Z,camera_0,1,44.62,0.00,44.62,746496.00,100.0,2000,null,null,10,1920,1080
2026-09-14T18:37:41.692Z,camera_1,1,0.00,0.00,0.00,746496.00,100.0,2000,null,null,10,1920,1080
2026-09-14T18:37:41.692Z,camera_0,1,151.61,106.99,44.62,746496.00,100.0,2000,null,null,10,1920,1080
2026-09-14T18:37:44.696Z,camera_0,1,173.46,0.00,173.46,746496.00,100.0,2000,null,null,10,1920,1080
2026-09-14T18:37:44.697Z,camera_1,1,0.00,0.00,0.00,746496.00,100.0,2000,null,null,10,1920,1080
2026-09-14T18:37:44.697Z,camera_0,1,482.16,308.70,173.46,746496.00,100.0,2000,null,null,10,1920,1080
2026-09-14T18:37:47.715Z,camera_0,1,121.82,0.00,121.82,746496.00,100.0,2000,null,null,10,1920,1080
2026-09-14T18:37:47.716Z,camera_1,1,0.00,0.00,0.00,746496.00,100.0,2000,null,null,10,1920,1080
2026-09-14T18:37:47.717Z,camera_0,1,438.77,316.95,121.82,746496.00,100.0,2000,null,null,10,1920,1080
2026-09-14T18:37:50.716Z,camera_0,1,181.98,0.00,181.98,746496.00,100.0,2000,null,null,10,1920,1080
2026-09-14T18:37:50.717Z,camera_1,1,0.00,0.00,0.00,746496.00,100.0,2000,null,null,10,1920,1080
2026-09-14T18:37:50.718Z,camera_0,1,606.45,424.46,181.98,746496.00,100.0,2000,null,null,10,1920,1080
2026-09-14T18:37:53.726Z,camera_0,1,212.06,0.00,212.06,746496.00,100.0,2000,null,null,10,1920,1080
2026-09-14T18:37:53.726Z,camera_1,1,0.00,0.00,0.00,746496.00,100.0,2000,null,null,10,1920,1080
2026-09-14T18:37:53.726Z,camera_0,1,528.04,315.98,212.06,746496.00,100.0,2000,null,null,10,1920,1080
2026-09-14T18:37:56.829Z,camera_0,1,177.47,0.00,177.47,746496.00,100.0,2000,null,null,10,1920,1080
2026-09-14T18:37:56.829Z,camera_1,1,0.00,0.00,0.00,746496.00,100.0,2000,null,null,10,1920,1080
2026-09-14T18:37:56.830Z,camera_0,1,719.26,541.79,177.47,746496.00,100.0,2000,null,null,10,1920,1080
2026-09-14T18:37:59.830Z,camera_0,1,108.29,0.00,108.29,746496.00,100.0,2000,null,null,10,1920,1080
2026-09-14T18:37:59.833Z,camera_1,1,0.00,0.00,0.00,746496.00,100.0,2000,null,null,10,1920,1080
2026-09-14T18:37:59.834Z,camera_0,1,435.77,327.48,108.29,746496.00,100.0,2000,null,null,10,1920,1080
2026-09-14T18:38:02.831Z,camera_0,1,180.48,0.00,180.48,746496.00,100.0,2000,null,null,10,1920,1080
2026-09-14T18:38:02.832Z,camera_1,1,0.00,0.00,0.00,746496.00,100.0,2000,null,null,10,1920,1080
2026-09-14T18:38:02.832Z,camera_0,1,506.17,325.69,180.48,746496.00,100.0,2000,null,null,10,1920,1080
2026-09-14T18:38:05.850Z,camera_0,1,183.99,0.00,183.99,746496.00,100.0,2000,null,null,10,1920,1080
2026-09-14T18:38:05.851Z,camera_0,1,618.99,435.00,183.99,746496.00,100.0,2000,null,null,10,1920,1080
2026-09-14T18:38:05.851Z,camera_1,1,0.00,0.00,0.00,746496.00,100.0,2000,null,null,10,1920,1080
2026-09-14T18:38:08.855Z,camera_1,1,0.00,0.00,0.00,746496.00,100.0,2000,null,null,10,1920,1080
2026-09-14T18:38:08.854Z,camera_0,1,107.29,0.00,107.29,746496.00,100.0,2000,null,null,10,1920,1080
2026-09-14T18:38:08.855Z,camera_0,1,428.54,321.25,107.29,746496.00,100.0,2000,null,null,10,1920,1080
2026-09-14T18:38:11.855Z,camera_0,1,179.98,0.00,179.98,746496.00,100.0,2000,null,null,10,1920,1080
2026-09-14T18:38:11.855Z,camera_1,1,0.00,0.00,0.00,746496.00,100.0,2000,null,null,10,1920,1080
2026-09-14T18:38:11.855Z,camera_0,1,501.65,321.67,179.98,746496.00,100.0,2000,null,null,10,1920,1080
2026-09-14T18:38:14.908Z,camera_0,1,177.97,0.00,177.97,746496.00,100.0,2000,null,null,10,1920,1080
2026-09-14T18:38:14.909Z,camera_1,1,0.00,0.00,0.00,746496.00,100.0,2000,null,null,10,1920,1080
2026-09-14T18:38:14.917Z,camera_0,1,620.11,442.14,177.97,746496.00,100.0,2000,null,null,10,1920,1080
2026-09-14T18:38:18.094Z,camera_0,1,108.79,0.00,108.79,746496.00,100.0,2000,null,null,10,1920,1080
2026-09-14T18:38:18.094Z,camera_1,1,0.00,0.00,0.00,746496.00,100.0,2000,null,null,10,1920,1080
2026-09-14T18:38:18.094Z,camera_0,1,434.81,326.02,108.79,746496.00,100.0,2000,null,null,10,1920,1080
2026-09-14T18:38:21.096Z,camera_0,1,217.08,0.00,217.08,746496.00,100.0,2000,null,null,10,1920,1080
2026-09-14T18:38:21.103Z,camera_1,1,0.00,0.00,0.00,746496.00,100.0,2000,null,null,10,1920,1080
2026-09-14T18:38:21.103Z,camera_0,1,654.26,437.19,217.08,746496.00,100.0,2000,null,null,10,1920,1080
2026-09-14T18:38:24.096Z,camera_0,1,146.39,0.00,146.39,746496.00,100.0,2000,null,null,10,1920,1080
2026-09-14T18:38:24.097Z,camera_1,1,0.00,0.00,0.00,746496.00,100.0,2000,null,null,10,1920,1080
2026-09-14T18:38:24.097Z,camera_0,1,472.98,326.59,146.39,746496.00,100.0,2000,null,null,10,1920,1080
2026-09-14T18:38:27.096Z,camera_0,1,208.05,0.00,208.05,746496.00,100.0,2000,null,null,10,1920,1080
2026-09-14T18:38:27.098Z,camera_1,1,0.00,0.00,0.00,746496.00,100.0,2000,null,null,10,1920,1080
2026-09-14T18:38:27.098Z,camera_0,1,422.59,214.53,208.05,746496.00,100.0,2000,null,null,10,1920,1080
2026-09-14T18:38:30.206Z,camera_0,1,0.00,0.00,0.00,147571.20,100.0,2000,null,null,30,854,480
2026-09-14T18:38:30.211Z,camera_1,1,0.00,0.00,0.00,147571.20,100.0,2000,null,null,30,854,480
2026-09-14T18:38:30.213Z,camera_0,1,769.74,769.74,0.00,147571.20,100.0,2000,null,null,30,854,480
2026-09-14T18:38:33.209Z,camera_0,1,0.00,0.00,0.00,147571.20,100.0,2000,null,null,30,854,480
2026-09-14T18:38:33.209Z,camera_1,1,0.00,0.00,0.00,147571.20,100.0,2000,null,null,30,854,480
2026-09-14T18:38:33.211Z,camera_0,1,826.76,826.76,0.00,147571.20,100.0,2000,null,null,30,854,480
2026-09-14T18:38:36.635Z,camera_0,1,0.00,0.00,0.00,147571.20,100.0,2000,null,null,30,854,480
2026-09-14T18:38:36.647Z,camera_1,1,0.00,0.00,0.00,147571.20,100.0,2000,null,null,30,854,480
2026-09-14T18:38:36.650Z,camera_0,1,1039.83,1039.83,0.00,147571.20,100.0,2000,null,null,30,854,480
2026-09-14T18:38:39.636Z,camera_0,1,105.28,0.00,105.28,147571.20,99.9,2000,null,null,30,854,480
2026-09-14T18:38:39.638Z,camera_1,1,0.00,0.00,0.00,147571.20,100.0,2000,null,null,30,854,480
2026-09-14T18:38:39.639Z,camera_0,1,201.28,96.00,105.28,147571.20,99.9,2000,null,null,30,854,480
2026-09-14T18:38:42.638Z,camera_0,1,267.21,0.00,267.21,147571.20,99.8,2000,null,null,30,854,480
2026-09-14T18:38:42.639Z,camera_1,1,0.00,0.00,0.00,147571.20,100.0,2000,null,null,30,854,480
2026-09-14T18:38:42.643Z,camera_0,1,775.58,508.37,267.21,147571.20,99.8,2000,null,null,30,854,480
2026-09-14T18:38:45.639Z,camera_0,1,221.09,0.00,221.09,147571.20,99.9,2000,null,null,30,854,480
2026-09-14T18:38:45.640Z,camera_1,1,0.00,0.00,0.00,147571.20,100.0,2000,null,null,30,854,480
2026-09-14T18:38:45.640Z,camera_0,1,727.80,506.71,221.09,147571.20,99.9,2000,null,null,30,854,480
2026-09-14T18:38:48.641Z,camera_0,1,343.41,0.00,343.41,147571.20,99.8,2000,null,null,30,854,480
2026-09-14T18:38:48.641Z,camera_1,1,0.00,0.00,0.00,147571.20,100.0,2000,null,null,30,854,480
2026-09-14T18:38:48.642Z,camera_0,1,1059.81,716.39,343.41,147571.20,99.8,2000,null,null,30,854,480
2026-09-14T18:38:51.839Z,camera_1,1,0.00,0.00,0.00,147571.20,100.0,2000,null,null,30,854,480
2026-09-14T18:38:51.838Z,camera_0,1,306.31,0.00,306.31,147571.20,99.8,2000,null,null,30,854,480
2026-09-14T18:38:51.840Z,camera_0,1,1044.61,738.30,306.31,147571.20,99.8,2000,null,null,30,854,480
2026-09-14T18:38:54.840Z,camera_0,1,254.18,0.00,254.18,147571.20,99.8,2000,null,null,30,854,480
2026-09-14T18:38:54.840Z,camera_1,1,0.00,0.00,0.00,147571.20,100.0,2000,null,null,30,854,480
2026-09-14T18:38:54.845Z,camera_0,1,780.88,526.70,254.18,147571.20,99.8,2000,null,null,30,854,480
2026-09-14T18:38:57.843Z,camera_0,1,330.38,0.00,330.38,147571.20,99.8,2000,null,null,30,854,480
2026-09-14T18:38:57.844Z,camera_1,1,0.00,0.00,0.00,147571.20,100.0,2000,null,null,30,854,480
2026-09-14T18:38:57.844Z,camera_0,1,1075.90,745.52,330.38,147571.20,99.8,2000,null,null,30,854,480
2026-09-14T18:39:00.846Z,camera_0,1,279.24,0.00,279.24,147571.20,99.8,2000,null,null,30,854,480
2026-09-14T18:39:00.847Z,camera_1,1,0.00,0.00,0.00,147571.20,100.0,2000,null,null,30,854,480
2026-09-14T18:39:00.847Z,camera_0,1,920.97,641.73,279.24,147571.20,99.8,2000,null,null,30,854,480
2026-09-14T18:39:03.847Z,camera_0,1,319.35,0.00,319.35,147571.20,99.8,2000,null,null,30,854,480
2026-09-14T18:39:03.847Z,camera_1,1,0.00,0.00,0.00,147571.20,100.0,2000,null,null,30,854,480
2026-09-14T18:39:03.848Z,camera_0,1,1072.24,752.89,319.35,147571.20,99.8,2000,null,null,30,854,480
2026-09-14T18:39:06.849Z,camera_0,1,400.06,0.00,400.06,147571.20,99.7,2000,null,null,30,854,480
2026-09-14T18:39:06.850Z,camera_1,1,0.00,0.00,0.00,147571.20,100.0,2000,null,null,30,854,480
2026-09-14T18:39:06.851Z,camera_0,1,1131.11,731.05,400.06,147571.20,99.7,2000,null,null,30,854,480
2026-09-14T18:39:09.970Z,camera_0,1,330.88,0.00,330.88,147571.20,99.8,2000,null,null,30,854,480
2026-09-14T18:39:09.971Z,camera_1,1,0.00,0.00,0.00,147571.20,100.0,2000,null,null,30,854,480
2026-09-14T18:39:09.971Z,camera_0,1,1052.26,721.38,330.88,147571.20,99.8,2000,null,null,30,854,480
2026-09-14T18:39:12.973Z,camera_1,1,0.00,0.00,0.00,147571.20,100.0,2000,null,null,30,854,480
2026-09-14T18:39:12.974Z,camera_0,1,1041.36,725.02,316.34,147571.20,99.8,2000,null,null,30,854,480
2026-09-14T18:39:12.973Z,camera_0,1,316.34,0.00,316.34,147571.20,99.8,2000,null,null,30,854,480
2026-09-14T18:39:16.083Z,camera_0,1,439.67,0.00,439.67,147571.20,99.7,2000,null,null,30,854,480
2026-09-14T18:39:16.083Z,camera_1,1,0.00,0.00,0.00,147571.20,100.0,2000,null,null,30,854,480
2026-09-14T18:39:16.083Z,camera_0,1,1388.94,949.27,439.67,147571.20,99.7,2000,null,null,30,854,480
2026-09-14T18:39:19.122Z,camera_0,1,387.53,0.00,387.53,147571.20,99.7,2000,null,null,30,854,480
2026-09-14T18:39:19.122Z,camera_1,1,0.00,0.00,0.00,147571.20,100.0,2000,null,null,30,854,480
2026-09-14T18:39:19.123Z,camera_0,1,1134.94,747.41,387.53,147571.20,99.7,2000,null,null,30,854,480
2026-09-14T18:39:22.279Z,camera_0,1,364.47,0.00,364.47,147571.20,99.8,2000,null,null,30,854,480
2026-09-14T18:39:22.279Z,camera_1,1,0.00,0.00,0.00,147571.20,100.0,2000,null,null,30,854,480
2026-09-14T18:39:22.280Z,camera_0,1,1211.50,847.03,364.47,147571.20,99.8,2000,null,null,30,854,480
2026-09-14T18:39:25.280Z,camera_0,1,350.43,0.00,350.43,147571.20,99.8,4000,null,null,30,854,480
2026-09-14T18:39:25.280Z,camera_1,1,0.00,0.00,0.00,147571.20,100.0,4000,null,null,30,854,480
2026-09-14T18:39:25.280Z,camera_0,1,1077.77,727.34,350.43,147571.20,99.8,4000,null,null,30,854,480
2026-09-14T18:39:28.281Z,camera_0,1,351.43,0.00,351.43,147571.20,99.8,4000,null,null,30,854,480
2026-09-14T18:39:28.282Z,camera_1,1,0.00,0.00,0.00,147571.20,100.0,4000,null,null,30,854,480
2026-09-14T18:39:28.282Z,camera_0,1,1201.93,850.50,351.43,147571.20,99.8,4000,null,null,30,854,480
2026-09-14T18:39:31.356Z,camera_0,1,465.24,0.00,465.24,147571.20,99.7,4000,null,null,30,854,480
2026-09-14T18:39:31.357Z,camera_1,1,0.00,0.00,0.00,147571.20,100.0,4000,null,null,30,854,480
2026-09-14T18:39:31.358Z,camera_0,1,1408.38,943.14,465.24,147571.20,99.7,4000,null,null,30,854,480
2026-09-14T18:39:34.359Z,camera_0,1,318.35,0.00,318.35,147571.20,99.8,4000,null,null,30,854,480
2026-09-14T18:39:34.359Z,camera_1,1,0.00,0.00,0.00,147571.20,100.0,4000,null,null,30,854,480
2026-09-14T18:39:34.359Z,camera_0,1,1053.29,734.94,318.35,147571.20,99.8,4000,null,null,30,854,480
2026-09-14T18:39:37.361Z,camera_0,1,390.04,0.00,390.04,147571.20,99.7,4000,null,null,30,854,480
2026-09-14T18:39:37.362Z,camera_1,1,0.00,0.00,0.00,147571.20,100.0,4000,null,null,30,854,480
2026-09-14T18:39:37.364Z,camera_0,1,1217.87,827.83,390.04,147571.20,99.7,4000,null,null,30,854,480
2026-09-14T18:39:40.574Z,camera_0,1,374.50,0.00,374.50,147571.20,99.7,4000,null,null,30,854,480
2026-09-14T18:39:40.576Z,camera_1,1,0.00,0.00,0.00,147571.20,100.0,4000,null,null,30,854,480
2026-09-14T18:39:40.576Z,camera_0,1,1206.97,832.47,374.50,147571.20,99.7,4000,null,null,30,854,480
2026-09-14T18:39:43.575Z,camera_0,1,353.44,0.00,353.44,147571.20,99.8,4000,null,null,30,854,480
2026-09-14T18:39:43.575Z,camera_1,1,0.00,0.00,0.00,147571.20,100.0,4000,null,null,30,854,480
2026-09-14T18:39:43.576Z,camera_0,1,1079.17,725.73,353.44,147571.20,99.8,4000,null,null,30,854,480
2026-09-14T18:39:46.577Z,camera_0,1,385.02,0.00,385.02,147571.20,99.7,4000,null,null,30,854,480
2026-09-14T18:39:46.577Z,camera_1,1,0.00,0.00,0.00,147571.20,100.0,4000,null,null,30,854,480
2026-09-14T18:39:46.579Z,camera_0,1,1214.14,829.11,385.02,147571.20,99.7,4000,null,null,30,854,480
2026-09-14T18:39:49.574Z,camera_0,1,628.67,0.00,628.67,147571.20,99.6,4000,null,null,30,854,480
2026-09-14T18:39:49.575Z,camera_1,1,0.00,0.00,0.00,147571.20,100.0,4000,null,null,30,854,480
2026-09-14T18:39:49.575Z,camera_0,1,934.86,306.19,628.67,147571.20,99.6,4000,null,null,30,854,480
2026-09-14T18:39:52.577Z,camera_0,1,184.99,0.00,184.99,147571.20,99.9,4000,null,null,30,854,480
2026-09-14T18:39:52.578Z,camera_1,1,0.00,0.00,0.00,147571.20,100.0,4000,null,null,30,854,480
2026-09-14T18:39:52.586Z,camera_0,1,184.99,0.00,184.99,147571.20,99.9,4000,null,null,30,854,480
2026-09-14T18:39:55.817Z,camera_0,1,0.00,0.00,0.00,746496.00,100.0,4000,null,null,10,1920,1080
2026-09-14T18:39:55.817Z,camera_1,1,0.00,0.00,0.00,746496.00,100.0,4000,null,null,10,1920,1080
2026-09-14T18:39:55.819Z,camera_0,1,872.33,872.33,0.00,746496.00,100.0,4000,null,null,10,1920,1080
2026-09-14T18:39:58.819Z,camera_0,1,0.00,0.00,0.00,746496.00,100.0,4000,null,null,10,1920,1080
2026-09-14T18:39:58.821Z,camera_1,1,0.00,0.00,0.00,746496.00,100.0,4000,null,null,10,1920,1080
2026-09-14T18:39:58.821Z,camera_0,1,877.46,877.46,0.00,746496.00,100.0,4000,null,null,10,1920,1080
2026-09-14T18:40:02.011Z,camera_0,1,0.00,0.00,0.00,746496.00,100.0,4000,null,null,10,1920,1080
2026-09-14T18:40:02.012Z,camera_1,1,0.00,0.00,0.00,746496.00,100.0,4000,null,null,10,1920,1080
2026-09-14T18:40:02.013Z,camera_0,1,542.53,542.53,0.00,746496.00,100.0,4000,null,null,10,1920,1080
2026-09-14T18:40:05.012Z,camera_0,1,0.00,0.00,0.00,746496.00,100.0,4000,null,null,10,1920,1080
2026-09-14T18:40:05.012Z,camera_1,1,0.00,0.00,0.00,746496.00,100.0,4000,null,null,10,1920,1080
2026-09-14T18:40:05.012Z,camera_0,1,539.51,539.51,0.00,746496.00,100.0,4000,null,null,10,1920,1080
2026-09-14T18:40:08.245Z,camera_0,1,99.26,0.00,99.26,746496.00,100.0,4000,null,null,10,1920,1080
2026-09-14T18:40:08.250Z,camera_1,1,0.00,0.00,0.00,746496.00,100.0,4000,null,null,10,1920,1080
2026-09-14T18:40:08.250Z,camera_0,1,309.26,210.00,99.26,746496.00,100.0,4000,null,null,10,1920,1080
2026-09-14T18:40:11.237Z,camera_0,1,57.15,0.00,57.15,746496.00,100.0,4000,null,null,10,1920,1080
2026-09-14T18:40:11.237Z,camera_1,1,0.00,0.00,0.00,746496.00,100.0,4000,null,null,10,1920,1080
2026-09-14T18:40:11.243Z,camera_0,1,267.64,210.49,57.15,746496.00,100.0,4000,null,null,10,1920,1080
2026-09-14T18:40:14.237Z,camera_0,1,86.73,0.00,86.73,746496.00,100.0,4000,null,null,10,1920,1080
2026-09-14T18:40:14.237Z,camera_1,1,0.00,0.00,0.00,746496.00,100.0,4000,null,null,10,1920,1080
2026-09-14T18:40:14.237Z,camera_0,1,410.30,323.57,86.73,746496.00,100.0,4000,null,null,10,1920,1080
2026-09-14T18:40:17.359Z,camera_0,1,128.34,0.00,128.34,746496.00,100.0,4000,null,null,10,1920,1080
2026-09-14T18:40:17.359Z,camera_1,1,0.00,0.00,0.00,746496.00,100.0,4000,null,null,10,1920,1080
2026-09-14T18:40:17.360Z,camera_0,1,673.94,545.59,128.34,746496.00,100.0,4000,null,null,10,1920,1080
2026-09-14T18:40:20.357Z,camera_0,1,116.31,0.00,116.31,746496.00,100.0,4000,null,null,10,1920,1080
2026-09-14T18:40:20.357Z,camera_1,1,0.00,0.00,0.00,746496.00,100.0,4000,null,null,10,1920,1080
2026-09-14T18:40:20.359Z,camera_0,1,328.49,212.18,116.31,746496.00,100.0,4000,null,null,10,1920,1080
2026-09-14T18:40:23.378Z,camera_0,1,0.00,0.00,0.00,147571.20,100.0,4000,null,null,30,854,480
2026-09-14T18:40:23.379Z,camera_1,1,0.00,0.00,0.00,147571.20,100.0,4000,null,null,30,854,480
2026-09-14T18:40:23.380Z,camera_0,1,99.36,99.36,0.00,147571.20,100.0,4000,null,null,30,854,480
2026-09-14T18:40:26.640Z,camera_0,1,0.00,0.00,0.00,147571.20,100.0,4000,null,null,30,854,480
2026-09-14T18:40:26.641Z,camera_1,1,0.00,0.00,0.00,147571.20,100.0,4000,null,null,30,854,480
2026-09-14T18:40:26.655Z,camera_0,1,642.39,642.39,0.00,147571.20,100.0,4000,null,null,30,854,480
2026-09-14T18:40:29.789Z,camera_0,1,0.00,0.00,0.00,147571.20,100.0,4000,null,null,30,854,480
2026-09-14T18:40:29.790Z,camera_1,1,0.00,0.00,0.00,147571.20,100.0,4000,null,null,30,854,480
2026-09-14T18:40:29.790Z,camera_0,1,944.13,944.13,0.00,147571.20,100.0,4000,null,null,30,854,480
2026-09-15T14:33:12.902Z,camera_0,0,0.00,0.00,0.00,110592.00,100.0,2000,null,null,120,640,480
2026-09-15T14:33:12.917Z,camera_1,0,0.00,0.00,0.00,110592.00,100.0,2000,null,null,120,640,480
2026-09-15T14:33:12.917Z,camera_0,0,0.00,0.00,0.00,110592.00,100.0,2000,null,null,120,640,480
2026-09-15T14:33:15.903Z,camera_0,1,0.00,0.00,0.00,110592.00,100.0,2000,null,null,120,640,480
2026-09-15T14:33:15.903Z,camera_1,1,0.00,0.00,0.00,110592.00,100.0,2000,null,null,120,640,480
2026-09-15T14:33:15.904Z,camera_0,1,0.00,0.00,0.00,110592.00,100.0,2000,null,null,120,640,480
2026-09-15T14:33:18.904Z,camera_0,1,0.00,0.00,0.00,110592.00,100.0,2000,null,null,120,640,480
2026-09-15T14:33:18.905Z,camera_0,1,0.00,0.00,0.00,110592.00,100.0,2000,null,null,120,640,480
2026-09-15T14:33:18.904Z,camera_1,1,0.00,0.00,0.00,110592.00,100.0,2000,null,null,120,640,480
2026-09-15T14:33:21.907Z,camera_0,1,0.00,0.00,0.00,110592.00,100.0,2000,null,null,120,640,480
2026-09-15T14:33:21.907Z,camera_1,1,0.00,0.00,0.00,110592.00,100.0,2000,null,null,120,640,480
2026-09-15T14:33:21.908Z,camera_0,1,0.00,0.00,0.00,110592.00,100.0,2000,null,null,120,640,480
2026-09-15T14:33:24.908Z,camera_0,1,0.00,0.00,0.00,110592.00,100.0,2000,null,null,30,640,480
2026-09-15T14:33:24.908Z,camera_1,1,0.00,0.00,0.00,110592.00,100.0,2000,null,null,30,640,480
2026-09-15T14:33:24.909Z,camera_0,1,210.58,210.58,0.00,110592.00,100.0,2000,null,null,30,640,480
2026-09-15T14:33:27.908Z,camera_0,1,0.00,0.00,0.00,110592.00,100.0,2000,null,null,30,640,480
2026-09-15T14:33:27.908Z,camera_1,1,0.00,0.00,0.00,110592.00,100.0,2000,null,null,30,640,480
2026-09-15T14:33:27.909Z,camera_0,1,223.72,223.72,0.00,110592.00,100.0,2000,null,null,30,640,480
2026-09-15T14:33:30.911Z,camera_0,1,363.47,0.00,363.47,147571.20,99.8,2000,null,null,30,854,480
2026-09-15T14:33:30.912Z,camera_1,1,0.00,0.00,0.00,147571.20,100.0,2000,null,null,30,854,480
2026-09-15T14:33:30.915Z,camera_0,1,5130.38,4766.91,363.47,147571.20,99.8,2000,null,null,30,854,480
2026-09-15T14:33:33.912Z,camera_0,1,1141.03,0.00,1141.03,147571.20,99.2,2000,null,null,30,854,480
2026-09-15T14:33:33.912Z,camera_1,1,0.00,0.00,0.00,147571.20,100.0,2000,null,null,30,854,480
2026-09-15T14:33:33.912Z,camera_0,1,3925.02,2783.99,1141.03,147571.20,99.2,2000,null,null,30,854,480
2026-09-15T14:33:36.912Z,camera_0,1,604.11,0.00,604.11,110592.00,99.5,2000,null,null,120,640,480
2026-09-15T14:33:36.912Z,camera_1,1,0.00,0.00,0.00,110592.00,100.0,2000,null,null,120,640,480
2026-09-15T14:33:36.912Z,camera_0,1,3075.07,2470.96,604.11,110592.00,99.5,2000,null,null,120,640,480
2026-09-15T14:33:39.912Z,camera_0,1,762.03,0.00,762.03,110592.00,99.3,2000,null,null,120,640,480
2026-09-15T14:33:39.912Z,camera_0,1,5598.10,4836.07,762.03,110592.00,99.3,2000,null,null,120,640,480
2026-09-15T14:33:39.912Z,camera_1,1,0.00,0.00,0.00,110592.00,100.0,2000,null,null,120,640,480
2026-09-15T14:33:42.913Z,camera_0,1,496.82,0.00,496.82,110592.00,99.6,2000,null,null,120,640,480
2026-09-15T14:33:42.913Z,camera_1,1,0.00,0.00,0.00,110592.00,100.0,2000,null,null,120,640,480
2026-09-15T14:33:42.913Z,camera_0,1,1174.52,677.70,496.82,110592.00,99.6,2000,null,null,120,640,480
2026-09-15T14:33:45.921Z,camera_0,1,0.00,0.00,0.00,147571.20,100.0,2000,null,null,30,854,480
2026-09-15T14:33:45.921Z,camera_1,1,0.00,0.00,0.00,147571.20,100.0,2000,null,null,30,854,480
2026-09-15T14:33:45.922Z,camera_0,1,2108.60,2108.60,0.00,147571.20,100.0,2000,null,null,30,854,480
2026-09-15T14:33:48.925Z,camera_0,1,0.00,0.00,0.00,147571.20,100.0,2000,null,null,30,854,480
2026-09-15T14:33:48.925Z,camera_1,1,0.00,0.00,0.00,147571.20,100.0,2000,null,null,30,854,480
2026-09-15T14:33:48.925Z,camera_0,1,3399.64,3399.64,0.00,147571.20,100.0,2000,null,null,30,854,480
2026-09-15T14:33:51.926Z,camera_0,1,633.69,0.00,633.69,147571.20,99.6,2000,null,null,30,854,480
2026-09-15T14:33:51.926Z,camera_1,1,0.00,0.00,0.00,147571.20,100.0,2000,null,null,30,854,480
2026-09-15T14:33:51.945Z,camera_0,1,2362.98,1729.30,633.69,147571.20,99.6,2000,null,null,30,854,480
2026-09-15T14:33:54.930Z,camera_0,1,338.90,0.00,338.90,147571.20,99.8,2000,null,null,30,854,480
2026-09-15T14:33:54.930Z,camera_1,1,0.00,0.00,0.00,147571.20,100.0,2000,null,null,30,854,480
2026-09-15T14:33:54.930Z,camera_0,1,1571.02,1232.11,338.90,147571.20,99.8,2000,null,null,30,854,480
2026-09-15T14:33:57.932Z,camera_0,1,214.07,0.00,214.07,110592.00,99.8,2000,null,null,120,640,480
2026-09-15T14:33:57.932Z,camera_1,1,0.00,0.00,0.00,110592.00,100.0,2000,null,null,120,640,480
2026-09-15T14:33:57.932Z,camera_0,1,1691.95,1477.88,214.07,110592.00,99.8,2000,null,null,120,640,480
2026-09-15T14:34:00.935Z,camera_0,1,0.00,0.00,0.00,110592.00,100.0,2000,null,null,120,640,480
2026-09-15T14:34:00.935Z,camera_1,1,0.00,0.00,0.00,110592.00,100.0,2000,null,null,120,640,480
2026-09-15T14:34:00.939Z,camera_0,1,4661.70,4661.70,0.00,110592.00,100.0,2000,null,null,120,640,480
2026-09-15T14:34:03.939Z,camera_0,1,580.54,0.00,580.54,110592.00,99.5,2000,null,null,120,640,480
2026-09-15T14:34:03.940Z,camera_1,1,0.00,0.00,0.00,110592.00,100.0,2000,null,null,120,640,480
2026-09-15T14:34:03.942Z,camera_0,1,1520.90,940.35,580.54,110592.00,99.5,2000,null,null,120,640,480
2026-09-15T14:34:06.941Z,camera_0,1,642.21,0.00,642.21,110592.00,99.4,2000,null,null,120,640,480
2026-09-15T14:34:06.941Z,camera_1,1,0.00,0.00,0.00,110592.00,100.0,2000,null,null,120,640,480
2026-09-15T14:34:06.941Z,camera_0,1,3164.77,2522.56,642.21,110592.00,99.4,2000,null,null,120,640,480
2026-09-15T14:34:09.940Z,camera_0,1,260.69,0.00,260.69,110592.00,99.8,2000,null,null,120,640,480
2026-09-15T14:34:09.941Z,camera_1,1,0.00,0.00,0.00,110592.00,100.0,2000,null,null,120,640,480
2026-09-15T14:34:09.942Z,camera_0,1,2750.04,2489.35,260.69,110592.00,99.8,2000,null,null,120,640,480
2026-09-15T14:34:12.944Z,camera_0,1,173.96,0.00,173.96,110592.00,99.8,2000,null,null,120,640,480
2026-09-15T14:34:12.944Z,camera_1,1,0.00,0.00,0.00,110592.00,100.0,2000,null,null,120,640,480
2026-09-15T14:34:12.944Z,camera_0,1,1453.22,1279.25,173.96,110592.00,99.8,2000,null,null,120,640,480
2026-09-15T14:34:15.941Z,camera_0,1,678.30,0.00,678.30,110592.00,99.4,2000,null,null,120,640,480
2026-09-15T14:34:15.941Z,camera_1,1,0.00,0.00,0.00,110592.00,100.0,2000,null,null,120,640,480
2026-09-15T14:34:15.941Z,camera_0,1,4499.32,3821.02,678.30,110592.00,99.4,2000,null,null,120,640,480
2026-09-15T14:34:18.941Z,camera_0,1,702.87,0.00,702.87,110592.00,99.4,2000,null,null,120,640,480
2026-09-15T14:34:18.942Z,camera_1,1,0.00,0.00,0.00,110592.00,100.0,2000,null,null,120,640,480
2026-09-15T14:34:18.942Z,camera_0,1,3743.28,3040.41,702.87,110592.00,99.4,2000,null,null,120,640,480
2026-09-15T14:34:21.945Z,camera_0,1,579.54,0.00,579.54,110592.00,99.5,2000,null,null,120,640,480
2026-09-15T14:34:21.945Z,camera_1,1,0.00,0.00,0.00,110592.00,100.0,2000,null,null,120,640,480
2026-09-15T14:34:21.946Z,camera_0,1,4736.02,4156.48,579.54,110592.00,99.5,2000,null,null,120,640,480
2026-09-15T14:34:24.946Z,camera_0,1,633.18,0.00,633.18,110592.00,99.4,2000,null,null,120,640,480
2026-09-15T14:34:24.953Z,camera_1,1,0.00,0.00,0.00,110592.00,100.0,2000,null,null,120,640,480
2026-09-15T14:34:24.954Z,camera_0,1,5312.18,4678.99,633.18,110592.00,99.4,2000,null,null,120,640,480
2026-09-15T14:34:27.946Z,camera_1,1,0.00,0.00,0.00,110592.00,100.0,2000,null,null,120,640,480
2026-09-15T14:34:27.946Z,camera_0,1,5403.34,4677.41,725.93,110592.00,99.3,2000,null,null,120,640,480
2026-09-15T14:34:27.946Z,camera_0,1,725.93,0.00,725.93,110592.00,99.3,2000,null,null,120,640,480
2026-09-15T14:34:30.946Z,camera_0,1,830.71,0.00,830.71,110592.00,99.2,2000,null,null,120,640,480
2026-09-15T14:34:30.947Z,camera_1,1,0.00,0.00,0.00,110592.00,100.0,2000,null,null,120,640,480
2026-09-15T14:34:30.947Z,camera_0,1,3896.73,3066.02,830.71,110592.00,99.2,2000,null,null,120,640,480
2026-09-15T14:34:33.945Z,camera_0,1,556.98,0.00,556.98,147571.20,99.6,2000,null,null,30,854,480
2026-09-15T14:34:33.947Z,camera_1,1,0.00,0.00,0.00,147571.20,100.0,2000,null,null,30,854,480
2026-09-15T14:34:33.948Z,camera_0,1,4305.17,3748.19,556.98,147571.20,99.6,2000,null,null,30,854,480
2026-09-15T14:34:36.946Z,camera_0,1,424.63,0.00,424.63,147571.20,99.7,2000,null,null,30,854,480
2026-09-15T14:34:36.946Z,camera_1,1,0.00,0.00,0.00,147571.20,100.0,2000,null,null,30,854,480
2026-09-15T14:34:36.947Z,camera_0,1,3631.26,3206.63,424.63,147571.20,99.7,2000,null,null,30,854,480
2026-09-15T14:34:39.946Z,camera_0,1,861.29,0.00,861.29,147571.20,99.4,2000,null,null,30,854,480
2026-09-15T14:34:39.946Z,camera_1,1,0.00,0.00,0.00,147571.20,100.0,2000,null,null,30,854,480
2026-09-15T14:34:39.946Z,camera_0,1,2333.02,1471.73,861.29,147571.20,99.4,2000,null,null,30,854,480
2026-09-15T14:34:42.948Z,camera_0,1,112.30,0.00,112.30,110592.00,99.9,2000,null,null,120,640,480
2026-09-15T14:34:42.949Z,camera_1,1,0.00,0.00,0.00,110592.00,100.0,2000,null,null,120,640,480
2026-09-15T14:34:42.949Z,camera_0,1,3774.75,3662.45,112.30,110592.00,99.9,2000,null,null,120,640,480
2026-09-15T14:34:45.948Z,camera_0,1,733.89,0.00,733.89,110592.00,99.3,2000,null,null,120,640,480
2026-09-15T14:34:45.949Z,camera_1,1,0.00,0.00,0.00,110592.00,100.0,2000,null,null,120,640,480
2026-09-15T14:34:45.949Z,camera_0,1,4140.93,3407.05,733.89,110592.00,99.3,2000,null,null,120,640,480
2026-09-15T14:34:48.952Z,camera_0,1,466.24,0.00,466.24,110592.00,99.6,2000,null,null,120,640,480
2026-09-15T14:34:48.953Z,camera_1,1,0.00,0.00,0.00,110592.00,100.0,2000,null,null,120,640,480
2026-09-15T14:34:48.956Z,camera_0,1,3311.71,2845.47,466.24,110592.00,99.6,2000,null,null,120,640,480
2026-09-15T14:34:51.952Z,camera_0,1,538.43,0.00,538.43,110592.00,99.5,2000,null,null,120,640,480
2026-09-15T14:34:51.955Z,camera_1,1,0.00,0.00,0.00,110592.00,100.0,2000,null,null,120,640,480
2026-09-15T14:34:51.955Z,camera_0,1,5135.59,4597.15,538.43,110592.00,99.5,2000,null,null,120,640,480
2026-09-15T14:34:54.957Z,camera_0,1,893.38,0.00,893.38,110592.00,99.2,2000,null,null,120,640,480
2026-09-15T14:34:54.959Z,camera_1,1,0.00,0.00,0.00,110592.00,100.0,2000,null,null,120,640,480
2026-09-15T14:34:54.959Z,camera_0,1,5498.32,4604.94,893.38,110592.00,99.2,2000,null,null,120,640,480
2026-09-15T14:34:57.958Z,camera_0,1,935.49,0.00,935.49,110592.00,99.2,2000,null,null,120,640,480
2026-09-15T14:34:57.959Z,camera_1,1,0.00,0.00,0.00,110592.00,100.0,2000,null,null,120,640,480
2026-09-15T14:34:57.959Z,camera_0,1,4880.47,3944.98,935.49,110592.00,99.2,2000,null,null,120,640,480
2026-09-15T14:35:00.958Z,camera_0,1,685.82,0.00,685.82,110592.00,99.4,2000,null,null,120,640,480
2026-09-15T14:35:00.963Z,camera_1,1,0.00,0.00,0.00,110592.00,100.0,2000,null,null,120,640,480
2026-09-15T14:35:00.963Z,camera_0,1,4629.63,3943.81,685.82,110592.00,99.4,2000,null,null,120,640,480
2026-09-15T14:35:03.974Z,camera_0,1,573.53,0.00,573.53,110592.00,99.5,2000,null,null,120,640,480
2026-09-15T14:35:03.976Z,camera_1,1,0.00,0.00,0.00,110592.00,100.0,2000,null,null,120,640,480
2026-09-15T14:35:03.976Z,camera_0,1,5843.40,5269.88,573.53,110592.00,99.5,2000,null,null,120,640,480
2026-09-15T14:35:06.975Z,camera_0,1,264.70,0.00,264.70,110592.00,99.8,3500,null,null,120,640,480
2026-09-15T14:35:06.976Z,camera_1,1,0.00,0.00,0.00,110592.00,100.0,3500,null,null,120,640,480
2026-09-15T14:35:06.976Z,camera_0,1,2412.63,2147.93,264.70,110592.00,99.8,3500,null,null,120,640,480
2026-09-15T14:35:09.976Z,camera_0,1,234.62,0.00,234.62,110592.00,99.8,3500,null,null,120,640,480
2026-09-15T14:35:09.978Z,camera_1,1,0.00,0.00,0.00,110592.00,100.0,3500,null,null,120,640,480
2026-09-15T14:35:09.980Z,camera_0,1,2213.99,1979.36,234.62,110592.00,99.8,3500,null,null,120,640,480
2026-09-15T14:35:12.976Z,camera_0,1,181.98,0.00,181.98,110592.00,99.8,3500,null,null,120,640,480
2026-09-15T14:35:12.977Z,camera_1,1,0.00,0.00,0.00,110592.00,100.0,3500,null,null,120,640,480
2026-09-15T14:35:12.977Z,camera_0,1,2497.55,2315.57,181.98,110592.00,99.8,3500,null,null,120,640,480
2026-09-15T14:35:15.978Z,camera_0,1,224.10,0.00,224.10,110592.00,99.8,3500,null,null,120,640,480
2026-09-15T14:35:15.978Z,camera_1,1,0.00,0.00,0.00,110592.00,100.0,3500,null,null,120,640,480
2026-09-15T14:35:15.979Z,camera_0,1,2545.03,2320.94,224.10,110592.00,99.8,3500,null,null,120,640,480
2026-09-15T14:35:18.985Z,camera_0,1,305.81,0.00,305.81,110592.00,99.7,3500,null,null,120,640,480
2026-09-15T14:35:18.985Z,camera_1,1,0.00,0.00,0.00,110592.00,100.0,3500,null,null,120,640,480
2026-09-15T14:35:18.989Z,camera_0,1,2446.76,2140.94,305.81,110592.00,99.7,3500,null,null,120,640,480
2026-09-15T14:35:21.985Z,camera_0,1,420.12,0.00,420.12,110592.00,99.6,3500,null,null,120,640,480
2026-09-15T14:35:21.986Z,camera_1,1,0.00,0.00,0.00,110592.00,100.0,3500,null,null,120,640,480
2026-09-15T14:35:21.986Z,camera_0,1,1762.55,1342.43,420.12,110592.00,99.6,3500,null,null,120,640,480
2026-09-15T14:35:24.986Z,camera_0,1,396.55,0.00,396.55,110592.00,99.6,3500,null,null,120,640,480
2026-09-15T14:35:24.992Z,camera_1,1,0.00,0.00,0.00,110592.00,100.0,3500,null,null,120,640,480
2026-09-15T14:35:24.994Z,camera_0,1,1744.18,1347.62,396.55,110592.00,99.6,3500,null,null,120,640,480
2026-09-15T14:35:27.985Z,camera_0,1,708.89,0.00,708.89,110592.00,99.4,3500,null,null,120,640,480
2026-09-15T14:35:27.986Z,camera_1,1,0.00,0.00,0.00,110592.00,100.0,3500,null,null,120,640,480
2026-09-15T14:35:27.989Z,camera_0,1,4534.43,3825.54,708.89,110592.00,99.4,3500,null,null,120,640,480
2026-09-15T14:35:30.986Z,camera_0,1,425.63,0.00,425.63,110592.00,99.6,3500,null,null,120,640,480
2026-09-15T14:35:30.986Z,camera_1,1,0.00,0.00,0.00,110592.00,100.0,3500,null,null,120,640,480
2026-09-15T14:35:30.987Z,camera_0,1,4007.10,3581.47,425.63,110592.00,99.6,3500,null,null,120,640,480
2026-09-15T14:35:33.995Z,camera_0,1,481.78,0.00,481.78,110592.00,99.6,3500,null,null,120,640,480
2026-09-15T14:35:33.995Z,camera_1,1,0.00,0.00,0.00,110592.00,100.0,3500,null,null,120,640,480
2026-09-15T14:35:33.995Z,camera_0,1,4673.89,4192.11,481.78,110592.00,99.6,3500,null,null,120,640,480
2026-09-15T14:35:36.994Z,camera_0,1,435.66,0.00,435.66,110592.00,99.6,3500,null,null,120,640,480
2026-09-15T14:35:36.995Z,camera_1,1,0.00,0.00,0.00,110592.00,100.0,3500,null,null,120,640,480
2026-09-15T14:35:36.995Z,camera_0,1,3900.69,3465.03,435.66,110592.00,99.6,3500,null,null,120,640,480
2026-09-15T14:35:39.994Z,camera_0,1,570.02,0.00,570.02,110592.00,99.5,3500,null,null,120,640,480
2026-09-15T14:35:39.995Z,camera_1,1,0.00,0.00,0.00,110592.00,100.0,3500,null,null,120,640,480
2026-09-15T14:35:39.995Z,camera_0,1,4630.53,4060.51,570.02,110592.00,99.5,3500,null,null,120,640,480
2026-09-15T14:35:42.997Z,camera_0,1,657.75,0.00,657.75,110592.00,99.4,3500,null,null,120,640,480
2026-09-15T14:35:42.998Z,camera_1,1,0.00,0.00,0.00,110592.00,100.0,3500,null,null,120,640,480
2026-09-15T14:35:42.998Z,camera_0,1,4721.25,4063.50,657.75,110592.00,99.4,3500,null,null,120,640,480
2026-09-15T14:35:45.999Z,camera_0,1,674.79,0.00,674.79,110592.00,99.4,3500,null,null,120,640,480
2026-09-15T14:35:45.999Z,camera_1,1,0.00,0.00,0.00,110592.00,100.0,3500,null,null,120,640,480
2026-09-15T14:35:45.999Z,camera_0,1,4725.09,4050.29,674.79,110592.00,99.4,3500,null,null,120,640,480
2026-09-15T14:35:49.004Z,camera_0,1,715.40,0.00,715.40,110592.00,99.4,3500,null,null,120,640,480
2026-09-15T14:35:49.004Z,camera_1,1,0.00,0.00,0.00,110592.00,100.0,3500,null,null,120,640,480
2026-09-15T14:35:49.004Z,camera_0,1,5040.41,4325.01,715.40,110592.00,99.4,3500,null,null,120,640,480
2026-09-15T14:35:52.000Z,camera_0,1,732.45,0.00,732.45,110592.00,99.3,3500,null,null,120,640,480
2026-09-15T14:35:52.001Z,camera_1,1,0.00,0.00,0.00,110592.00,100.0,3500,null,null,120,640,480
2026-09-15T14:35:52.001Z,camera_0,1,4459.51,3727.06,732.45,110592.00,99.3,3500,null,null,120,640,480
2026-09-15T14:35:55.046Z,camera_0,1,567.51,0.00,567.51,110592.00,99.5,1500,null,null,120,640,480
2026-09-15T14:35:55.048Z,camera_1,1,0.00,0.00,0.00,110592.00,100.0,1500,null,null,120,640,480
2026-09-15T14:35:55.048Z,camera_0,1,4171.03,3603.52,567.51,110592.00,99.5,1500,null,null,120,640,480
2026-09-15T14:35:58.004Z,camera_0,1,698.36,0.00,698.36,110592.00,99.4,600,null,null,120,640,480
2026-09-15T14:35:58.005Z,camera_1,1,0.00,0.00,0.00,110592.00,100.0,600,null,null,120,640,480
2026-09-15T14:35:58.005Z,camera_0,1,4469.04,3770.68,698.36,110592.00,99.4,600,null,null,120,640,480
2026-09-15T14:36:01.006Z,camera_0,1,548.46,0.00,548.46,110592.00,99.5,600,null,null,120,640,480
2026-09-15T14:36:01.006Z,camera_1,1,0.00,0.00,0.00,110592.00,100.0,600,null,null,120,640,480
2026-09-15T14:36:01.008Z,camera_0,1,4503.90,3955.44,548.46,110592.00,99.5,600,null,null,120,640,480
2026-09-15T14:36:04.008Z,camera_0,1,623.66,0.00,623.66,110592.00,99.4,600,null,null,120,640,480
2026-09-15T14:36:04.009Z,camera_1,1,0.00,0.00,0.00,110592.00,100.0,600,null,null,120,640,480
2026-09-15T14:36:04.009Z,camera_0,1,4868.86,4245.20,623.66,110592.00,99.4,600,null,null,120,640,480
2026-09-15T14:36:07.006Z,camera_0,1,680.81,0.00,680.81,110592.00,99.4,600,null,null,120,640,480
2026-09-15T14:36:07.006Z,camera_1,1,0.00,0.00,0.00,110592.00,100.0,600,null,null,120,640,480
2026-09-15T14:36:07.006Z,camera_0,1,4033.37,3352.56,680.81,110592.00,99.4,600,null,null,120,640,480
2026-09-15T14:36:10.017Z,camera_0,1,620.65,0.00,620.65,110592.00,99.4,600,null,null,120,640,480
2026-09-15T14:36:10.017Z,camera_1,1,0.00,0.00,0.00,110592.00,100.0,600,null,null,120,640,480
2026-09-15T14:36:10.017Z,camera_0,1,4450.21,3829.56,620.65,110592.00,99.4,600,null,null,120,640,480
2026-09-15T14:36:13.018Z,camera_0,1,527.40,0.00,527.40,110592.00,99.5,600,null,null,120,640,480
2026-09-15T14:36:13.019Z,camera_1,1,0.00,0.00,0.00,110592.00,100.0,600,null,null,120,640,480
2026-09-15T14:36:13.019Z,camera_0,1,4965.15,4437.75,527.40,110592.00,99.5,600,null,null,120,640,480
2026-09-15T14:36:16.019Z,camera_0,1,670.78,0.00,670.78,110592.00,99.4,600,null,null,120,640,480
2026-09-15T14:36:16.019Z,camera_1,1,0.00,0.00,0.00,110592.00,100.0,600,null,null,120,640,480
2026-09-15T14:36:16.022Z,camera_0,1,3856.71,3185.92,670.78,110592.00,99.4,600,null,null,120,640,480
2026-09-15T14:36:19.019Z,camera_0,1,713.90,0.00,713.90,110592.00,99.4,600,null,null,120,640,480
2026-09-15T14:36:19.025Z,camera_1,1,0.00,0.00,0.00,110592.00,100.0,600,null,null,120,640,480
2026-09-15T14:36:19.025Z,camera_0,1,4621.50,3907.60,713.90,110592.00,99.4,600,null,null,120,640,480
2026-09-15T14:36:22.020Z,camera_0,1,551.47,0.00,551.47,110592.00,99.5,600,null,null,120,640,480
2026-09-15T14:36:22.024Z,camera_1,1,0.00,0.00,0.00,110592.00,100.0,600,null,null,120,640,480
2026-09-15T14:36:22.024Z,camera_0,1,4886.47,4335.01,551.47,110592.00,99.5,600,null,null,120,640,480
2026-09-15T14:36:25.021Z,camera_0,1,715.40,0.00,715.40,110592.00,99.4,600,null,null,120,640,480
2026-09-15T14:36:25.024Z,camera_1,1,0.00,0.00,0.00,110592.00,100.0,600,null,null,120,640,480
2026-09-15T14:36:25.024Z,camera_0,1,5455.33,4739.93,715.40,110592.00,99.4,600,null,null,120,640,480
2026-09-15T14:36:28.023Z,camera_0,1,821.18,0.00,821.18,110592.00,99.3,600,null,null,120,640,480
2026-09-15T14:36:28.024Z,camera_1,1,0.00,0.00,0.00,110592.00,100.0,600,null,null,120,640,480
2026-09-15T14:36:28.024Z,camera_0,1,4213.51,3392.33,821.18,110592.00,99.3,600,null,null,120,640,480
2026-09-15T14:36:31.022Z,camera_0,1,712.90,0.00,712.90,110592.00,99.4,600,null,null,120,640,480
2026-09-15T14:36:31.022Z,camera_1,1,0.00,0.00,0.00,110592.00,100.0,600,null,null,120,640,480
2026-09-15T14:36:31.023Z,camera_0,1,3818.02,3105.12,712.90,110592.00,99.4,600,null,null,120,640,480
2026-09-15T14:36:34.023Z,camera_0,1,705.88,0.00,705.88,110592.00,99.4,600,null,null,120,640,480
2026-09-15T14:36:34.023Z,camera_1,1,0.00,0.00,0.00,110592.00,100.0,600,null,null,120,640,480
2026-09-15T14:36:34.024Z,camera_0,1,2881.23,2175.35,705.88,110592.00,99.4,600,null,null,120,640,480
2026-09-15T14:36:37.026Z,camera_0,1,309.32,0.00,309.32,147571.20,99.8,600,null,null,30,854,480
2026-09-15T14:36:37.026Z,camera_1,1,0.00,0.00,0.00,147571.20,100.0,600,null,null,30,854,480
2026-09-15T14:36:37.026Z,camera_0,1,5207.47,4898.15,309.32,147571.20,99.8,600,null,null,30,854,480
2026-09-15T14:36:40.024Z,camera_0,1,921.45,0.00,921.45,147571.20,99.4,600,null,null,30,854,480
2026-09-15T14:36:40.026Z,camera_1,1,0.00,0.00,0.00,147571.20,100.0,600,null,null,30,854,480
2026-09-15T14:36:40.026Z,camera_0,1,3935.63,3014.18,921.45,147571.20,99.4,600,null,null,30,854,480
2026-09-15T14:36:43.025Z,camera_0,1,564.00,0.00,564.00,110592.00,99.5,600,null,null,120,640,480
2026-09-15T14:36:43.025Z,camera_1,1,0.00,0.00,0.00,110592.00,100.0,600,null,null,120,640,480
2026-09-15T14:36:43.026Z,camera_0,1,2082.79,1518.79,564.00,110592.00,99.5,600,null,null,120,640,480
2026-09-15T14:36:46.027Z,camera_0,1,697.35,0.00,697.35,110592.00,99.4,600,null,null,120,640,480
2026-09-15T14:36:46.027Z,camera_1,1,0.00,0.00,0.00,110592.00,100.0,600,null,null,120,640,480
2026-09-15T14:36:46.029Z,camera_0,1,6854.21,6156.85,697.35,110592.00,99.4,600,null,null,120,640,480
2026-09-15T14:36:49.026Z,camera_0,1,679.81,0.00,679.81,110592.00,99.4,600,null,null,120,640,480
2026-09-15T14:36:49.026Z,camera_1,1,0.00,0.00,0.00,110592.00,100.0,600,null,null,120,640,480
2026-09-15T14:36:49.027Z,camera_0,1,4494.27,3814.46,679.81,110592.00,99.4,600,null,null,120,640,480
2026-09-15T14:36:52.025Z,camera_0,1,711.39,0.00,711.39,110592.00,99.4,600,null,null,120,640,480
2026-09-15T14:36:52.026Z,camera_1,1,0.00,0.00,0.00,110592.00,100.0,600,null,null,120,640,480
2026-09-15T14:36:52.030Z,camera_0,1,3926.72,3215.33,711.39,110592.00,99.4,600,null,null,120,640,480
2026-09-15T14:36:55.039Z,camera_0,1,462.23,0.00,462.23,147571.20,99.7,600,null,null,30,854,480
2026-09-15T14:36:55.040Z,camera_1,1,0.00,0.00,0.00,147571.20,100.0,600,null,null,30,854,480
2026-09-15T14:36:55.040Z,camera_0,1,3568.24,3106.01,462.23,147571.20,99.7,600,null,null,30,854,480
2026-09-15T14:36:58.040Z,camera_0,1,482.28,0.00,482.28,147571.20,99.7,600,null,null,30,854,480
2026-09-15T14:36:58.040Z,camera_1,1,0.00,0.00,0.00,147571.20,100.0,600,null,null,30,854,480
2026-09-15T14:36:58.041Z,camera_0,1,3875.99,3393.70,482.28,147571.20,99.7,600,null,null,30,854,480
2026-09-15T14:37:01.041Z,camera_0,1,956.04,0.00,956.04,147571.20,99.4,600,null,null,30,854,480
2026-09-15T14:37:01.043Z,camera_1,1,0.00,0.00,0.00,147571.20,100.0,600,null,null,30,854,480
2026-09-15T14:37:01.043Z,camera_0,1,2100.58,1144.54,956.04,147571.20,99.4,600,null,null,30,854,480
2026-09-15T14:37:04.041Z,camera_0,1,74.20,0.00,74.20,110592.00,99.9,600,null,null,120,640,480
2026-09-15T14:37:04.041Z,camera_1,1,0.00,0.00,0.00,110592.00,100.0,600,null,null,120,640,480
2026-09-15T14:37:04.041Z,camera_0,1,5344.27,5270.07,74.20,110592.00,99.9,600,null,null,120,640,480
2026-09-15T14:37:07.041Z,camera_0,1,1044.28,0.00,1044.28,110592.00,99.1,600,null,null,120,640,480
2026-09-15T14:37:07.041Z,camera_1,1,0.00,0.00,0.00,110592.00,100.0,600,null,null,120,640,480
2026-09-15T14:37:07.041Z,camera_0,1,5992.74,4948.46,1044.28,110592.00,99.1,600,null,null,120,640,480
2026-09-15T14:37:10.042Z,camera_0,1,668.28,0.00,668.28,110592.00,99.4,600,null,null,120,640,480
2026-09-15T14:37:10.043Z,camera_1,1,0.00,0.00,0.00,110592.00,100.0,600,null,null,120,640,480
2026-09-15T14:37:10.043Z,camera_0,1,5804.73,5136.45,668.28,110592.00,99.4,600,null,null,120,640,480
2026-09-15T14:37:13.047Z,camera_0,1,754.51,0.00,754.51,110592.00,99.3,600,null,null,120,640,480
2026-09-15T14:37:13.047Z,camera_1,1,0.00,0.00,0.00,110592.00,100.0,600,null,null,120,640,480
2026-09-15T14:37:13.048Z,camera_0,1,3608.67,2854.16,754.51,110592.00,99.3,600,null,null,120,640,480
2026-09-15T14:37:16.048Z,camera_0,1,378.51,0.00,378.51,147571.20,99.7,600,null,null,30,854,480
2026-09-15T14:37:16.051Z,camera_1,1,0.00,0.00,0.00,147571.20,100.0,600,null,null,30,854,480
2026-09-15T14:37:16.051Z,camera_0,1,4657.07,4278.57,378.51,147571.20,99.7,600,null,null,30,854,480
2026-09-15T14:37:19.049Z,camera_0,1,815.17,0.00,815.17,147571.20,99.4,600,null,null,30,854,480
2026-09-15T14:37:19.049Z,camera_1,1,0.00,0.00,0.00,147571.20,100.0,600,null,null,30,854,480
2026-09-15T14:37:19.050Z,camera_0,1,4554.72,3739.55,815.17,147571.20,99.4,600,null,null,30,854,480
2026-09-15T14:37:22.048Z,camera_0,1,733.95,0.00,733.95,110592.00,99.3,600,null,null,120,640,480
2026-09-15T14:37:22.049Z,camera_1,1,0.00,0.00,0.00,110592.00,100.0,600,null,null,120,640,480
2026-09-15T14:37:22.049Z,camera_0,1,1440.56,706.61,733.95,110592.00,99.3,600,null,null,120,640,480
2026-09-15T14:37:25.048Z,camera_0,1,0.00,0.00,0.00,110592.00,100.0,600,null,null,120,640,480
2026-09-15T14:37:25.050Z,camera_1,1,0.00,0.00,0.00,110592.00,100.0,600,null,null,120,640,480
2026-09-15T14:37:25.050Z,camera_0,1,5913.14,5913.14,0.00,110592.00,100.0,600,null,null,120,640,480
2026-09-15T14:37:28.050Z,camera_0,1,1139.03,0.00,1139.03,110592.00,99.0,600,null,null,120,640,480
2026-09-15T14:37:28.060Z,camera_1,1,0.00,0.00,0.00,110592.00,100.0,600,null,null,120,640,480
2026-09-15T14:37:28.060Z,camera_0,1,5546.57,4407.54,1139.03,110592.00,99.0,600,null,null,120,640,480
2026-09-15T14:37:31.050Z,camera_0,1,601.10,0.00,601.10,110592.00,99.5,600,null,null,120,640,480
2026-09-15T14:37:31.053Z,camera_1,1,0.00,0.00,0.00,110592.00,100.0,600,null,null,120,640,480
2026-09-15T14:37:31.053Z,camera_0,1,5024.33,4423.23,601.10,110592.00,99.5,600,null,null,120,640,480
2026-09-15T14:37:34.051Z,camera_0,1,683.82,0.00,683.82,110592.00,99.4,600,null,null,120,640,480
2026-09-15T14:37:34.052Z,camera_1,1,0.00,0.00,0.00,110592.00,100.0,600,null,null,120,640,480
2026-09-15T14:37:34.052Z,camera_0,1,4576.93,3893.11,683.82,110592.00,99.4,600,null,null,120,640,480
2026-09-15T14:37:37.082Z,camera_0,1,682.31,0.00,682.31,110592.00,99.4,600,null,null,120,640,480
2026-09-15T14:37:37.086Z,camera_1,1,0.00,0.00,0.00,110592.00,100.0,600,null,null,120,640,480
2026-09-15T14:37:37.087Z,camera_0,1,4033.93,3351.61,682.31,110592.00,99.4,600,null,null,120,640,480
2026-09-15T14:37:40.083Z,camera_0,1,554.47,0.00,554.47,110592.00,99.5,600,null,null,120,640,480
2026-09-15T14:37:40.083Z,camera_1,1,0.00,0.00,0.00,110592.00,100.0,600,null,null,120,640,480
2026-09-15T14:37:40.083Z,camera_0,1,3456.89,2902.42,554.47,110592.00,99.5,600,null,null,120,640,480
2026-09-15T14:37:43.101Z,camera_0,1,491.31,0.00,491.31,110592.00,99.6,600,null,null,120,640,480
2026-09-15T14:37:43.101Z,camera_1,1,0.00,0.00,0.00,110592.00,100.0,600,null,null,120,640,480
2026-09-15T14:37:43.104Z,camera_0,1,5695.78,5204.48,491.31,110592.00,99.6,600,null,null,120,640,480
2026-09-15T14:37:46.101Z,camera_0,1,548.46,0.00,548.46,110592.00,99.5,600,null,null,120,640,480
2026-09-15T14:37:46.107Z,camera_1,1,0.00,0.00,0.00,110592.00,100.0,600,null,null,120,640,480
2026-09-15T14:37:46.108Z,camera_0,1,5052.42,4503.96,548.46,110592.00,99.5,600,null,null,120,640,480
2026-09-15T14:37:49.102Z,camera_0,1,804.14,0.00,804.14,110592.00,99.3,600,null,null,120,640,480
2026-09-15T14:37:49.103Z,camera_1,1,0.00,0.00,0.00,110592.00,100.0,600,null,null,120,640,480
2026-09-15T14:37:49.103Z,camera_0,1,5197.71,4393.57,804.14,110592.00,99.3,600,null,null,120,640,480
2026-09-15T14:37:52.102Z,camera_0,1,832.21,0.00,832.21,110592.00,99.2,600,null,null,120,640,480
2026-09-15T14:37:52.103Z,camera_1,1,0.00,0.00,0.00,110592.00,100.0,600,null,null,120,640,480
2026-09-15T14:37:52.103Z,camera_0,1,4789.76,3957.55,832.21,110592.00,99.2,600,null,null,120,640,480
2026-09-15T14:37:55.102Z,camera_0,1,738.46,0.00,738.46,110592.00,99.3,600,null,null,120,640,480
2026-09-15T14:37:55.112Z,camera_1,1,0.00,0.00,0.00,110592.00,100.0,600,null,null,120,640,480
2026-09-15T14:37:55.112Z,camera_0,1,5279.28,4540.82,738.46,110592.00,99.3,600,null,null,120,640,480
2026-09-15T14:37:58.104Z,camera_0,1,640.70,0.00,640.70,110592.00,99.4,600,null,null,120,640,480
2026-09-15T14:37:58.112Z,camera_1,1,0.00,0.00,0.00,110592.00,100.0,600,null,null,120,640,480
2026-09-15T14:37:58.113Z,camera_0,1,4894.67,4253.97,640.70,110592.00,99.4,600,null,null,120,640,480
2026-09-15T14:38:01.104Z,camera_0,1,975.59,0.00,975.59,110592.00,99.1,600,null,null,120,640,480
2026-09-15T14:38:01.104Z,camera_1,1,0.00,0.00,0.00,110592.00,100.0,600,null,null,120,640,480
2026-09-15T14:38:01.104Z,camera_0,1,2335.26,1359.67,975.59,110592.00,99.1,600,null,null,120,640,480
2026-09-15T14:38:04.106Z,camera_0,1,62.17,0.00,62.17,147571.20,100.0,600,null,null,30,854,480
2026-09-15T14:38:04.106Z,camera_1,1,0.00,0.00,0.00,147571.20,100.0,600,null,null,30,854,480
2026-09-15T14:38:04.107Z,camera_0,1,6829.16,6766.99,62.17,147571.20,100.0,600,null,null,30,854,480
2026-09-15T14:38:07.104Z,camera_0,1,1022.72,0.00,1022.72,147571.20,99.3,600,null,null,30,854,480
2026-09-15T14:38:07.105Z,camera_1,1,0.00,0.00,0.00,147571.20,100.0,600,null,null,30,854,480
2026-09-15T14:38:07.105Z,camera_0,1,3837.06,2814.34,1022.72,147571.20,99.3,600,null,null,30,854,480
2026-09-15T14:38:10.126Z,camera_0,1,451.20,0.00,451.20,147571.20,99.7,600,null,null,30,854,480
2026-09-15T14:38:10.126Z,camera_1,1,0.00,0.00,0.00,147571.20,100.0,600,null,null,30,854,480
2026-09-15T14:38:10.129Z,camera_0,1,4210.67,3759.47,451.20,147571.20,99.7,600,null,null,30,854,480
2026-09-15T14:38:13.126Z,camera_0,1,622.66,0.00,622.66,147571.20,99.6,600,null,null,30,854,480
2026-09-15T14:38:13.127Z,camera_1,1,0.00,0.00,0.00,147571.20,100.0,600,null,null,30,854,480
2026-09-15T14:38:13.127Z,camera_0,1,2624.87,2002.22,622.66,147571.20,99.6,600,null,null,30,854,480
2026-09-15T14:38:16.126Z,camera_0,1,241.64,0.00,241.64,110592.00,99.8,600,null,null,120,640,480
2026-09-15T14:38:16.126Z,camera_1,1,0.00,0.00,0.00,110592.00,100.0,600,null,null,120,640,480
2026-09-15T14:38:16.126Z,camera_0,1,4566.45,4324.81,241.64,110592.00,99.8,600,null,null,120,640,480
2026-09-15T14:38:19.126Z,camera_0,1,996.65,0.00,996.65,110592.00,99.1,600,null,null,120,640,480
2026-09-15T14:38:19.126Z,camera_1,1,0.00,0.00,0.00,110592.00,100.0,600,null,null,120,640,480
2026-09-15T14:38:19.129Z,camera_0,1,5323.65,4327.00,996.65,110592.00,99.1,600,null,null,120,640,480
2026-09-15T14:38:22.126Z,camera_0,1,824.69,0.00,824.69,110592.00,99.3,600,null,null,120,640,480
2026-09-15T14:38:22.126Z,camera_1,1,0.00,0.00,0.00,110592.00,100.0,600,null,null,120,640,480
2026-09-15T14:38:22.127Z,camera_0,1,6587.12,5762.43,824.69,110592.00,99.3,600,null,null,120,640,480
2026-09-15T14:38:25.128Z,camera_0,1,983.11,0.00,983.11,110592.00,99.1,600,null,null,120,640,480
2026-09-15T14:38:25.128Z,camera_1,1,0.00,0.00,0.00,110592.00,100.0,600,null,null,120,640,480
2026-09-15T14:38:25.129Z,camera_0,1,7167.09,6183.98,983.11,110592.00,99.1,600,null,null,120,640,480
2026-09-15T14:38:28.132Z,camera_0,1,921.45,0.00,921.45,110592.00,99.2,600,null,null,120,640,480
2026-09-15T14:38:28.132Z,camera_1,1,0.00,0.00,0.00,110592.00,100.0,600,null,null,120,640,480
2026-09-15T14:38:28.132Z,camera_0,1,6117.36,5195.91,921.45,110592.00,99.2,600,null,null,120,640,480
2026-09-15T14:38:31.131Z,camera_0,1,693.85,0.00,693.85,110592.00,99.4,600,null,null,120,640,480
2026-09-15T14:38:31.132Z,camera_1,1,0.00,0.00,0.00,110592.00,100.0,600,null,null,120,640,480
2026-09-15T14:38:31.132Z,camera_0,1,5059.94,4366.10,693.85,110592.00,99.4,600,null,null,120,640,480
2026-09-15T14:38:34.131Z,camera_0,1,793.11,0.00,793.11,110592.00,99.3,600,null,null,120,640,480
2026-09-15T14:38:34.132Z,camera_1,1,0.00,0.00,0.00,110592.00,100.0,600,null,null,120,640,480
2026-09-15T14:38:34.132Z,camera_0,1,7570.27,6777.16,793.11,110592.00,99.3,600,null,null,120,640,480
2026-09-15T14:38:37.132Z,camera_0,1,1282.91,0.00,1282.91,110592.00,98.8,600,null,null,120,640,480
2026-09-15T14:38:37.135Z,camera_1,1,0.00,0.00,0.00,110592.00,100.0,600,null,null,120,640,480
2026-09-15T14:38:37.135Z,camera_0,1,8052.55,6769.64,1282.91,110592.00,98.8,600,null,null,120,640,480
2026-09-15T14:38:40.131Z,camera_0,1,1058.82,0.00,1058.82,110592.00,99.0,600,null,null,120,640,480
2026-09-15T14:38:40.133Z,camera_1,1,0.00,0.00,0.00,110592.00,100.0,600,null,null,120,640,480
2026-09-15T14:38:40.133Z,camera_0,1,7500.03,6441.22,1058.82,110592.00,99.0,600,null,null,120,640,480
2026-09-15T14:38:43.131Z,camera_0,1,965.07,0.00,965.07,110592.00,99.1,600,null,null,120,640,480
2026-09-15T14:38:43.132Z,camera_1,1,0.00,0.00,0.00,110592.00,100.0,600,null,null,120,640,480
2026-09-15T14:38:43.132Z,camera_0,1,7732.87,6767.80,965.07,110592.00,99.1,600,null,null,120,640,480
2026-09-15T14:38:46.132Z,camera_0,1,1133.51,0.00,1133.51,110592.00,99.0,600,null,null,120,640,480
2026-09-15T14:38:46.135Z,camera_1,1,0.00,0.00,0.00,110592.00,100.0,600,null,null,120,640,480
2026-09-15T14:38:46.135Z,camera_0,1,5286.66,4153.14,1133.51,110592.00,99.0,600,null,null,120,640,480
2026-09-15T14:38:49.131Z,camera_0,1,600.60,0.00,600.60,147571.20,99.6,600,null,null,30,854,480
2026-09-15T14:38:49.132Z,camera_1,1,0.00,0.00,0.00,147571.20,100.0,600,null,null,30,854,480
2026-09-15T14:38:49.132Z,camera_0,1,4370.23,3769.63,600.60,147571.20,99.6,600,null,null,30,854,480
2026-09-15T14:38:52.132Z,camera_0,1,747.16,0.00,747.16,147571.20,99.5,600,null,null,30,854,480
2026-09-15T14:38:52.133Z,camera_1,1,0.00,0.00,0.00,147571.20,100.0,600,null,null,30,854,480
2026-09-15T14:38:52.133Z,camera_0,1,3124.31,2377.16,747.16,147571.20,99.5,600,null,null,30,854,480
2026-09-15T14:38:55.133Z,camera_0,1,823.19,0.00,823.19,147571.20,99.4,600,null,null,30,854,480
2026-09-15T14:38:55.133Z,camera_1,1,0.00,0.00,0.00,147571.20,100.0,600,null,null,30,854,480
2026-09-15T14:38:55.133Z,camera_0,1,1482.06,658.87,823.19,147571.20,99.4,600,null,null,30,854,480
2026-09-15T14:38:58.140Z,camera_0,1,0.00,0.00,0.00,110592.00,100.0,600,null,null,120,640,480
2026-09-15T14:38:58.140Z,camera_1,1,0.00,0.00,0.00,110592.00,100.0,600,null,null,120,640,480
2026-09-15T14:38:58.140Z,camera_0,1,2969.54,2969.54,0.00,110592.00,100.0,600,null,null,120,640,480
2026-09-15T14:39:01.141Z,camera_0,1,1015.70,0.00,1015.70,110592.00,99.1,600,null,null,120,640,480
2026-09-15T14:39:01.147Z,camera_1,1,0.00,0.00,0.00,110592.00,100.0,600,null,null,120,640,480
2026-09-15T14:39:01.147Z,camera_0,1,3536.15,2520.45,1015.70,110592.00,99.1,600,null,null,120,640,480
2026-09-15T14:39:04.146Z,camera_0,1,832.71,0.00,832.71,110592.00,99.2,600,null,null,120,640,480
2026-09-15T14:39:04.146Z,camera_1,1,0.00,0.00,0.00,110592.00,100.0,600,null,null,120,640,480
2026-09-15T14:39:04.147Z,camera_0,1,3621.45,2788.74,832.71,110592.00,99.2,600,null,null,120,640,480
2026-09-15T14:39:07.147Z,camera_0,1,877.33,0.00,877.33,110592.00,99.2,600,null,null,120,640,480
2026-09-15T14:39:07.147Z,camera_1,1,0.00,0.00,0.00,110592.00,100.0,600,null,null,120,640,480
2026-09-15T14:39:07.148Z,camera_0,1,3765.61,2888.27,877.33,110592.00,99.2,600,null,null,120,640,480
2026-09-15T14:39:10.148Z,camera_0,1,779.07,0.00,779.07,110592.00,99.3,600,null,null,120,640,480
2026-09-15T14:39:10.148Z,camera_1,1,0.00,0.00,0.00,110592.00,100.0,600,null,null,120,640,480
2026-09-15T14:39:10.149Z,camera_0,1,2648.37,1869.30,779.07,110592.00,99.3,600,null,null,120,640,480
2026-09-15T14:39:13.147Z,camera_0,1,595.08,0.00,595.08,110592.00,99.5,600,null,null,120,640,480
2026-09-15T14:39:13.150Z,camera_1,1,0.00,0.00,0.00,110592.00,100.0,600,null,null,120,640,480
2026-09-15T14:39:13.150Z,camera_0,1,2689.50,2094.42,595.08,110592.00,99.5,600,null,null,120,640,480
2026-09-15T14:39:16.150Z,camera_0,1,645.22,0.00,645.22,110592.00,99.4,600,null,null,120,640,480
2026-09-15T14:39:16.150Z,camera_1,1,0.00,0.00,0.00,110592.00,100.0,600,null,null,120,640,480
2026-09-15T14:39:16.150Z,camera_0,1,2672.89,2027.67,645.22,110592.00,99.4,600,null,null,120,640,480
2026-09-15T14:39:19.151Z,camera_0,1,728.44,0.00,728.44,110592.00,99.3,600,null,null,120,640,480
2026-09-15T14:39:19.152Z,camera_1,1,0.00,0.00,0.00,110592.00,100.0,600,null,null,120,640,480
2026-09-15T14:39:19.152Z,camera_0,1,2869.48,2141.04,728.44,110592.00,99.3,600,null,null,120,640,480
2026-09-15T14:39:22.153Z,camera_0,1,740.47,0.00,740.47,110592.00,99.3,600,null,null,120,640,480
2026-09-15T14:39:22.154Z,camera_1,1,0.00,0.00,0.00,110592.00,100.0,600,null,null,120,640,480
2026-09-15T14:39:22.154Z,camera_0,1,2776.33,2035.86,740.47,110592.00,99.3,600,null,null,120,640,480
2026-09-15T14:39:25.153Z,camera_0,1,792.11,0.00,792.11,110592.00,99.3,600,null,null,120,640,480
2026-09-15T14:39:25.153Z,camera_1,1,0.00,0.00,0.00,110592.00,100.0,600,null,null,120,640,480
2026-09-15T14:39:25.157Z,camera_0,1,2421.84,1629.74,792.11,110592.00,99.3,600,null,null,120,640,480
2026-09-15T14:39:28.156Z,camera_1,1,0.00,0.00,0.00,147571.20,100.0,600,null,null,30,854,480
2026-09-15T14:39:28.156Z,camera_0,1,816.17,0.00,816.17,147571.20,99.4,600,null,null,30,854,480
2026-09-15T14:39:28.252Z,camera_0,1,2900.08,2083.91,816.17,147571.20,99.4,600,null,null,30,854,480
2026-09-15T14:39:31.153Z,camera_0,1,769.05,0.00,769.05,147571.20,99.5,600,null,null,30,854,480
2026-09-15T14:39:31.155Z,camera_1,1,0.00,0.00,0.00,147571.20,100.0,600,null,null,30,854,480
2026-09-15T14:39:31.155Z,camera_0,1,2234.91,1465.86,769.05,147571.20,99.5,600,null,null,30,854,480
2026-09-15T14:39:34.153Z,camera_0,1,548.46,0.00,548.46,110592.00,99.5,600,null,null,120,640,480
2026-09-15T14:39:34.154Z,camera_1,1,0.00,0.00,0.00,110592.00,100.0,600,null,null,120,640,480
2026-09-15T14:39:34.154Z,camera_0,1,1896.97,1348.51,548.46,110592.00,99.5,600,null,null,120,640,480
2026-09-15T14:39:37.155Z,camera_0,1,560.99,0.00,560.99,110592.00,99.5,600,null,null,120,640,480
2026-09-15T14:39:37.155Z,camera_1,1,0.00,0.00,0.00,110592.00,100.0,600,null,null,120,640,480
2026-09-15T14:39:37.155Z,camera_0,1,2637.35,2076.36,560.99,110592.00,99.5,600,null,null,120,640,480
2026-09-15T14:39:40.154Z,camera_0,1,931.48,0.00,931.48,110592.00,99.2,600,null,null,120,640,480
2026-09-15T14:39:40.157Z,camera_1,1,0.00,0.00,0.00,110592.00,100.0,600,null,null,120,640,480
2026-09-15T14:39:40.157Z,camera_0,1,3120.96,2189.48,931.48,110592.00,99.2,600,null,null,120,640,480
2026-09-15T14:39:43.155Z,camera_0,1,877.83,0.00,877.83,110592.00,99.2,600,null,null,120,640,480
2026-09-15T14:39:43.158Z,camera_1,1,0.00,0.00,0.00,110592.00,100.0,600,null,null,120,640,480
2026-09-15T14:39:43.158Z,camera_0,1,2930.33,2052.49,877.83,110592.00,99.2,600,null,null,120,640,480
2026-09-15T14:39:46.157Z,camera_0,1,694.85,0.00,694.85,110592.00,99.4,600,null,null,120,640,480
2026-09-15T14:39:46.157Z,camera_1,1,0.00,0.00,0.00,110592.00,100.0,600,null,null,120,640,480
2026-09-15T14:39:46.158Z,camera_0,1,2232.40,1537.55,694.85,110592.00,99.4,600,null,null,120,640,480
2026-09-15T14:39:49.178Z,camera_0,1,719.91,0.00,719.91,110592.00,99.3,600,null,null,120,640,480
2026-09-15T14:39:49.179Z,camera_1,1,0.00,0.00,0.00,110592.00,100.0,600,null,null,120,640,480
2026-09-15T14:39:49.179Z,camera_0,1,2367.55,1647.64,719.91,110592.00,99.3,600,null,null,120,640,480
2026-09-15T14:39:52.179Z,camera_0,1,510.36,0.00,510.36,110592.00,99.5,600,null,null,120,640,480
2026-09-15T14:39:52.180Z,camera_1,1,0.00,0.00,0.00,110592.00,100.0,600,null,null,120,640,480
2026-09-15T14:39:52.180Z,camera_0,1,1748.94,1238.59,510.36,110592.00,99.5,600,null,null,120,640,480
2026-09-15T14:39:55.199Z,camera_0,1,749.49,0.00,749.49,110592.00,99.3,600,null,null,120,640,480
2026-09-15T14:39:55.199Z,camera_1,1,0.00,0.00,0.00,110592.00,100.0,600,null,null,120,640,480
2026-09-15T14:39:55.207Z,camera_0,1,2412.97,1663.48,749.49,110592.00,99.3,600,null,null,120,640,480
2026-09-15T14:39:58.198Z,camera_0,1,658.25,0.00,658.25,110592.00,99.4,600,null,null,120,640,480
2026-09-15T14:39:58.204Z,camera_1,1,0.00,0.00,0.00,110592.00,100.0,600,null,null,120,640,480
2026-09-15T14:39:58.204Z,camera_0,1,2089.71,1431.46,658.25,110592.00,99.4,600,null,null,120,640,480
2026-09-15T14:40:01.198Z,camera_0,1,1144.54,0.00,1144.54,110592.00,99.0,600,null,null,120,640,480
2026-09-15T14:40:01.198Z,camera_1,1,0.00,0.00,0.00,110592.00,100.0,600,null,null,120,640,480
2026-09-15T14:40:01.199Z,camera_0,1,1680.55,536.00,1144.54,110592.00,99.0,600,null,null,120,640,480
2026-09-15T14:40:04.198Z,camera_0,1,0.00,0.00,0.00,147571.20,100.0,600,null,null,30,854,480
2026-09-15T14:40:04.199Z,camera_1,1,0.00,0.00,0.00,147571.20,100.0,600,null,null,30,854,480
2026-09-15T14:40:04.199Z,camera_0,1,1954.68,1954.68,0.00,147571.20,100.0,600,null,null,30,854,480
2026-09-15T14:40:07.200Z,camera_0,1,270.72,0.00,270.72,147571.20,99.8,600,null,null,30,854,480
2026-09-15T14:40:07.200Z,camera_1,1,0.00,0.00,0.00,147571.20,100.0,600,null,null,30,854,480
2026-09-15T14:40:07.201Z,camera_0,1,2100.97,1830.25,270.72,147571.20,99.8,600,null,null,30,854,480
2026-09-15T14:40:10.199Z,camera_0,1,719.91,0.00,719.91,147571.20,99.5,600,null,null,30,854,480
2026-09-15T14:40:10.200Z,camera_1,1,0.00,0.00,0.00,147571.20,100.0,600,null,null,30,854,480
2026-09-15T14:40:10.203Z,camera_0,1,1374.17,654.25,719.91,147571.20,99.5,600,null,null,30,854,480
2026-09-15T14:40:13.233Z,camera_0,1,171.96,0.00,171.96,147571.20,99.9,600,null,null,30,854,480
2026-09-15T14:40:13.233Z,camera_1,1,0.00,0.00,0.00,147571.20,100.0,600,null,null,30,854,480
2026-09-15T14:40:13.233Z,camera_0,1,2294.86,2122.90,171.96,147571.20,99.9,600,null,null,30,854,480
2026-09-15T14:40:16.233Z,camera_0,1,375.00,0.00,375.00,147571.20,99.7,600,null,null,30,854,480
2026-09-15T14:40:16.234Z,camera_1,1,0.00,0.00,0.00,147571.20,100.0,600,null,null,30,854,480
2026-09-15T14:40:16.235Z,camera_0,1,1958.03,1583.03,375.00,147571.20,99.7,600,null,null,30,854,480
2026-09-15T14:40:19.232Z,camera_0,1,622.66,0.00,622.66,110592.00,99.4,600,null,null,120,640,480
2026-09-15T14:40:19.233Z,camera_1,1,0.00,0.00,0.00,110592.00,100.0,600,null,null,120,640,480
2026-09-15T14:40:19.233Z,camera_0,1,1145.80,523.14,622.66,110592.00,99.4,600,null,null,120,640,480
2026-09-15T14:40:22.233Z,camera_0,1,0.00,0.00,0.00,110592.00,100.0,600,null,null,120,640,480
2026-09-15T14:40:22.234Z,camera_1,1,0.00,0.00,0.00,110592.00,100.0,600,null,null,120,640,480
2026-09-15T14:40:22.235Z,camera_0,1,2074.26,2074.26,0.00,110592.00,100.0,600,null,null,120,640,480
2026-09-15T14:40:25.237Z,camera_0,1,666.77,0.00,666.77,110592.00,99.4,600,null,null,120,640,480
2026-09-15T14:40:25.239Z,camera_1,1,0.00,0.00,0.00,110592.00,100.0,600,null,null,120,640,480
2026-09-15T14:40:25.240Z,camera_0,1,2218.03,1551.26,666.77,110592.00,99.4,600,null,null,120,640,480
2026-09-15T14:40:28.269Z,camera_0,1,720.92,0.00,720.92,110592.00,99.3,600,null,null,120,640,480
2026-09-15T14:40:28.269Z,camera_1,1,0.00,0.00,0.00,110592.00,100.0,600,null,null,120,640,480
2026-09-15T14:40:28.273Z,camera_0,1,2378.85,1657.93,720.92,110592.00,99.3,600,null,null,120,640,480
2026-09-15T14:40:31.270Z,camera_0,1,557.98,0.00,557.98,110592.00,99.5,600,null,null,120,640,480
2026-09-15T14:40:31.271Z,camera_1,1,0.00,0.00,0.00,110592.00,100.0,600,null,null,120,640,480
2026-09-15T14:40:31.272Z,camera_0,1,1916.27,1358.29,557.98,110592.00,99.5,600,null,null,120,640,480
2026-09-15T14:40:34.271Z,camera_0,1,896.89,0.00,896.89,110592.00,99.2,600,null,null,120,640,480
2026-09-15T14:40:34.277Z,camera_1,1,0.00,0.00,0.00,110592.00,100.0,600,null,null,120,640,480
2026-09-15T14:40:34.277Z,camera_0,1,1913.63,1016.74,896.89,110592.00,99.2,600,null,null,120,640,480
2026-09-15T14:40:37.272Z,camera_0,1,410.59,0.00,410.59,147571.20,99.7,600,null,null,30,854,480
2026-09-15T14:40:37.273Z,camera_1,1,0.00,0.00,0.00,147571.20,100.0,600,null,null,30,854,480
2026-09-15T14:40:37.274Z,camera_0,1,2421.51,2010.92,410.59,147571.20,99.7,600,null,null,30,854,480
2026-09-15T14:40:40.270Z,camera_0,1,463.23,0.00,463.23,147571.20,99.7,600,null,null,30,854,480
2026-09-15T14:40:40.271Z,camera_1,1,0.00,0.00,0.00,147571.20,100.0,600,null,null,30,854,480
2026-09-15T14:40:40.271Z,camera_0,1,2139.50,1676.27,463.23,147571.20,99.7,600,null,null,30,854,480
2026-09-15T14:40:43.271Z,camera_0,1,597.09,0.00,597.09,110592.00,99.5,600,null,null,120,640,480
2026-09-15T14:40:43.271Z,camera_1,1,0.00,0.00,0.00,110592.00,100.0,600,null,null,120,640,480
2026-09-15T14:40:43.271Z,camera_0,1,1319.83,722.74,597.09,110592.00,99.5,600,null,null,120,640,480
2026-09-15T14:40:46.273Z,camera_0,1,0.00,0.00,0.00,110592.00,100.0,600,null,null,120,640,480
2026-09-15T14:40:46.273Z,camera_1,1,0.00,0.00,0.00,110592.00,100.0,600,null,null,120,640,480
2026-09-15T14:40:46.276Z,camera_0,1,1960.51,1960.51,0.00,110592.00,100.0,600,null,null,120,640,480
2026-09-15T14:40:49.274Z,camera_0,1,752.50,0.00,752.50,110592.00,99.3,600,null,null,120,640,480
2026-09-15T14:40:49.274Z,camera_1,1,0.00,0.00,0.00,110592.00,100.0,600,null,null,120,640,480
2026-09-15T14:40:49.275Z,camera_0,1,2307.64,1555.14,752.50,110592.00,99.3,600,null,null,120,640,480
2026-09-15T14:40:52.326Z,camera_0,1,725.43,0.00,725.43,110592.00,99.3,600,null,null,120,640,480
2026-09-15T14:40:52.326Z,camera_1,1,0.00,0.00,0.00,110592.00,100.0,600,null,null,120,640,480
2026-09-15T14:40:52.333Z,camera_0,1,2383.25,1657.82,725.43,110592.00,99.3,600,null,null,120,640,480
2026-09-15T14:40:55.323Z,camera_0,1,658.25,0.00,658.25,110592.00,99.4,600,null,null,120,640,480
2026-09-15T14:40:55.324Z,camera_1,1,0.00,0.00,0.00,110592.00,100.0,600,null,null,120,640,480
2026-09-15T14:40:55.324Z,camera_0,1,2107.93,1449.68,658.25,110592.00,99.4,600,null,null,120,640,480
2026-09-15T14:40:58.333Z,camera_0,1,718.91,0.00,718.91,110592.00,99.3,600,null,null,120,640,480
2026-09-15T14:40:58.333Z,camera_1,1,0.00,0.00,0.00,110592.00,100.0,600,null,null,120,640,480
2026-09-15T14:40:58.334Z,camera_0,1,2382.38,1663.46,718.91,110592.00,99.3,600,null,null,120,640,480
2026-09-15T14:41:01.338Z,camera_0,1,641.71,0.00,641.71,110592.00,99.4,600,null,null,120,640,480
2026-09-15T14:41:01.338Z,camera_1,1,0.00,0.00,0.00,110592.00,100.0,600,null,null,120,640,480
2026-09-15T14:41:01.339Z,camera_0,1,2093.59,1451.88,641.71,110592.00,99.4,600,null,null,120,640,480
2026-09-15T14:41:04.372Z,camera_0,1,672.29,0.00,672.29,110592.00,99.4,600,null,null,120,640,480
2026-09-15T14:41:04.377Z,camera_1,1,0.00,0.00,0.00,110592.00,100.0,600,null,null,120,640,480
2026-09-15T14:41:04.377Z,camera_0,1,2234.44,1562.15,672.29,110592.00,99.4,600,null,null,120,640,480
2026-09-15T14:41:07.377Z,camera_0,1,684.82,0.00,684.82,110592.00,99.4,600,null,null,120,640,480
2026-09-15T14:41:07.379Z,camera_1,1,0.00,0.00,0.00,110592.00,100.0,600,null,null,120,640,480
2026-09-15T14:41:07.381Z,camera_0,1,2142.66,1457.84,684.82,110592.00,99.4,600,null,null,120,640,480
2026-09-15T14:41:10.384Z,camera_0,1,717.91,0.00,717.91,110592.00,99.4,600,null,null,120,640,480
2026-09-15T14:41:10.384Z,camera_1,1,0.00,0.00,0.00,110592.00,100.0,600,null,null,120,640,480
2026-09-15T14:41:10.385Z,camera_0,1,2328.69,1610.78,717.91,110592.00,99.4,600,null,null,120,640,480
2026-09-15T14:41:13.383Z,camera_0,1,1130.01,0.00,1130.01,110592.00,99.0,600,null,null,120,640,480
2026-09-15T14:41:13.383Z,camera_1,1,0.00,0.00,0.00,110592.00,100.0,600,null,null,120,640,480
2026-09-15T14:41:13.384Z,camera_0,1,1337.27,207.26,1130.01,110592.00,99.0,600,null,null,120,640,480
2026-09-15T14:41:16.388Z,camera_1,1,0.00,0.00,0.00,147571.20,100.0,600,null,null,30,854,480
2026-09-15T14:41:16.389Z,camera_0,1,2808.62,2808.62,0.00,147571.20,100.0,600,null,null,30,854,480
2026-09-15T14:41:16.388Z,camera_0,1,0.00,0.00,0.00,147571.20,100.0,600,null,null,30,854,480
2026-09-15T14:41:19.389Z,camera_0,1,631.68,0.00,631.68,147571.20,99.6,600,null,null,30,854,480
2026-09-15T14:41:19.390Z,camera_1,1,0.00,0.00,0.00,147571.20,100.0,600,null,null,30,854,480
2026-09-15T14:41:19.390Z,camera_0,1,1497.51,865.83,631.68,147571.20,99.6,600,null,null,30,854,480
2026-09-15T14:41:22.393Z,camera_0,1,252.17,0.00,252.17,110592.00,99.8,600,null,null,120,640,480
2026-09-15T14:41:22.394Z,camera_1,1,0.00,0.00,0.00,110592.00,100.0,600,null,null,120,640,480
2026-09-15T14:41:22.394Z,camera_0,1,1085.41,833.24,252.17,110592.00,99.8,600,null,null,120,640,480
2026-09-15T14:41:25.416Z,camera_0,1,213.07,0.00,213.07,110592.00,99.8,600,null,null,120,640,480
2026-09-15T14:41:25.419Z,camera_1,1,0.00,0.00,0.00,110592.00,100.0,600,null,null,120,640,480
2026-09-15T14:41:25.419Z,camera_0,1,2198.31,1985.25,213.07,110592.00,99.8,600,null,null,120,640,480
2026-09-15T14:41:28.417Z,camera_0,1,968.58,0.00,968.58,110592.00,99.1,600,null,null,120,640,480
2026-09-15T14:41:28.417Z,camera_1,1,0.00,0.00,0.00,110592.00,100.0,600,null,null,120,640,480
2026-09-15T14:41:28.419Z,camera_0,1,2965.10,1996.53,968.58,110592.00,99.1,600,null,null,120,640,480
2026-09-15T14:41:31.418Z,camera_0,1,923.96,0.00,923.96,110592.00,99.2,600,null,null,120,640,480
2026-09-15T14:41:31.419Z,camera_1,1,0.00,0.00,0.00,110592.00,100.0,600,null,null,120,640,480
2026-09-15T14:41:31.419Z,camera_0,1,2995.90,2071.94,923.96,110592.00,99.2,600,null,null,120,640,480
2026-09-15T14:41:34.434Z,camera_0,1,894.38,0.00,894.38,110592.00,99.2,600,null,null,120,640,480
2026-09-15T14:41:34.435Z,camera_1,1,0.00,0.00,0.00,110592.00,100.0,600,null,null,120,640,480
2026-09-15T14:41:34.435Z,camera_0,1,3504.93,2610.55,894.38,110592.00,99.2,600,null,null,120,640,480
2026-09-15T14:41:37.435Z,camera_0,1,823.19,0.00,823.19,110592.00,99.3,600,null,null,120,640,480
2026-09-15T14:41:37.435Z,camera_1,1,0.00,0.00,0.00,110592.00,100.0,600,null,null,120,640,480
2026-09-15T14:41:37.435Z,camera_0,1,3087.62,2264.43,823.19,110592.00,99.3,600,null,null,120,640,480
2026-09-15T14:41:40.435Z,camera_0,1,962.56,0.00,962.56,110592.00,99.1,600,null,null,120,640,480
2026-09-15T14:41:40.444Z,camera_1,1,0.00,0.00,0.00,110592.00,100.0,600,null,null,120,640,480
2026-09-15T14:41:40.445Z,camera_0,1,3042.22,2079.66,962.56,110592.00,99.1,600,null,null,120,640,480
2026-09-15T14:41:43.441Z,camera_0,1,1136.52,0.00,1136.52,110592.00,99.0,600,null,null,120,640,480
2026-09-15T14:41:43.441Z,camera_1,1,0.00,0.00,0.00,110592.00,100.0,600,null,null,120,640,480
2026-09-15T14:41:43.441Z,camera_0,1,3308.08,2171.56,1136.52,110592.00,99.0,600,null,null,120,640,480
2026-09-15T14:41:46.441Z,camera_0,1,972.09,0.00,972.09,110592.00,99.1,600,null,null,120,640,480
2026-09-15T14:41:46.443Z,camera_1,1,0.00,0.00,0.00,110592.00,100.0,600,null,null,120,640,480
2026-09-15T14:41:46.444Z,camera_0,1,3039.84,2067.75,972.09,110592.00,99.1,600,null,null,120,640,480
2026-09-15T14:41:49.452Z,camera_0,1,884.85,0.00,884.85,110592.00,99.2,600,null,null,120,640,480
2026-09-15T14:41:49.453Z,camera_1,1,0.00,0.00,0.00,110592.00,100.0,600,null,null,120,640,480
2026-09-15T14:41:49.453Z,camera_0,1,3382.33,2497.47,884.85,110592.00,99.2,600,null,null,120,640,480
2026-09-15T14:41:52.464Z,camera_0,1,913.43,0.00,913.43,110592.00,99.2,600,null,null,120,640,480
2026-09-15T14:41:52.465Z,camera_1,1,0.00,0.00,0.00,110592.00,100.0,600,null,null,120,640,480
2026-09-15T14:41:52.465Z,camera_0,1,3250.33,2336.90,913.43,110592.00,99.2,600,null,null,120,640,480
2026-09-15T14:41:55.467Z,camera_0,1,991.64,0.00,991.64,110592.00,99.1,600,null,null,120,640,480
2026-09-15T14:41:55.468Z,camera_1,1,0.00,0.00,0.00,110592.00,100.0,600,null,null,120,640,480
2026-09-15T14:41:55.468Z,camera_0,1,3058.64,2067.00,991.64,110592.00,99.1,600,null,null,120,640,480
2026-09-15T14:41:58.465Z,camera_1,1,0.00,0.00,0.00,110592.00,100.0,600,null,null,120,640,480
2026-09-15T14:41:58.466Z,camera_0,1,3059.60,2074.48,985.12,110592.00,99.1,600,null,null,120,640,480
2026-09-15T14:41:58.465Z,camera_0,1,985.12,0.00,985.12,110592.00,99.1,600,null,null,120,640,480
2026-09-15T14:42:01.464Z,camera_0,1,1074.36,0.00,1074.36,110592.00,99.0,600,null,null,120,640,480
2026-09-15T14:42:01.464Z,camera_1,1,0.00,0.00,0.00,110592.00,100.0,600,null,null,120,640,480
2026-09-15T14:42:01.465Z,camera_0,1,3149.76,2075.41,1074.36,110592.00,99.0,600,null,null,120,640,480
2026-09-15T14:42:04.492Z,camera_1,1,0.00,0.00,0.00,110592.00,100.0,600,null,null,120,640,480
2026-09-15T14:42:04.492Z,camera_0,1,979.61,0.00,979.61,110592.00,99.1,600,null,null,120,640,480
2026-09-15T14:42:04.493Z,camera_0,1,3244.30,2264.69,979.61,110592.00,99.1,600,null,null,120,640,480
2026-09-15T14:42:07.493Z,camera_0,1,914.93,0.00,914.93,110592.00,99.2,600,null,null,120,640,480
2026-09-15T14:42:07.493Z,camera_1,1,0.00,0.00,0.00,110592.00,100.0,600,null,null,120,640,480
2026-09-15T14:42:07.494Z,camera_0,1,2882.71,1967.78,914.93,110592.00,99.2,600,null,null,120,640,480
2026-09-15T14:42:10.495Z,camera_0,1,973.59,0.00,973.59,110592.00,99.1,600,null,null,120,640,480
2026-09-15T14:42:10.496Z,camera_1,1,0.00,0.00,0.00,110592.00,100.0,600,null,null,120,640,480
2026-09-15T14:42:10.496Z,camera_0,1,2909.15,1935.57,973.59,110592.00,99.1,600,null,null,120,640,480
2026-09-15T14:42:13.497Z,camera_0,1,896.89,0.00,896.89,110592.00,99.2,600,null,null,120,640,480
2026-09-15T14:42:13.498Z,camera_1,1,0.00,0.00,0.00,110592.00,100.0,600,null,null,120,640,480
2026-09-15T14:42:13.498Z,camera_0,1,2935.85,2038.96,896.89,110592.00,99.2,600,null,null,120,640,480
2026-09-15T14:42:16.498Z,camera_0,1,713.90,0.00,713.90,110592.00,99.4,600,null,null,120,640,480
2026-09-15T14:42:16.499Z,camera_1,1,0.00,0.00,0.00,110592.00,100.0,600,null,null,120,640,480
2026-09-15T14:42:16.508Z,camera_0,1,2549.17,1835.27,713.90,110592.00,99.4,600,null,null,120,640,480
2026-09-15T14:42:19.571Z,camera_0,1,727.43,0.00,727.43,110592.00,99.3,600,null,null,120,640,480
2026-09-15T14:42:19.572Z,camera_1,1,0.00,0.00,0.00,110592.00,100.0,600,null,null,120,640,480
2026-09-15T14:42:19.572Z,camera_0,1,2259.64,1532.20,727.43,110592.00,99.3,600,null,null,120,640,480
2026-09-15T14:42:22.567Z,camera_0,1,360.96,0.00,360.96,110592.00,99.7,600,null,null,120,640,480
2026-09-15T14:42:22.567Z,camera_1,1,0.00,0.00,0.00,110592.00,100.0,600,null,null,120,640,480
2026-09-15T14:42:22.568Z,camera_0,1,1170.42,809.46,360.96,110592.00,99.7,600,null,null,120,640,480
2026-09-15T14:42:25.593Z,camera_0,1,923.96,0.00,923.96,110592.00,99.2,600,null,null,120,640,480
2026-09-15T14:42:25.594Z,camera_1,1,0.00,0.00,0.00,110592.00,100.0,600,null,null,120,640,480
2026-09-15T14:42:25.594Z,camera_0,1,2760.45,1836.49,923.96,110592.00,99.2,600,null,null,120,640,480
2026-09-15T14:42:28.593Z,camera_0,1,994.14,0.00,994.14,110592.00,99.1,600,null,null,120,640,480
2026-09-15T14:42:28.594Z,camera_1,1,0.00,0.00,0.00,110592.00,100.0,600,null,null,120,640,480
2026-09-15T14:42:28.594Z,camera_0,1,2933.81,1939.67,994.14,110592.00,99.1,600,null,null,120,640,480
2026-09-15T14:42:31.594Z,camera_0,1,979.10,0.00,979.10,110592.00,99.1,600,null,null,120,640,480
2026-09-15T14:42:31.596Z,camera_1,1,0.00,0.00,0.00,110592.00,100.0,600,null,null,120,640,480
2026-09-15T14:42:31.597Z,camera_0,1,3122.90,2143.79,979.10,110592.00,99.1,600,null,null,120,640,480
2026-09-15T14:42:34.594Z,camera_0,1,775.56,0.00,775.56,110592.00,99.3,600,null,null,120,640,480
2026-09-15T14:42:34.594Z,camera_1,1,0.00,0.00,0.00,110592.00,100.0,600,null,null,120,640,480
2026-09-15T14:42:34.596Z,camera_0,1,2711.59,1936.03,775.56,110592.00,99.3,600,null,null,120,640,480
2026-09-15T14:42:37.596Z,camera_0,1,933.48,0.00,933.48,110592.00,99.2,600,null,null,120,640,480
2026-09-15T14:42:37.597Z,camera_1,1,0.00,0.00,0.00,110592.00,100.0,600,null,null,120,640,480
2026-09-15T14:42:37.597Z,camera_0,1,2968.57,2035.09,933.48,110592.00,99.2,600,null,null,120,640,480
2026-09-15T14:42:40.597Z,camera_0,1,866.30,0.00,866.30,110592.00,99.2,600,null,null,120,640,480
2026-09-15T14:42:40.597Z,camera_1,1,0.00,0.00,0.00,110592.00,100.0,600,null,null,120,640,480
2026-09-15T14:42:40.598Z,camera_0,1,2803.24,1936.94,866.30,110592.00,99.2,600,null,null,120,640,480
2026-09-15T14:42:43.599Z,camera_0,1,789.60,0.00,789.60,110592.00,99.3,600,null,null,120,640,480
2026-09-15T14:42:43.600Z,camera_1,1,0.00,0.00,0.00,110592.00,100.0,600,null,null,120,640,480
2026-09-15T14:42:43.600Z,camera_0,1,2787.65,1998.05,789.60,110592.00,99.3,600,null,null,120,640,480
2026-09-15T14:42:46.615Z,camera_0,1,905.41,0.00,905.41,110592.00,99.2,600,null,null,120,640,480
2026-09-15T14:42:46.616Z,camera_1,1,0.00,0.00,0.00,110592.00,100.0,600,null,null,120,640,480
2026-09-15T14:42:46.619Z,camera_0,1,3195.52,2290.11,905.41,110592.00,99.2,600,null,null,120,640,480
2026-09-15T14:42:49.617Z,camera_1,1,0.00,0.00,0.00,110592.00,100.0,600,null,null,120,640,480
2026-09-15T14:42:49.617Z,camera_0,1,2938.86,2040.47,898.39,110592.00,99.2,600,null,null,120,640,480
2026-09-15T14:42:49.617Z,camera_0,1,898.39,0.00,898.39,110592.00,99.2,600,null,null,120,640,480
2026-09-15T14:42:59.007Z,camera_0,0,0.00,0.00,0.00,110592.00,100.0,2000,null,null,120,640,480
2026-09-15T14:42:59.008Z,camera_1,0,0.00,0.00,0.00,110592.00,100.0,2000,null,null,120,640,480
2026-09-15T14:42:59.009Z,camera_0,0,0.00,0.00,0.00,110592.00,100.0,2000,null,null,120,640,480
2026-09-15T14:43:02.008Z,camera_0,1,0.00,0.00,0.00,110592.00,100.0,2000,null,null,120,640,480
2026-09-15T14:43:02.008Z,camera_1,1,0.00,0.00,0.00,110592.00,100.0,2000,null,null,120,640,480
2026-09-15T14:43:02.009Z,camera_0,1,0.00,0.00,0.00,110592.00,100.0,2000,null,null,120,640,480
2026-09-15T14:43:05.009Z,camera_0,1,0.00,0.00,0.00,110592.00,100.0,2000,null,null,120,640,480
2026-09-15T14:43:05.010Z,camera_1,1,0.00,0.00,0.00,110592.00,100.0,2000,null,null,120,640,480
2026-09-15T14:43:05.010Z,camera_0,1,0.00,0.00,0.00,110592.00,100.0,2000,null,null,120,640,480
2026-09-15T14:43:08.010Z,camera_0,1,0.00,0.00,0.00,110592.00,100.0,2000,null,null,30,640,480
2026-09-15T14:43:08.011Z,camera_1,1,0.00,0.00,0.00,746496.00,100.0,2000,null,null,30,1920,1080
2026-09-15T14:43:08.012Z,camera_0,1,1611.49,1611.49,0.00,110592.00,100.0,2000,null,null,30,640,480
2026-09-15T14:43:11.021Z,camera_0,1,0.00,0.00,0.00,110592.00,100.0,2000,null,null,30,640,480
2026-09-15T14:43:11.022Z,camera_1,1,0.00,0.00,0.00,746496.00,100.0,2000,null,null,30,1920,1080
2026-09-15T14:43:11.022Z,camera_0,1,3374.60,3374.60,0.00,110592.00,100.0,2000,null,null,30,640,480
2026-09-15T14:43:14.044Z,camera_0,1,31.08,0.00,31.08,147571.20,100.0,2000,null,null,30,854,480
2026-09-15T14:43:14.044Z,camera_1,1,0.00,0.00,0.00,746496.00,100.0,2000,null,null,30,1920,1080
2026-09-15T14:43:14.045Z,camera_0,1,7913.09,7882.01,31.08,147571.20,100.0,2000,null,null,30,854,480
2026-09-15T14:43:17.030Z,camera_0,1,24.06,0.00,24.06,147571.20,100.0,2000,null,null,30,854,480
2026-09-15T14:43:17.032Z,camera_1,1,0.00,0.00,0.00,746496.00,100.0,2000,null,null,30,1920,1080
2026-09-15T14:43:17.035Z,camera_0,1,6316.62,6292.56,24.06,147571.20,100.0,2000,null,null,30,854,480
2026-09-15T14:43:20.051Z,camera_0,1,39.61,0.00,39.61,147571.20,100.0,2000,null,null,30,854,480
2026-09-15T14:43:20.051Z,camera_1,1,0.00,0.00,0.00,746496.00,100.0,2000,null,null,30,1920,1080
2026-09-15T14:43:20.054Z,camera_0,1,5927.58,5887.97,39.61,147571.20,100.0,2000,null,null,30,854,480
2026-09-15T14:43:23.051Z,camera_0,1,91.24,0.00,91.24,147571.20,99.9,2000,null,null,30,854,480
2026-09-15T14:43:23.052Z,camera_1,1,325.37,0.00,325.37,746496.00,100.0,2000,null,null,30,1920,1080
2026-09-15T14:43:23.052Z,camera_0,1,4410.75,3994.15,416.61,147571.20,99.7,2000,null,null,30,854,480
2026-09-15T14:43:26.062Z,camera_0,1,17.55,0.00,17.55,110592.00,100.0,2000,null,null,120,640,480
2026-09-15T14:43:26.065Z,camera_0,1,5360.69,5119.05,241.64,110592.00,99.8,2000,null,null,120,640,480
2026-09-15T14:43:26.064Z,camera_1,1,224.10,0.00,224.10,746496.00,100.0,2000,null,null,30,1920,1080
2026-09-15T14:43:29.067Z,camera_0,1,20.05,0.00,20.05,110592.00,100.0,2000,null,null,120,640,480
2026-09-15T14:43:29.072Z,camera_1,1,225.60,0.00,225.60,746496.00,100.0,2000,null,null,30,1920,1080
2026-09-15T14:43:29.077Z,camera_0,1,6575.91,6330.25,245.65,110592.00,99.8,2000,null,null,120,640,480
2026-09-15T14:43:32.065Z,camera_0,1,82.72,0.00,82.72,110592.00,99.9,2000,null,null,120,640,480
2026-09-15T14:43:32.066Z,camera_1,1,293.28,0.00,293.28,746496.00,100.0,2000,null,null,30,1920,1080
2026-09-15T14:43:32.066Z,camera_0,1,1375.95,999.95,376.00,110592.00,99.7,2000,null,null,120,640,480
2026-09-15T14:43:35.066Z,camera_0,1,42.61,0.00,42.61,147571.20,100.0,2000,null,null,30,854,480
2026-09-15T14:43:35.067Z,camera_1,1,0.00,0.00,0.00,147571.20,100.0,2000,null,null,30,854,480
2026-09-15T14:43:35.067Z,camera_0,1,6513.32,6470.70,42.61,147571.20,100.0,2000,null,null,30,854,480
2026-09-15T14:43:38.067Z,camera_0,1,105.78,0.00,105.78,147571.20,99.9,2000,null,null,30,854,480
2026-09-15T14:43:38.067Z,camera_1,1,0.00,0.00,0.00,147571.20,100.0,2000,null,null,30,854,480
2026-09-15T14:43:38.067Z,camera_0,1,5894.11,5788.33,105.78,147571.20,99.9,2000,null,null,30,854,480
2026-09-15T14:43:41.067Z,camera_0,1,7.52,0.00,7.52,110592.00,100.0,2000,null,null,120,640,480
2026-09-15T14:43:41.067Z,camera_1,1,0.00,0.00,0.00,147571.20,100.0,2000,null,null,30,854,480
2026-09-15T14:43:41.067Z,camera_0,1,6745.49,6737.97,7.52,110592.00,100.0,2000,null,null,120,640,480
2026-09-15T14:43:44.068Z,camera_0,1,41.11,0.00,41.11,110592.00,100.0,2000,null,null,120,640,480
2026-09-15T14:43:44.068Z,camera_1,1,0.00,0.00,0.00,147571.20,100.0,2000,null,null,30,854,480
2026-09-15T14:43:44.069Z,camera_0,1,6115.06,6073.95,41.11,110592.00,100.0,2000,null,null,120,640,480
2026-09-15T14:43:47.069Z,camera_1,1,915.05,0.00,915.05,147571.20,99.4,2000,null,null,30,854,480
2026-09-15T14:43:47.070Z,camera_0,1,6092.25,5084.95,1007.30,147571.20,99.3,2000,null,null,30,854,480
2026-09-15T14:43:47.069Z,camera_0,1,92.25,0.00,92.25,147571.20,99.9,2000,null,null,30,854,480
2026-09-15T14:43:50.079Z,camera_0,1,54.65,0.00,54.65,147571.20,100.0,2000,null,null,30,854,480
2026-09-15T14:43:50.081Z,camera_1,1,177.97,0.00,177.97,147571.20,99.9,2000,null,null,30,854,480
2026-09-15T14:43:50.087Z,camera_0,1,4745.55,4512.93,232.62,147571.20,99.8,2000,null,null,30,854,480
2026-09-15T14:43:53.076Z,camera_0,1,0.00,0.00,0.00,110592.00,100.0,2000,null,null,120,640,480
2026-09-15T14:43:53.077Z,camera_1,1,330.38,0.00,330.38,147571.20,99.8,2000,null,null,30,854,480
2026-09-15T14:43:53.077Z,camera_0,1,2714.22,2383.84,330.38,110592.00,99.7,2000,null,null,120,640,480
2026-09-15T14:43:56.077Z,camera_0,1,42.11,0.00,42.11,110592.00,100.0,2000,null,null,120,640,480
2026-09-15T14:43:56.077Z,camera_1,1,0.00,0.00,0.00,147571.20,100.0,2000,null,null,30,854,480
2026-09-15T14:43:56.077Z,camera_0,1,2146.69,2104.58,42.11,110592.00,100.0,2000,null,null,120,640,480
2026-09-15T14:43:59.123Z,camera_0,1,74.20,0.00,74.20,110592.00,99.9,2000,null,null,120,640,480
2026-09-15T14:43:59.123Z,camera_1,1,0.00,0.00,0.00,746496.00,100.0,2000,null,null,10,1920,1080
2026-09-15T14:43:59.124Z,camera_0,1,4033.49,3959.29,74.20,110592.00,99.9,2000,null,null,120,640,480
2026-09-15T14:44:02.124Z,camera_0,1,81.22,0.00,81.22,110592.00,99.9,2000,null,null,120,640,480
2026-09-15T14:44:02.124Z,camera_1,1,0.00,0.00,0.00,746496.00,100.0,2000,null,null,10,1920,1080
2026-09-15T14:44:02.124Z,camera_0,1,4317.09,4235.87,81.22,110592.00,99.9,2000,null,null,120,640,480
2026-09-15T14:44:05.124Z,camera_0,1,74.20,0.00,74.20,110592.00,99.9,2000,null,null,120,640,480
2026-09-15T14:44:05.124Z,camera_1,1,0.00,0.00,0.00,746496.00,100.0,2000,null,null,10,1920,1080
2026-09-15T14:44:05.124Z,camera_0,1,2536.65,2462.45,74.20,110592.00,99.9,2000,null,null,120,640,480
2026-09-15T14:44:08.125Z,camera_0,1,71.19,0.00,71.19,110592.00,99.9,2000,null,null,120,640,480
2026-09-15T14:44:08.125Z,camera_1,1,0.00,0.00,0.00,746496.00,100.0,2000,null,null,10,1920,1080
2026-09-15T14:44:08.126Z,camera_0,1,2640.36,2569.17,71.19,110592.00,99.9,2000,null,null,120,640,480
2026-09-15T14:44:11.181Z,camera_0,1,73.70,0.00,73.70,110592.00,99.9,2000,null,null,120,640,480
2026-09-15T14:44:11.182Z,camera_1,1,0.00,0.00,0.00,746496.00,100.0,2000,null,null,10,1920,1080
2026-09-15T14:44:11.182Z,camera_0,1,2433.11,2359.42,73.70,110592.00,99.9,2000,null,null,120,640,480
2026-09-15T14:44:14.232Z,camera_0,1,53.64,0.00,53.64,110592.00,100.0,2000,null,null,120,640,480
2026-09-15T14:44:14.233Z,camera_1,1,0.00,0.00,0.00,746496.00,100.0,2000,null,null,10,1920,1080
2026-09-15T14:44:14.233Z,camera_0,1,1995.57,1941.93,53.64,110592.00,100.0,2000,null,null,120,640,480
2026-09-15T14:44:17.234Z,camera_0,1,119.82,0.00,119.82,110592.00,99.9,2000,null,null,120,640,480
2026-09-15T14:44:17.235Z,camera_1,1,396.05,0.00,396.05,746496.00,99.9,2000,null,null,10,1920,1080
2026-09-15T14:44:17.235Z,camera_0,1,1399.23,883.36,515.87,110592.00,99.5,2000,null,null,120,640,480
2026-09-15T14:44:20.235Z,camera_0,1,7.52,0.00,7.52,147571.20,100.0,2000,null,null,30,854,480
2026-09-15T14:44:20.235Z,camera_1,1,60.66,0.00,60.66,746496.00,100.0,2000,null,null,10,1920,1080
2026-09-15T14:44:20.236Z,camera_0,1,1866.98,1798.80,68.18,147571.20,100.0,2000,null,null,30,854,480
2026-09-15T14:44:23.238Z,camera_0,1,24.06,0.00,24.06,147571.20,100.0,2000,null,null,30,854,480
2026-09-15T14:44:23.239Z,camera_1,1,42.11,0.00,42.11,746496.00,100.0,2000,null,null,10,1920,1080
2026-09-15T14:44:23.239Z,camera_0,1,2354.55,2288.38,66.18,147571.20,100.0,2000,null,null,30,854,480
2026-09-15T14:44:26.239Z,camera_0,1,116.81,0.00,116.81,147571.20,99.9,2000,null,null,30,854,480
2026-09-15T14:44:26.239Z,camera_1,1,26.57,0.00,26.57,147571.20,100.0,2000,null,null,30,854,480
2026-09-15T14:44:26.240Z,camera_0,1,1858.90,1715.52,143.38,147571.20,99.9,2000,null,null,30,854,480
2026-09-15T14:44:29.290Z,camera_0,1,15.04,0.00,15.04,147571.20,100.0,2000,null,null,30,854,480
2026-09-15T14:44:29.293Z,camera_1,1,150.40,0.00,150.40,110592.00,99.9,2000,null,null,120,640,480
2026-09-15T14:44:29.293Z,camera_0,1,2767.43,2601.99,165.44,147571.20,99.9,2000,null,null,30,854,480
2026-09-15T14:44:32.368Z,camera_0,1,37.60,0.00,37.60,147571.20,100.0,2000,null,null,30,854,480
2026-09-15T14:44:32.368Z,camera_1,1,0.00,0.00,0.00,110592.00,100.0,2000,null,null,120,640,480
2026-09-15T14:44:32.368Z,camera_0,1,2902.00,2864.40,37.60,147571.20,100.0,2000,null,null,30,854,480
2026-09-15T14:44:35.368Z,camera_0,1,78.21,0.00,78.21,147571.20,99.9,2000,null,null,30,854,480
2026-09-15T14:44:35.368Z,camera_1,1,0.00,0.00,0.00,110592.00,100.0,2000,null,null,120,640,480
2026-09-15T14:44:35.369Z,camera_0,1,2719.53,2641.32,78.21,147571.20,99.9,2000,null,null,30,854,480
2026-09-15T14:44:38.385Z,camera_0,1,74.70,0.00,74.70,110592.00,99.9,2000,null,null,120,640,480
2026-09-15T14:44:38.386Z,camera_1,1,127.34,0.00,127.34,110592.00,99.9,2000,null,null,120,640,480
2026-09-15T14:44:38.386Z,camera_0,1,1790.29,1588.25,202.04,110592.00,99.8,2000,null,null,120,640,480
2026-09-15T14:44:41.387Z,camera_0,1,0.00,0.00,0.00,110592.00,100.0,2000,null,null,120,640,480
2026-09-15T14:44:41.387Z,camera_1,1,307.32,0.00,307.32,110592.00,99.7,2000,null,null,120,640,480
2026-09-15T14:44:41.388Z,camera_0,1,2721.41,2414.09,307.32,110592.00,99.7,2000,null,null,120,640,480
2026-09-15T14:44:44.388Z,camera_1,1,311.33,0.00,311.33,110592.00,99.7,2000,null,null,120,640,480
2026-09-15T14:44:44.388Z,camera_0,1,2459.38,2110.45,348.93,110592.00,99.7,2000,null,null,120,640,480
2026-09-15T14:44:44.387Z,camera_0,1,37.60,0.00,37.60,110592.00,100.0,2000,null,null,120,640,480
2026-09-15T14:44:47.389Z,camera_0,1,66.18,0.00,66.18,110592.00,99.9,2000,null,null,120,640,480
2026-09-15T14:44:47.392Z,camera_1,1,380.51,0.00,380.51,110592.00,99.7,2000,null,null,120,640,480
2026-09-15T14:44:47.392Z,camera_0,1,2669.85,2223.17,446.69,110592.00,99.6,2000,null,null,120,640,480
2026-09-15T14:44:50.390Z,camera_0,1,73.19,0.00,73.19,110592.00,99.9,2000,null,null,120,640,480
2026-09-15T14:44:50.390Z,camera_1,1,303.81,0.00,303.81,110592.00,99.7,2000,null,null,120,640,480
2026-09-15T14:44:50.390Z,camera_0,1,2649.50,2272.49,377.00,110592.00,99.7,2000,null,null,120,640,480
2026-09-15T14:44:53.389Z,camera_0,1,108.79,0.00,108.79,147571.20,99.9,2000,null,null,30,854,480
2026-09-15T14:44:53.390Z,camera_1,1,435.66,0.00,435.66,110592.00,99.6,2000,null,null,120,640,480
2026-09-15T14:44:53.390Z,camera_0,1,1971.70,1427.25,544.45,147571.20,99.6,2000,null,null,30,854,480
2026-09-15T14:44:56.390Z,camera_0,1,0.00,0.00,0.00,147571.20,100.0,2000,null,null,30,854,480
2026-09-15T14:44:56.391Z,camera_1,1,341.41,0.00,341.41,110592.00,99.7,2000,null,null,120,640,480
2026-09-15T14:44:56.391Z,camera_0,1,2983.04,2641.63,341.41,147571.20,99.8,2000,null,null,30,854,480
2026-09-15T14:44:59.393Z,camera_0,1,38.10,0.00,38.10,147571.20,100.0,2000,null,null,30,854,480
2026-09-15T14:44:59.393Z,camera_1,1,309.82,0.00,309.82,110592.00,99.7,2000,null,null,120,640,480
2026-09-15T14:44:59.393Z,camera_0,1,2265.78,1917.85,347.93,147571.20,99.8,2000,null,null,30,854,480
2026-09-15T14:45:02.440Z,camera_0,1,50.13,0.00,50.13,746496.00,100.0,2000,null,null,10,1920,1080
2026-09-15T14:45:02.446Z,camera_1,1,316.84,0.00,316.84,110592.00,99.7,2000,null,null,120,640,480
2026-09-15T14:45:02.452Z,camera_0,1,1286.14,919.16,366.98,746496.00,100.0,2000,null,null,10,1920,1080
2026-09-15T14:45:05.440Z,camera_0,1,0.00,0.00,0.00,746496.00,100.0,2000,null,null,10,1920,1080
2026-09-15T14:45:05.443Z,camera_1,1,380.01,0.00,380.01,110592.00,99.7,2000,null,null,120,640,480
2026-09-15T14:45:05.443Z,camera_0,1,1531.77,1151.76,380.01,746496.00,99.9,2000,null,null,10,1920,1080
2026-09-15T14:45:08.440Z,camera_0,1,0.00,0.00,0.00,147571.20,100.0,2000,null,null,30,854,480
2026-09-15T14:45:08.441Z,camera_1,1,380.01,0.00,380.01,110592.00,99.7,2000,null,null,120,640,480
2026-09-15T14:45:08.441Z,camera_0,1,2604.63,2224.62,380.01,147571.20,99.7,2000,null,null,30,854,480
2026-09-15T14:45:11.442Z,camera_0,1,23.06,0.00,23.06,110592.00,100.0,2000,null,null,120,640,480
2026-09-15T14:45:11.442Z,camera_1,1,386.03,0.00,386.03,110592.00,99.7,2000,null,null,120,640,480
2026-09-15T14:45:11.442Z,camera_0,1,1523.79,1114.70,409.09,110592.00,99.6,2000,null,null,120,640,480
2026-09-15T14:45:14.452Z,camera_0,1,0.00,0.00,0.00,110592.00,100.0,2000,null,null,120,640,480
2026-09-15T14:45:14.452Z,camera_1,1,264.70,0.00,264.70,110592.00,99.8,2000,null,null,120,640,480
2026-09-15T14:45:14.453Z,camera_0,1,2760.10,2495.40,264.70,110592.00,99.8,2000,null,null,120,640,480
2026-09-15T14:45:17.453Z,camera_0,1,39.61,0.00,39.61,110592.00,100.0,2000,null,null,120,640,480
2026-09-15T14:45:17.453Z,camera_1,1,373.49,0.00,373.49,110592.00,99.7,2000,null,null,120,640,480
2026-09-15T14:45:17.454Z,camera_0,1,1434.18,1021.09,413.10,110592.00,99.6,2000,null,null,120,640,480
2026-09-15T14:45:20.459Z,camera_0,1,0.00,0.00,0.00,147571.20,100.0,2000,null,null,30,854,480
2026-09-15T14:45:20.459Z,camera_1,1,487.80,0.00,487.80,110592.00,99.6,2000,null,null,120,640,480
2026-09-15T14:45:20.460Z,camera_0,1,2894.98,2407.18,487.80,147571.20,99.7,2000,null,null,30,854,480
2026-09-15T14:45:23.459Z,camera_0,1,19.05,0.00,19.05,147571.20,100.0,2000,null,null,30,854,480
2026-09-15T14:45:23.460Z,camera_1,1,365.47,0.00,365.47,110592.00,99.7,2000,null,null,120,640,480
2026-09-15T14:45:23.460Z,camera_0,1,2646.97,2262.45,384.52,147571.20,99.7,2000,null,null,30,854,480
2026-09-15T14:45:26.461Z,camera_0,1,21.56,0.00,21.56,147571.20,100.0,2000,null,null,30,854,480
2026-09-15T14:45:26.463Z,camera_1,1,258.19,0.00,258.19,110592.00,99.8,2000,null,null,120,640,480
2026-09-15T14:45:26.463Z,camera_0,1,2228.38,1948.64,279.74,147571.20,99.8,2000,null,null,30,854,480
2026-09-15T14:45:29.464Z,camera_0,1,49.63,0.00,49.63,147571.20,100.0,2000,null,null,30,854,480
2026-09-15T14:45:29.465Z,camera_1,1,349.93,0.00,349.93,110592.00,99.7,2000,null,null,120,640,480
2026-09-15T14:45:29.465Z,camera_0,1,2385.34,1985.77,399.56,147571.20,99.7,2000,null,null,30,854,480
2026-09-15T14:45:32.465Z,camera_0,1,74.70,0.00,74.70,147571.20,99.9,2000,null,null,30,854,480
2026-09-15T14:45:32.468Z,camera_1,1,271.72,0.00,271.72,110592.00,99.8,2000,null,null,120,640,480
2026-09-15T14:45:32.468Z,camera_0,1,2522.71,2176.29,346.42,147571.20,99.8,2000,null,null,30,854,480
2026-09-15T14:45:35.490Z,camera_0,1,44.12,0.00,44.12,147571.20,100.0,2000,null,null,30,854,480
2026-09-15T14:45:35.490Z,camera_1,1,312.33,0.00,312.33,110592.00,99.7,2000,null,null,120,640,480
2026-09-15T14:45:35.494Z,camera_0,1,2351.93,1995.49,356.45,147571.20,99.8,2000,null,null,30,854,480
2026-09-15T14:45:38.496Z,camera_0,1,60.66,0.00,60.66,147571.20,100.0,2000,null,null,30,854,480
2026-09-15T14:45:38.498Z,camera_1,1,301.80,0.00,301.80,110592.00,99.7,2000,null,null,120,640,480
2026-09-15T14:45:38.499Z,camera_0,1,1880.33,1517.86,362.46,147571.20,99.8,2000,null,null,30,854,480
2026-09-15T14:45:41.496Z,camera_0,1,39.61,0.00,39.61,110592.00,100.0,2000,null,null,120,640,480
2026-09-15T14:45:41.497Z,camera_1,1,544.45,0.00,544.45,110592.00,99.5,2000,null,null,120,640,480
2026-09-15T14:45:41.499Z,camera_0,1,2092.25,1508.20,584.05,110592.00,99.5,2000,null,null,120,640,480
2026-09-15T14:45:44.502Z,camera_0,1,0.00,0.00,0.00,110592.00,100.0,2000,null,null,120,640,480
2026-09-15T14:45:44.502Z,camera_1,1,281.25,0.00,281.25,110592.00,99.7,2000,null,null,120,640,480
2026-09-15T14:45:44.505Z,camera_0,1,3001.59,2720.34,281.25,110592.00,99.7,2000,null,null,120,640,480
2026-09-15T14:45:47.532Z,camera_0,1,45.62,0.00,45.62,110592.00,100.0,2000,null,null,120,640,480
2026-09-15T14:45:47.533Z,camera_1,1,314.34,0.00,314.34,110592.00,99.7,2000,null,null,120,640,480
2026-09-15T14:45:47.533Z,camera_0,1,2462.75,2102.79,359.96,110592.00,99.7,2000,null,null,120,640,480
2026-09-15T14:45:50.532Z,camera_0,1,114.81,0.00,114.81,110592.00,99.9,2000,null,null,120,640,480
2026-09-15T14:45:50.533Z,camera_0,1,2520.18,1777.20,742.98,110592.00,99.3,2000,null,null,120,640,480
2026-09-15T14:45:50.532Z,camera_1,1,628.17,0.00,628.17,110592.00,99.4,2000,null,null,120,640,480
2026-09-15T14:45:53.535Z,camera_0,1,8.52,0.00,8.52,147571.20,100.0,2000,null,null,30,854,480
2026-09-15T14:45:53.536Z,camera_1,1,510.86,0.00,510.86,110592.00,99.5,2000,null,null,120,640,480
2026-09-15T14:45:53.536Z,camera_0,1,3373.33,2853.94,519.38,147571.20,99.6,2000,null,null,30,854,480
2026-09-15T14:45:56.570Z,camera_0,1,22.56,0.00,22.56,147571.20,100.0,2000,null,null,30,854,480
2026-09-15T14:45:56.570Z,camera_1,1,270.72,0.00,270.72,110592.00,99.8,2000,null,null,120,640,480
2026-09-15T14:45:56.571Z,camera_0,1,2630.44,2337.16,293.28,147571.20,99.8,2000,null,null,30,854,480
2026-09-15T14:45:59.573Z,camera_0,1,54.65,0.00,54.65,147571.20,100.0,2000,null,null,30,854,480
2026-09-15T14:45:59.573Z,camera_1,1,450.70,0.00,450.70,110592.00,99.6,2000,null,null,120,640,480
2026-09-15T14:45:59.574Z,camera_0,1,2334.21,1828.87,505.34,147571.20,99.7,2000,null,null,30,854,480
2026-09-15T14:46:02.574Z,camera_0,1,32.59,0.00,32.59,110592.00,100.0,2000,null,null,120,640,480
2026-09-15T14:46:02.574Z,camera_1,1,480.78,0.00,480.78,110592.00,99.6,2000,null,null,120,640,480
2026-09-15T14:46:02.575Z,camera_0,1,2697.77,2184.41,513.37,110592.00,99.5,2000,null,null,120,640,480
2026-09-15T14:46:05.575Z,camera_0,1,27.57,0.00,27.57,147571.20,100.0,2000,null,null,30,854,480
2026-09-15T14:46:05.575Z,camera_1,1,540.94,0.00,540.94,110592.00,99.5,2000,null,null,120,640,480
2026-09-15T14:46:05.576Z,camera_0,1,2668.05,2099.53,568.51,147571.20,99.6,2000,null,null,30,854,480
2026-09-15T14:46:08.608Z,camera_0,1,18.55,0.00,18.55,147571.20,100.0,2000,null,null,30,854,480
2026-09-15T14:46:08.609Z,camera_1,1,500.33,0.00,500.33,110592.00,99.5,2000,null,null,120,640,480
2026-09-15T14:46:08.609Z,camera_0,1,3306.34,2787.46,518.88,147571.20,99.6,2000,null,null,30,854,480
2026-09-15T14:46:11.608Z,camera_0,1,41.61,0.00,41.61,147571.20,100.0,2000,null,null,30,854,480
2026-09-15T14:46:11.608Z,camera_1,1,426.13,0.00,426.13,110592.00,99.6,2000,null,null,120,640,480
2026-09-15T14:46:11.609Z,camera_0,1,3217.17,2749.43,467.74,147571.20,99.7,2000,null,null,30,854,480
2026-09-15T14:46:14.610Z,camera_0,1,93.75,0.00,93.75,147571.20,99.9,2000,null,null,30,854,480
2026-09-15T14:46:14.611Z,camera_1,1,315.34,0.00,315.34,110592.00,99.7,2000,null,null,120,640,480
2026-09-15T14:46:14.611Z,camera_0,1,3044.46,2635.38,409.09,147571.20,99.7,2000,null,null,30,854,480
2026-09-15T14:46:17.636Z,camera_0,1,58.66,0.00,58.66,147571.20,100.0,2000,null,null,30,854,480
2026-09-15T14:46:17.644Z,camera_1,1,412.10,0.00,412.10,110592.00,99.6,2000,null,null,120,640,480
2026-09-15T14:46:17.644Z,camera_0,1,3130.71,2659.96,470.75,147571.20,99.7,2000,null,null,30,854,480
2026-09-15T14:46:20.636Z,camera_0,1,91.24,0.00,91.24,147571.20,99.9,2000,null,null,30,854,480
2026-09-15T14:46:20.636Z,camera_1,1,414.10,0.00,414.10,110592.00,99.6,2000,null,null,120,640,480
2026-09-15T14:46:20.637Z,camera_0,1,2123.59,1618.25,505.34,147571.20,99.7,2000,null,null,30,854,480
2026-09-15T14:46:23.636Z,camera_0,1,42.61,0.00,42.61,110592.00,100.0,2000,null,null,120,640,480
2026-09-15T14:46:23.637Z,camera_1,1,524.90,0.00,524.90,110592.00,99.5,2000,null,null,120,640,480
2026-09-15T14:46:23.637Z,camera_0,1,2394.96,1827.45,567.51,110592.00,99.5,2000,null,null,120,640,480
2026-09-15T14:46:26.638Z,camera_0,1,0.00,0.00,0.00,147571.20,100.0,2000,null,null,30,854,480
2026-09-15T14:46:26.638Z,camera_1,1,339.90,0.00,339.90,110592.00,99.7,2000,null,null,120,640,480
2026-09-15T14:46:26.639Z,camera_0,1,3338.57,2998.66,339.90,147571.20,99.8,2000,null,null,30,854,480
2026-09-15T14:46:29.639Z,camera_0,1,41.11,0.00,41.11,147571.20,100.0,2000,null,null,30,854,480
2026-09-15T14:46:29.639Z,camera_1,1,359.46,0.00,359.46,110592.00,99.7,2000,null,null,120,640,480
2026-09-15T14:46:29.639Z,camera_0,1,2773.43,2372.87,400.57,147571.20,99.7,2000,null,null,30,854,480
2026-09-15T14:46:32.639Z,camera_0,1,82.22,0.00,82.22,110592.00,99.9,2000,null,null,120,640,480
2026-09-15T14:46:32.640Z,camera_1,1,473.76,0.00,473.76,110592.00,99.6,2000,null,null,120,640,480
2026-09-15T14:46:32.640Z,camera_0,1,2296.74,1740.76,555.98,110592.00,99.5,2000,null,null,120,640,480
2026-09-15T14:46:35.649Z,camera_0,1,38.10,0.00,38.10,147571.20,100.0,2000,null,null,30,854,480
2026-09-15T14:46:35.649Z,camera_1,1,443.18,0.00,443.18,110592.00,99.6,2000,null,null,120,640,480
2026-09-15T14:46:35.649Z,camera_0,1,3322.33,2841.05,481.28,147571.20,99.7,2000,null,null,30,854,480
2026-09-15T14:46:38.648Z,camera_0,1,0.00,0.00,0.00,147571.20,100.0,2000,null,null,30,854,480
2026-09-15T14:46:38.649Z,camera_1,1,391.04,0.00,391.04,110592.00,99.6,2000,null,null,120,640,480
2026-09-15T14:46:38.649Z,camera_0,1,2823.56,2432.52,391.04,147571.20,99.7,2000,null,null,30,854,480
2026-09-15T14:46:41.652Z,camera_1,1,465.24,0.00,465.24,110592.00,99.6,2000,null,null,120,640,480
2026-09-15T14:46:41.651Z,camera_0,1,60.66,0.00,60.66,110592.00,99.9,2000,null,null,120,640,480
2026-09-15T14:46:41.654Z,camera_0,1,2645.84,2119.94,525.90,110592.00,99.5,2000,null,null,120,640,480
2026-09-15T14:46:44.693Z,camera_0,1,22.06,0.00,22.06,110592.00,100.0,2000,null,null,120,640,480
2026-09-15T14:46:44.695Z,camera_1,1,392.54,0.00,392.54,110592.00,99.6,2000,null,null,120,640,480
2026-09-15T14:46:44.695Z,camera_0,1,3353.29,2938.68,414.60,110592.00,99.6,2000,null,null,120,640,480
2026-09-15T14:46:47.732Z,camera_0,1,93.75,0.00,93.75,147571.20,99.9,2000,null,null,30,854,480
2026-09-15T14:46:47.733Z,camera_1,1,466.74,0.00,466.74,110592.00,99.6,2000,null,null,120,640,480
2026-09-15T14:46:47.733Z,camera_0,1,2306.62,1746.13,560.49,147571.20,99.6,2000,null,null,30,854,480
2026-09-15T14:46:50.732Z,camera_0,1,26.57,0.00,26.57,110592.00,100.0,2000,null,null,120,640,480
2026-09-15T14:46:50.734Z,camera_1,1,411.09,0.00,411.09,110592.00,99.6,2000,null,null,120,640,480
2026-09-15T14:46:50.734Z,camera_0,1,2447.17,2009.50,437.66,110592.00,99.6,2000,null,null,120,640,480
2026-09-15T14:46:53.756Z,camera_0,1,27.07,0.00,27.07,147571.20,100.0,2000,null,null,30,854,480
2026-09-15T14:46:53.756Z,camera_1,1,533.92,0.00,533.92,110592.00,99.5,2000,null,null,120,640,480
2026-09-15T14:46:53.757Z,camera_0,1,2902.25,2341.26,560.99,147571.20,99.6,2000,null,null,30,854,480
2026-09-15T14:46:56.757Z,camera_0,1,56.15,0.00,56.15,147571.20,100.0,2000,null,null,30,854,480
2026-09-15T14:46:56.757Z,camera_1,1,444.18,0.00,444.18,110592.00,99.6,2000,null,null,120,640,480
2026-09-15T14:46:56.758Z,camera_0,1,1573.46,1073.13,500.33,147571.20,99.7,2000,null,null,30,854,480
2026-09-15T14:46:59.800Z,camera_0,1,0.00,0.00,0.00,110592.00,100.0,2000,null,null,120,640,480
2026-09-15T14:46:59.800Z,camera_1,1,0.00,0.00,0.00,110592.00,100.0,2000,null,null,120,640,480
2026-09-15T14:46:59.800Z,camera_0,1,1714.03,1714.03,0.00,110592.00,100.0,2000,null,null,120,640,480
2026-09-15T14:47:02.799Z,camera_0,1,58.15,0.00,58.15,110592.00,99.9,2000,null,null,120,640,480
2026-09-15T14:47:02.800Z,camera_1,1,0.00,0.00,0.00,746496.00,100.0,2000,null,null,10,1920,1080
2026-09-15T14:47:02.801Z,camera_0,1,1371.11,1312.96,58.15,110592.00,99.9,2000,null,null,120,640,480
2026-09-15T14:47:05.799Z,camera_0,1,0.00,0.00,0.00,147571.20,100.0,2000,null,null,30,854,480
2026-09-15T14:47:05.800Z,camera_1,1,0.00,0.00,0.00,746496.00,100.0,2000,null,null,10,1920,1080
2026-09-15T14:47:05.800Z,camera_0,1,4011.56,4011.56,0.00,147571.20,100.0,2000,null,null,30,854,480
2026-09-15T14:47:08.837Z,camera_0,1,37.60,0.00,37.60,147571.20,100.0,2000,null,null,30,854,480
2026-09-15T14:47:08.837Z,camera_1,1,0.00,0.00,0.00,746496.00,100.0,2000,null,null,10,1920,1080
2026-09-15T14:47:08.837Z,camera_0,1,4491.07,4453.47,37.60,147571.20,100.0,2000,null,null,30,854,480
2026-09-15T14:47:11.837Z,camera_0,1,41.11,0.00,41.11,147571.20,100.0,2000,null,null,30,854,480
2026-09-15T14:47:11.841Z,camera_1,1,0.00,0.00,0.00,746496.00,100.0,2000,null,null,10,1920,1080
2026-09-15T14:47:11.841Z,camera_0,1,2854.02,2812.91,41.11,147571.20,100.0,2000,null,null,30,854,480
2026-09-15T14:47:14.836Z,camera_0,1,39.61,0.00,39.61,147571.20,100.0,2000,null,null,30,854,480
2026-09-15T14:47:14.837Z,camera_1,1,0.00,0.00,0.00,746496.00,100.0,2000,null,null,10,1920,1080
2026-09-15T14:47:14.837Z,camera_0,1,2310.58,2270.98,39.61,147571.20,100.0,2000,null,null,30,854,480
2026-09-15T14:47:18.055Z,camera_0,1,27.57,0.00,27.57,147571.20,100.0,2000,null,null,30,854,480
2026-09-15T14:47:18.055Z,camera_1,1,0.00,0.00,0.00,746496.00,100.0,2000,null,null,10,1920,1080
2026-09-15T14:47:18.057Z,camera_0,1,1641.94,1614.37,27.57,147571.20,100.0,2000,null,null,30,854,480
2026-09-15T14:47:21.053Z,camera_0,1,25.57,0.00,25.57,147571.20,100.0,2000,null,null,30,854,480
2026-09-15T14:47:21.054Z,camera_1,1,0.00,0.00,0.00,746496.00,100.0,2000,null,null,10,1920,1080
2026-09-15T14:47:21.055Z,camera_0,1,2490.19,2464.63,25.57,147571.20,100.0,2000,null,null,30,854,480
2026-09-15T14:47:24.100Z,camera_0,1,35.59,0.00,35.59,147571.20,100.0,2000,null,null,30,854,480
2026-09-15T14:47:24.100Z,camera_1,1,0.00,0.00,0.00,746496.00,100.0,2000,null,null,10,1920,1080
2026-09-15T14:47:24.100Z,camera_0,1,2720.96,2685.36,35.59,147571.20,100.0,2000,null,null,30,854,480
2026-09-15T14:47:27.137Z,camera_0,1,22.06,0.00,22.06,147571.20,100.0,2000,null,null,30,854,480
2026-09-15T14:47:27.138Z,camera_1,1,0.00,0.00,0.00,746496.00,100.0,2000,null,null,10,1920,1080
2026-09-15T14:47:27.138Z,camera_0,1,2270.91,2248.86,22.06,147571.20,100.0,2000,null,null,30,854,480
2026-09-15T14:47:30.140Z,camera_0,1,52.64,0.00,52.64,147571.20,100.0,2000,null,null,30,854,480
2026-09-15T14:47:30.140Z,camera_1,1,0.00,0.00,0.00,746496.00,100.0,2000,null,null,10,1920,1080
2026-09-15T14:47:30.141Z,camera_0,1,1649.99,1597.35,52.64,147571.20,100.0,2000,null,null,30,854,480
2026-09-15T14:47:33.212Z,camera_0,1,36.60,0.00,36.60,147571.20,100.0,2000,null,null,30,854,480
2026-09-15T14:47:33.212Z,camera_1,1,0.00,0.00,0.00,746496.00,100.0,2000,null,null,10,1920,1080
2026-09-15T14:47:33.213Z,camera_0,1,2826.19,2789.59,36.60,147571.20,100.0,2000,null,null,30,854,480
2026-09-15T14:47:36.210Z,camera_0,1,44.12,0.00,44.12,147571.20,100.0,2000,null,null,30,854,480
2026-09-15T14:47:36.211Z,camera_1,1,0.00,0.00,0.00,746496.00,100.0,2000,null,null,10,1920,1080
2026-09-15T14:47:36.212Z,camera_0,1,1960.15,1916.03,44.12,147571.20,100.0,2000,null,null,30,854,480
2026-09-15T14:47:39.312Z,camera_1,1,0.00,0.00,0.00,746496.00,100.0,2000,null,null,10,1920,1080
2026-09-15T14:47:39.314Z,camera_0,1,2751.77,2751.77,0.00,110592.00,100.0,2000,null,null,120,640,480
2026-09-15T14:47:39.311Z,camera_0,1,0.00,0.00,0.00,110592.00,100.0,2000,null,null,120,640,480
2026-09-15T14:47:42.314Z,camera_0,1,22.06,0.00,22.06,110592.00,100.0,2000,null,null,120,640,480
2026-09-15T14:47:42.315Z,camera_1,1,460.73,0.00,460.73,746496.00,99.9,2000,null,null,10,1920,1080
2026-09-15T14:47:42.315Z,camera_0,1,2179.13,1696.35,482.78,110592.00,99.6,2000,null,null,120,640,480
2026-09-15T14:47:45.315Z,camera_0,1,0.00,0.00,0.00,147571.20,100.0,2000,null,null,30,854,480
2026-09-15T14:47:45.316Z,camera_1,1,21.56,0.00,21.56,746496.00,100.0,2000,null,null,10,1920,1080
2026-09-15T14:47:45.316Z,camera_0,1,2603.89,2582.33,21.56,147571.20,100.0,2000,null,null,30,854,480
2026-09-15T14:47:48.315Z,camera_1,1,5.01,0.00,5.01,746496.00,100.0,2000,null,null,10,1920,1080
2026-09-15T14:47:48.315Z,camera_0,1,2821.78,2787.19,34.59,147571.20,100.0,2000,null,null,30,854,480
2026-09-15T14:47:48.315Z,camera_0,1,29.58,0.00,29.58,147571.20,100.0,2000,null,null,30,854,480
2026-09-15T14:47:51.317Z,camera_0,1,0.00,0.00,0.00,746496.00,100.0,2000,null,null,10,1920,1080
2026-09-15T14:47:51.318Z,camera_1,1,191.51,0.00,191.51,746496.00,100.0,2000,null,null,10,1920,1080
2026-09-15T14:47:51.318Z,camera_0,1,2791.67,2600.16,191.51,746496.00,100.0,2000,null,null,10,1920,1080
2026-09-15T14:47:54.368Z,camera_0,1,0.00,0.00,0.00,746496.00,100.0,2000,null,null,10,1920,1080
2026-09-15T14:47:54.371Z,camera_1,1,60.66,0.00,60.66,746496.00,100.0,2000,null,null,10,1920,1080
2026-09-15T14:47:54.371Z,camera_0,1,2755.74,2695.07,60.66,746496.00,100.0,2000,null,null,10,1920,1080
2026-09-15T14:47:57.370Z,camera_0,1,0.00,0.00,0.00,746496.00,100.0,2000,null,null,10,1920,1080
2026-09-15T14:47:57.370Z,camera_1,1,9.02,0.00,9.02,147571.20,100.0,2000,null,null,30,854,480
2026-09-15T14:47:57.371Z,camera_0,1,2758.89,2749.87,9.02,746496.00,100.0,2000,null,null,10,1920,1080
2026-09-15T14:48:00.624Z,camera_0,1,16.04,0.00,16.04,746496.00,100.0,2000,null,null,10,1920,1080
2026-09-15T14:48:00.624Z,camera_1,1,0.00,0.00,0.00,147571.20,100.0,2000,null,null,30,854,480
2026-09-15T14:48:00.624Z,camera_0,1,4529.81,4513.76,16.04,746496.00,100.0,2000,null,null,10,1920,1080
2026-09-15T14:48:03.592Z,camera_0,1,7.02,0.00,7.02,746496.00,100.0,2000,null,null,10,1920,1080
2026-09-15T14:48:03.592Z,camera_1,1,0.00,0.00,0.00,147571.20,100.0,2000,null,null,30,854,480
2026-09-15T14:48:03.593Z,camera_0,1,3886.83,3879.81,7.02,746496.00,100.0,2000,null,null,10,1920,1080
2026-09-15T14:48:06.593Z,camera_0,1,29.08,0.00,29.08,746496.00,100.0,2000,null,null,10,1920,1080
2026-09-15T14:48:06.595Z,camera_1,1,0.00,0.00,0.00,110592.00,100.0,2000,null,null,120,640,480
2026-09-15T14:48:06.595Z,camera_0,1,2651.70,2622.62,29.08,746496.00,100.0,2000,null,null,10,1920,1080
2026-09-15T14:48:09.592Z,camera_0,1,18.55,0.00,18.55,746496.00,100.0,2000,null,null,10,1920,1080
2026-09-15T14:48:09.593Z,camera_1,1,0.00,0.00,0.00,110592.00,100.0,2000,null,null,120,640,480
2026-09-15T14:48:09.594Z,camera_0,1,2282.79,2264.24,18.55,746496.00,100.0,2000,null,null,10,1920,1080
2026-09-15T14:48:12.593Z,camera_0,1,27.07,0.00,27.07,746496.00,100.0,2000,null,null,10,1920,1080
2026-09-15T14:48:12.593Z,camera_1,1,0.00,0.00,0.00,147571.20,100.0,2000,null,null,30,854,480
2026-09-15T14:48:12.593Z,camera_0,1,1798.35,1771.28,27.07,746496.00,100.0,2000,null,null,10,1920,1080
2026-09-15T14:48:15.709Z,camera_0,1,19.05,0.00,19.05,746496.00,100.0,2000,null,null,10,1920,1080
2026-09-15T14:48:15.710Z,camera_1,1,361.13,0.00,361.13,110592.00,99.7,2000,null,null,120,640,480
2026-09-15T14:48:15.711Z,camera_0,1,4902.38,4522.20,380.18,746496.00,99.9,2000,null,null,10,1920,1080
2026-09-15T14:48:18.740Z,camera_0,1,33.09,0.00,33.09,746496.00,100.0,2000,null,null,10,1920,1080
2026-09-15T14:48:18.740Z,camera_1,1,554.68,0.00,554.68,147571.20,99.6,2000,null,null,30,854,480
2026-09-15T14:48:18.741Z,camera_0,1,2388.97,1801.20,587.77,746496.00,99.9,2000,null,null,10,1920,1080
2026-09-15T14:48:21.786Z,camera_0,1,23.56,0.00,23.56,746496.00,100.0,2000,null,null,10,1920,1080
2026-09-15T14:48:21.787Z,camera_1,1,0.00,0.00,0.00,110592.00,100.0,2000,null,null,120,640,480
2026-09-15T14:48:21.788Z,camera_0,1,2557.51,2533.95,23.56,746496.00,100.0,2000,null,null,10,1920,1080
2026-09-15T14:48:24.786Z,camera_0,1,30.58,0.00,30.58,746496.00,100.0,2000,null,null,10,1920,1080
2026-09-15T14:48:24.787Z,camera_1,1,0.00,0.00,0.00,110592.00,100.0,2000,null,null,120,640,480
2026-09-15T14:48:24.787Z,camera_0,1,4943.51,4912.93,30.58,746496.00,100.0,2000,null,null,10,1920,1080
2026-09-15T14:48:27.787Z,camera_0,1,22.06,0.00,22.06,746496.00,100.0,2000,null,null,10,1920,1080
2026-09-15T14:48:27.787Z,camera_1,1,0.00,0.00,0.00,110592.00,100.0,2000,null,null,120,640,480
2026-09-15T14:48:27.788Z,camera_0,1,1082.07,1060.01,22.06,746496.00,100.0,2000,null,null,10,1920,1080
2026-09-15T14:48:30.788Z,camera_0,1,42.11,0.00,42.11,746496.00,100.0,2000,null,null,10,1920,1080
2026-09-15T14:48:30.789Z,camera_1,1,409.00,0.00,409.00,110592.00,99.6,2000,null,null,120,640,480
2026-09-15T14:48:30.789Z,camera_0,1,3224.76,2773.64,451.11,746496.00,99.9,2000,null,null,10,1920,1080
2026-09-15T14:48:33.790Z,camera_0,1,2.01,0.00,2.01,746496.00,100.0,2000,null,null,10,1920,1080
2026-09-15T14:48:33.791Z,camera_1,1,0.00,0.00,0.00,110592.00,100.0,2000,null,null,120,640,480
2026-09-15T14:48:33.791Z,camera_0,1,2676.70,2674.70,2.01,746496.00,100.0,2000,null,null,10,1920,1080
2026-09-15T14:48:36.932Z,camera_0,1,16.04,0.00,16.04,746496.00,100.0,2000,null,null,10,1920,1080
2026-09-15T14:48:36.933Z,camera_1,1,0.00,0.00,0.00,110592.00,100.0,2000,null,null,120,640,480
2026-09-15T14:48:36.933Z,camera_0,1,2663.42,2647.38,16.04,746496.00,100.0,2000,null,null,10,1920,1080
2026-09-15T14:48:39.932Z,camera_0,1,9.53,0.00,9.53,746496.00,100.0,2000,null,null,10,1920,1080
2026-09-15T14:48:39.933Z,camera_1,1,0.00,0.00,0.00,110592.00,100.0,2000,null,null,120,640,480
2026-09-15T14:48:39.933Z,camera_0,1,131.54,122.02,9.53,746496.00,100.0,2000,null,null,10,1920,1080
2026-09-15T14:48:42.933Z,camera_0,1,0.00,0.00,0.00,147571.20,100.0,2000,null,null,30,854,480
2026-09-15T14:48:42.934Z,camera_1,1,0.00,0.00,0.00,147571.20,100.0,2000,null,null,30,854,480
2026-09-15T14:48:42.934Z,camera_0,1,1588.67,1588.67,0.00,147571.20,100.0,2000,null,null,30,854,480
2026-09-15T14:48:45.934Z,camera_0,1,0.00,0.00,0.00,147571.20,100.0,2000,null,null,30,854,480
2026-09-15T14:48:45.938Z,camera_1,1,0.00,0.00,0.00,110592.00,100.0,2000,null,null,120,640,480
2026-09-15T14:48:45.942Z,camera_0,1,2626.50,2626.50,0.00,147571.20,100.0,2000,null,null,30,854,480
2026-09-15T14:48:49.056Z,camera_0,1,0.00,0.00,0.00,147571.20,100.0,2000,null,null,30,854,480
2026-09-15T14:48:49.057Z,camera_1,1,0.00,0.00,0.00,110592.00,100.0,2000,null,null,120,640,480
2026-09-15T14:48:49.057Z,camera_0,1,2524.34,2524.34,0.00,147571.20,100.0,2000,null,null,30,854,480
2026-09-15T14:48:52.112Z,camera_0,1,19.05,0.00,19.05,147571.20,100.0,2000,null,null,30,854,480
2026-09-15T14:48:52.116Z,camera_1,1,0.00,0.00,0.00,110592.00,100.0,2000,null,null,120,640,480
2026-09-15T14:48:52.117Z,camera_0,1,3124.74,3105.69,19.05,147571.20,100.0,2000,null,null,30,854,480
2026-09-15T14:48:55.112Z,camera_0,1,10.53,0.00,10.53,147571.20,100.0,2000,null,null,30,854,480
2026-09-15T14:48:55.112Z,camera_1,1,0.00,0.00,0.00,110592.00,100.0,2000,null,null,120,640,480
2026-09-15T14:48:55.113Z,camera_0,1,1465.68,1455.15,10.53,147571.20,100.0,2000,null,null,30,854,480
2026-09-15T14:48:58.112Z,camera_0,1,30.58,0.00,30.58,147571.20,100.0,2000,null,null,30,854,480
2026-09-15T14:48:58.114Z,camera_1,1,0.00,0.00,0.00,147571.20,100.0,2000,null,null,30,854,480
2026-09-15T14:48:58.114Z,camera_0,1,841.66,811.07,30.58,147571.20,100.0,2000,null,null,30,854,480
2026-09-15T14:49:01.112Z,camera_0,1,0.00,0.00,0.00,147571.20,100.0,2000,null,null,30,854,480
2026-09-15T14:49:01.116Z,camera_1,1,0.00,0.00,0.00,147571.20,100.0,2000,null,null,30,854,480
2026-09-15T14:49:01.117Z,camera_0,1,0.00,0.00,0.00,147571.20,100.0,2000,null,null,30,854,480
2026-09-15T14:49:04.113Z,camera_0,1,0.00,0.00,0.00,746496.00,100.0,2000,null,null,10,1920,1080
2026-09-15T14:49:04.114Z,camera_1,1,0.00,0.00,0.00,110592.00,100.0,2000,null,null,120,640,480
2026-09-15T14:49:04.116Z,camera_0,1,2097.17,2097.17,0.00,746496.00,100.0,2000,null,null,10,1920,1080
2026-09-15T14:49:07.114Z,camera_0,1,0.00,0.00,0.00,746496.00,100.0,2000,null,null,10,1920,1080
2026-09-15T14:49:07.115Z,camera_1,1,0.00,0.00,0.00,110592.00,100.0,2000,null,null,120,640,480
2026-09-15T14:49:07.115Z,camera_0,1,2792.29,2792.29,0.00,746496.00,100.0,2000,null,null,10,1920,1080
2026-09-15T14:49:10.115Z,camera_0,1,0.00,0.00,0.00,147571.20,100.0,2000,null,null,30,854,480
2026-09-15T14:49:10.115Z,camera_1,1,0.00,0.00,0.00,110592.00,100.0,2000,null,null,120,640,480
2026-09-15T14:49:10.117Z,camera_0,1,2914.31,2914.31,0.00,147571.20,100.0,2000,null,null,30,854,480
2026-09-15T14:49:13.115Z,camera_0,1,0.00,0.00,0.00,147571.20,100.0,2000,null,null,30,854,480
2026-09-15T14:49:13.116Z,camera_1,1,0.00,0.00,0.00,110592.00,100.0,2000,null,null,120,640,480
2026-09-15T14:49:13.117Z,camera_0,1,570.15,570.15,0.00,147571.20,100.0,2000,null,null,30,854,480
2026-09-15T14:49:16.116Z,camera_0,1,0.00,0.00,0.00,110592.00,100.0,2000,null,null,120,640,480
2026-09-15T14:49:16.116Z,camera_1,1,0.00,0.00,0.00,147571.20,100.0,2000,null,null,30,854,480
2026-09-15T14:49:16.117Z,camera_0,1,1414.21,1414.21,0.00,110592.00,100.0,2000,null,null,120,640,480
2026-09-15T14:49:19.116Z,camera_0,1,0.00,0.00,0.00,110592.00,100.0,2000,null,null,120,640,480
2026-09-15T14:49:19.117Z,camera_1,1,0.00,0.00,0.00,110592.00,100.0,2000,null,null,120,640,480
2026-09-15T14:49:19.118Z,camera_0,1,3782.41,3782.41,0.00,110592.00,100.0,2000,null,null,120,640,480
2026-09-15T14:49:22.117Z,camera_0,1,44.62,0.00,44.62,147571.20,100.0,2000,null,null,30,854,480
2026-09-15T14:49:22.117Z,camera_1,1,0.00,0.00,0.00,110592.00,100.0,2000,null,null,120,640,480
2026-09-15T14:49:22.118Z,camera_0,1,5665.36,5620.74,44.62,147571.20,100.0,2000,null,null,30,854,480
2026-09-15T14:49:25.118Z,camera_0,1,14.54,0.00,14.54,147571.20,100.0,2000,null,null,30,854,480
2026-09-15T14:49:25.120Z,camera_1,1,0.00,0.00,0.00,147571.20,100.0,2000,null,null,30,854,480
2026-09-15T14:49:25.120Z,camera_0,1,2180.34,2165.80,14.54,147571.20,100.0,2000,null,null,30,854,480
2026-09-15T14:49:28.118Z,camera_0,1,31.58,0.00,31.58,110592.00,100.0,2000,null,null,120,640,480
2026-09-15T14:49:28.123Z,camera_1,1,605.61,0.00,605.61,110592.00,99.5,2000,null,null,120,640,480
2026-09-15T14:49:28.123Z,camera_0,1,3401.39,2764.20,637.19,110592.00,99.4,2000,null,null,120,640,480
2026-09-15T14:49:31.118Z,camera_0,1,0.00,0.00,0.00,110592.00,100.0,2000,null,null,120,640,480
2026-09-15T14:49:31.119Z,camera_1,1,0.00,0.00,0.00,110592.00,100.0,2000,null,null,120,640,480
2026-09-15T14:49:31.119Z,camera_0,1,5733.70,5733.70,0.00,110592.00,100.0,2000,null,null,120,640,480
2026-09-15T14:49:34.196Z,camera_0,1,28.58,0.00,28.58,110592.00,100.0,2000,null,null,120,640,480
2026-09-15T14:49:34.196Z,camera_1,1,0.00,0.00,0.00,147571.20,100.0,2000,null,null,30,854,480
2026-09-15T14:49:34.197Z,camera_0,1,2070.54,2041.97,28.58,110592.00,100.0,2000,null,null,120,640,480
2026-09-15T14:49:37.256Z,camera_0,1,43.11,0.00,43.11,110592.00,100.0,2000,null,null,120,640,480
2026-09-15T14:49:37.257Z,camera_1,1,0.00,0.00,0.00,110592.00,100.0,2000,null,null,120,640,480
2026-09-15T14:49:37.257Z,camera_0,1,2681.91,2638.79,43.11,110592.00,100.0,2000,null,null,120,640,480
2026-09-15T14:49:40.256Z,camera_0,1,65.17,0.00,65.17,110592.00,99.9,2000,null,null,120,640,480
2026-09-15T14:49:40.257Z,camera_1,1,0.00,0.00,0.00,110592.00,100.0,2000,null,null,120,640,480
2026-09-15T14:49:40.257Z,camera_0,1,2889.69,2824.51,65.17,110592.00,99.9,2000,null,null,120,640,480
2026-09-15T14:49:43.278Z,camera_0,1,48.13,0.00,48.13,110592.00,100.0,2000,null,null,120,640,480
2026-09-15T14:49:43.279Z,camera_1,1,0.00,0.00,0.00,147571.20,100.0,2000,null,null,30,854,480
2026-09-15T14:49:43.279Z,camera_0,1,1910.03,1861.91,48.13,110592.00,100.0,2000,null,null,120,640,480
2026-09-15T14:49:46.299Z,camera_0,1,55.65,0.00,55.65,110592.00,99.9,2000,null,null,120,640,480
2026-09-15T14:49:46.300Z,camera_1,1,0.00,0.00,0.00,110592.00,100.0,2000,null,null,120,640,480
2026-09-15T14:49:46.300Z,camera_0,1,2717.03,2661.39,55.65,110592.00,99.9,2000,null,null,120,640,480
2026-09-15T14:49:49.304Z,camera_0,1,29.58,0.00,29.58,110592.00,100.0,2000,null,null,120,640,480
2026-09-15T14:49:49.304Z,camera_1,1,0.00,0.00,0.00,110592.00,100.0,2000,null,null,120,640,480
2026-09-15T14:49:49.305Z,camera_0,1,5077.60,5048.02,29.58,110592.00,100.0,2000,null,null,120,640,480
2026-09-15T14:49:52.307Z,camera_0,1,50.13,0.00,50.13,110592.00,100.0,2000,null,null,120,640,480
2026-09-15T14:49:52.307Z,camera_1,1,0.00,0.00,0.00,147571.20,100.0,2000,null,null,30,854,480
2026-09-15T14:49:52.307Z,camera_0,1,2250.35,2200.22,50.13,110592.00,100.0,2000,null,null,120,640,480
2026-09-15T14:49:55.305Z,camera_0,1,62.67,0.00,62.67,110592.00,99.9,2000,null,null,120,640,480
2026-09-15T14:49:55.306Z,camera_1,1,0.00,0.00,0.00,110592.00,100.0,2000,null,null,120,640,480
2026-09-15T14:49:55.306Z,camera_0,1,2797.78,2735.11,62.67,110592.00,99.9,2000,null,null,120,640,480
2026-09-15T14:49:58.345Z,camera_0,1,58.15,0.00,58.15,110592.00,99.9,2000,null,null,120,640,480
2026-09-15T14:49:58.346Z,camera_1,1,0.00,0.00,0.00,110592.00,100.0,2000,null,null,120,640,480
2026-09-15T14:49:58.346Z,camera_0,1,3769.87,3711.71,58.15,110592.00,99.9,2000,null,null,120,640,480
2026-09-15T14:50:01.370Z,camera_0,1,75.20,0.00,75.20,110592.00,99.9,2000,null,null,120,640,480
2026-09-15T14:50:01.370Z,camera_1,1,0.00,0.00,0.00,110592.00,100.0,2000,null,null,120,640,480
2026-09-15T14:50:01.371Z,camera_0,1,3878.69,3803.49,75.20,110592.00,99.9,2000,null,null,120,640,480
2026-09-15T14:50:04.406Z,camera_0,1,67.18,0.00,67.18,110592.00,99.9,2000,null,null,120,640,480
2026-09-15T14:50:04.411Z,camera_1,1,0.00,0.00,0.00,110592.00,100.0,2000,null,null,120,640,480
2026-09-15T14:50:04.411Z,camera_0,1,6133.67,6066.49,67.18,110592.00,99.9,2000,null,null,120,640,480
2026-09-15T14:50:07.406Z,camera_0,1,44.12,0.00,44.12,110592.00,100.0,2000,null,null,120,640,480
2026-09-15T14:50:07.407Z,camera_1,1,0.00,0.00,0.00,110592.00,100.0,2000,null,null,120,640,480
2026-09-15T14:50:07.409Z,camera_0,1,3501.69,3457.57,44.12,110592.00,100.0,2000,null,null,120,640,480
2026-09-15T14:50:10.483Z,camera_0,1,62.17,0.00,62.17,110592.00,99.9,2000,null,null,120,640,480
2026-09-15T14:50:10.491Z,camera_1,1,403.07,0.00,403.07,110592.00,99.6,2000,null,null,120,640,480
2026-09-15T14:50:10.491Z,camera_0,1,4059.83,3594.59,465.24,110592.00,99.6,2000,null,null,120,640,480
2026-09-15T14:50:13.484Z,camera_0,1,44.62,0.00,44.62,110592.00,100.0,2000,null,null,120,640,480
2026-09-15T14:50:13.484Z,camera_1,1,224.60,0.00,224.60,110592.00,99.8,2000,null,null,120,640,480
2026-09-15T14:50:13.485Z,camera_0,1,4289.70,4020.48,269.22,110592.00,99.8,2000,null,null,120,640,480
2026-09-15T14:50:16.484Z,camera_0,1,38.60,0.00,38.60,110592.00,100.0,2000,null,null,120,640,480
2026-09-15T14:50:16.484Z,camera_1,1,217.08,0.00,217.08,110592.00,99.8,2000,null,null,120,640,480
2026-09-15T14:50:16.484Z,camera_0,1,3243.25,2987.57,255.68,110592.00,99.8,2000,null,null,120,640,480
2026-09-15T14:50:19.533Z,camera_0,1,33.59,0.00,33.59,110592.00,100.0,2000,null,null,120,640,480
2026-09-15T14:50:19.534Z,camera_1,1,177.97,0.00,177.97,110592.00,99.8,2000,null,null,120,640,480
2026-09-15T14:50:19.534Z,camera_0,1,2608.76,2397.20,211.56,110592.00,99.8,2000,null,null,120,640,480
2026-09-15T14:50:22.535Z,camera_0,1,33.09,0.00,33.09,110592.00,100.0,2000,null,null,120,640,480
2026-09-15T14:50:22.536Z,camera_1,1,185.49,0.00,185.49,110592.00,99.8,2000,null,null,120,640,480
2026-09-15T14:50:22.536Z,camera_0,1,2758.86,2540.28,218.58,110592.00,99.8,2000,null,null,120,640,480
2026-09-15T14:50:25.536Z,camera_0,1,35.59,0.00,35.59,110592.00,100.0,2000,null,null,120,640,480
2026-09-15T14:50:25.537Z,camera_1,1,355.45,0.00,355.45,110592.00,99.7,2000,null,null,120,640,480
2026-09-15T14:50:25.537Z,camera_0,1,3093.15,2702.11,391.04,110592.00,99.6,2000,null,null,120,640,480
2026-09-15T14:50:28.537Z,camera_0,1,41.11,0.00,41.11,110592.00,100.0,2000,null,null,120,640,480
2026-09-15T14:50:28.538Z,camera_1,1,173.96,0.00,173.96,110592.00,99.8,2000,null,null,120,640,480
2026-09-15T14:50:28.543Z,camera_0,1,3486.22,3271.14,215.07,110592.00,99.8,2000,null,null,120,640,480
2026-09-15T14:50:31.539Z,camera_0,1,36.60,0.00,36.60,110592.00,100.0,2000,null,null,120,640,480
2026-09-15T14:50:31.541Z,camera_1,1,133.35,0.00,133.35,110592.00,99.9,2000,null,null,120,640,480
2026-09-15T14:50:31.541Z,camera_0,1,3478.52,3308.57,169.95,110592.00,99.8,2000,null,null,120,640,480
2026-09-15T14:50:34.637Z,camera_0,1,35.59,0.00,35.59,110592.00,100.0,2000,null,null,120,640,480
2026-09-15T14:50:34.638Z,camera_1,1,223.59,0.00,223.59,110592.00,99.8,2000,null,null,120,640,480
2026-09-15T14:50:34.638Z,camera_0,1,4253.08,3993.89,259.19,110592.00,99.8,2000,null,null,120,640,480
2026-09-15T14:50:37.638Z,camera_0,1,46.62,0.00,46.62,110592.00,100.0,2000,null,null,120,640,480
2026-09-15T14:50:37.638Z,camera_1,1,213.57,0.00,213.57,110592.00,99.8,2000,null,null,120,640,480
2026-09-15T14:50:37.638Z,camera_0,1,3312.40,3052.21,260.19,110592.00,99.8,2000,null,null,120,640,480
2026-09-15T14:50:40.638Z,camera_0,1,39.10,0.00,39.10,110592.00,100.0,2000,null,null,120,640,480
2026-09-15T14:50:40.638Z,camera_1,1,293.28,0.00,293.28,110592.00,99.7,2000,null,null,120,640,480
2026-09-15T14:50:40.639Z,camera_0,1,4005.18,3672.79,332.38,110592.00,99.7,2000,null,null,120,640,480
2026-09-15T14:50:43.670Z,camera_0,1,46.62,0.00,46.62,110592.00,100.0,2000,null,null,120,640,480
2026-09-15T14:50:43.671Z,camera_1,1,342.91,0.00,342.91,110592.00,99.7,2000,null,null,120,640,480
2026-09-15T14:50:43.671Z,camera_0,1,4444.27,4054.73,389.54,110592.00,99.6,2000,null,null,120,640,480
2026-09-15T14:50:46.705Z,camera_0,1,58.66,0.00,58.66,110592.00,99.9,2000,null,null,120,640,480
2026-09-15T14:50:46.708Z,camera_1,1,243.15,0.00,243.15,110592.00,99.8,2000,null,null,120,640,480
2026-09-15T14:50:46.708Z,camera_0,1,4875.11,4573.30,301.80,110592.00,99.7,2000,null,null,120,640,480
2026-09-15T14:50:49.796Z,camera_0,1,59.66,0.00,59.66,110592.00,99.9,2000,null,null,120,640,480
2026-09-15T14:50:49.796Z,camera_1,1,230.11,0.00,230.11,110592.00,99.8,2000,null,null,120,640,480
2026-09-15T14:50:49.796Z,camera_0,1,3666.11,3376.34,289.77,110592.00,99.7,2000,null,null,120,640,480
2026-09-15T14:50:52.855Z,camera_0,1,43.62,0.00,43.62,110592.00,100.0,2000,null,null,120,640,480
2026-09-15T14:50:52.856Z,camera_1,1,250.67,0.00,250.67,110592.00,99.8,2000,null,null,120,640,480
2026-09-15T14:50:52.856Z,camera_0,1,4960.80,4666.52,294.28,110592.00,99.7,2000,null,null,120,640,480
2026-09-15T14:50:55.861Z,camera_0,1,47.63,0.00,47.63,110592.00,100.0,2000,null,null,120,640,480
2026-09-15T14:50:55.864Z,camera_1,1,193.51,0.00,193.51,110592.00,99.8,2000,null,null,120,640,480
2026-09-15T14:50:55.864Z,camera_0,1,4426.95,4185.81,241.14,110592.00,99.8,2000,null,null,120,640,480
2026-09-15T14:50:58.899Z,camera_0,1,44.12,0.00,44.12,110592.00,100.0,2000,null,null,120,640,480
2026-09-15T14:50:58.899Z,camera_1,1,286.76,0.00,286.76,110592.00,99.7,2000,null,null,120,640,480
2026-09-15T14:50:58.899Z,camera_0,1,3879.80,3548.92,330.88,110592.00,99.7,2000,null,null,120,640,480
2026-09-15T14:51:01.898Z,camera_0,1,45.62,0.00,45.62,110592.00,100.0,2000,null,null,120,640,480
2026-09-15T14:51:01.899Z,camera_1,1,274.23,0.00,274.23,110592.00,99.8,2000,null,null,120,640,480
2026-09-15T14:51:01.900Z,camera_0,1,4520.86,4201.01,319.85,110592.00,99.7,2000,null,null,120,640,480
2026-09-15T14:51:04.983Z,camera_0,1,53.14,0.00,53.14,110592.00,100.0,2000,null,null,120,640,480
2026-09-15T14:51:04.983Z,camera_1,1,188.00,0.00,188.00,110592.00,99.8,2000,null,null,120,640,480
2026-09-15T14:51:04.986Z,camera_0,1,4016.06,3774.91,241.14,110592.00,99.8,2000,null,null,120,640,480
2026-09-15T14:51:08.002Z,camera_0,1,59.66,0.00,59.66,110592.00,99.9,2000,null,null,120,640,480
2026-09-15T14:51:08.003Z,camera_1,1,283.75,0.00,283.75,110592.00,99.7,2000,null,null,120,640,480
2026-09-15T14:51:08.003Z,camera_0,1,4964.27,4620.86,343.41,110592.00,99.7,2000,null,null,120,640,480
2026-09-15T14:51:11.004Z,camera_0,1,45.62,0.00,45.62,110592.00,100.0,2000,null,null,120,640,480
2026-09-15T14:51:11.005Z,camera_1,1,335.39,0.00,335.39,110592.00,99.7,2000,null,null,120,640,480
2026-09-15T14:51:11.005Z,camera_0,1,4235.95,3854.94,381.01,110592.00,99.7,2000,null,null,120,640,480
2026-09-15T14:51:14.041Z,camera_0,1,41.61,0.00,41.61,110592.00,100.0,2000,null,null,120,640,480
2026-09-15T14:51:14.041Z,camera_1,1,347.93,0.00,347.93,110592.00,99.7,2000,null,null,120,640,480
2026-09-15T14:51:14.041Z,camera_0,1,3796.33,3406.79,389.54,110592.00,99.6,2000,null,null,120,640,480
2026-09-15T14:51:17.045Z,camera_0,1,56.65,0.00,56.65,110592.00,99.9,2000,null,null,120,640,480
2026-09-15T14:51:17.045Z,camera_1,1,259.69,0.00,259.69,110592.00,99.8,2000,null,null,120,640,480
2026-09-15T14:51:17.046Z,camera_0,1,4570.43,4254.09,316.34,110592.00,99.7,2000,null,null,120,640,480
2026-09-15T14:51:20.071Z,camera_0,1,41.11,0.00,41.11,110592.00,100.0,2000,null,null,120,640,480
2026-09-15T14:51:20.071Z,camera_1,1,269.72,0.00,269.72,110592.00,99.8,2000,null,null,120,640,480
2026-09-15T14:51:20.071Z,camera_0,1,3939.02,3628.19,310.83,110592.00,99.7,2000,null,null,120,640,480
2026-09-15T14:51:23.070Z,camera_0,1,41.11,0.00,41.11,110592.00,100.0,2000,null,null,120,640,480
2026-09-15T14:51:23.071Z,camera_1,1,309.32,0.00,309.32,110592.00,99.7,2000,null,null,120,640,480
2026-09-15T14:51:23.071Z,camera_0,1,5281.71,4931.28,350.43,110592.00,99.7,2000,null,null,120,640,480
2026-09-15T14:51:26.071Z,camera_0,1,39.61,0.00,39.61,110592.00,100.0,2000,null,null,120,640,480
2026-09-15T14:51:26.071Z,camera_1,1,432.15,0.00,432.15,110592.00,99.6,2000,null,null,120,640,480
2026-09-15T14:51:26.073Z,camera_0,1,4999.64,4527.89,471.75,110592.00,99.6,2000,null,null,120,640,480
2026-09-15T14:51:29.070Z,camera_0,1,46.12,0.00,46.12,110592.00,100.0,2000,null,null,120,640,480
2026-09-15T14:51:29.071Z,camera_1,1,225.60,0.00,225.60,110592.00,99.8,2000,null,null,120,640,480
2026-09-15T14:51:29.071Z,camera_0,1,5876.04,5604.31,271.72,110592.00,99.8,2000,null,null,120,640,480
2026-09-15T14:51:32.127Z,camera_0,1,37.10,0.00,37.10,110592.00,100.0,2000,null,null,120,640,480
2026-09-15T14:51:32.130Z,camera_1,1,271.22,0.00,271.22,110592.00,99.8,2000,null,null,120,640,480
2026-09-15T14:51:32.130Z,camera_0,1,4478.69,4170.37,308.32,110592.00,99.7,2000,null,null,120,640,480
2026-09-15T14:51:35.129Z,camera_0,1,52.14,0.00,52.14,110592.00,100.0,2000,null,null,120,640,480
2026-09-15T14:51:35.129Z,camera_1,1,353.94,0.00,353.94,110592.00,99.7,2000,null,null,120,640,480
2026-09-15T14:51:35.130Z,camera_0,1,4707.31,4301.23,406.08,110592.00,99.6,2000,null,null,120,640,480
2026-09-15T14:51:38.131Z,camera_0,1,63.67,0.00,63.67,110592.00,99.9,2000,null,null,120,640,480
2026-09-15T14:51:38.131Z,camera_1,1,297.79,0.00,297.79,110592.00,99.7,2000,null,null,120,640,480
2026-09-15T14:51:38.131Z,camera_0,1,4550.00,4188.54,361.46,110592.00,99.7,2000,null,null,120,640,480
2026-09-15T14:51:41.131Z,camera_0,1,64.67,0.00,64.67,110592.00,99.9,2000,null,null,120,640,480
2026-09-15T14:51:41.132Z,camera_1,1,356.95,0.00,356.95,110592.00,99.7,2000,null,null,120,640,480
2026-09-15T14:51:41.132Z,camera_0,1,4697.10,4275.48,421.62,110592.00,99.6,2000,null,null,120,640,480
2026-09-15T14:51:44.160Z,camera_0,1,60.16,0.00,60.16,110592.00,99.9,2000,null,null,120,640,480
2026-09-15T14:51:44.162Z,camera_1,1,444.68,0.00,444.68,110592.00,99.6,2000,null,null,120,640,480
2026-09-15T14:51:44.165Z,camera_0,1,4615.69,4110.85,504.84,110592.00,99.5,2000,null,null,120,640,480
2026-09-15T14:51:47.237Z,camera_0,1,52.14,0.00,52.14,110592.00,100.0,2000,null,null,120,640,480
2026-09-15T14:51:47.237Z,camera_1,1,200.53,0.00,200.53,110592.00,99.8,2000,null,null,120,640,480
2026-09-15T14:51:47.240Z,camera_0,1,5675.05,5422.37,252.67,110592.00,99.8,2000,null,null,120,640,480
2026-09-15T14:51:50.238Z,camera_0,1,63.17,0.00,63.17,110592.00,99.9,2000,null,null,120,640,480
2026-09-15T14:51:50.238Z,camera_1,1,320.35,0.00,320.35,110592.00,99.7,2000,null,null,120,640,480
2026-09-15T14:51:50.239Z,camera_0,1,4698.40,4314.88,383.52,110592.00,99.7,2000,null,null,120,640,480
2026-09-15T14:51:53.238Z,camera_0,1,39.61,0.00,39.61,110592.00,100.0,2000,null,null,120,640,480
2026-09-15T14:51:53.239Z,camera_1,1,280.75,0.00,280.75,110592.00,99.7,2000,null,null,120,640,480
2026-09-15T14:51:53.241Z,camera_0,1,4795.31,4474.96,320.35,110592.00,99.7,2000,null,null,120,640,480
2026-09-15T14:51:56.239Z,camera_0,1,43.11,0.00,43.11,110592.00,100.0,2000,null,null,120,640,480
2026-09-15T14:51:56.239Z,camera_1,1,317.85,0.00,317.85,110592.00,99.7,2000,null,null,120,640,480
2026-09-15T14:51:56.240Z,camera_0,1,5756.35,5395.39,360.96,110592.00,99.7,2000,null,null,120,640,480
2026-09-15T14:51:59.240Z,camera_0,1,58.15,0.00,58.15,110592.00,99.9,2000,null,null,120,640,480
2026-09-15T14:51:59.241Z,camera_1,1,255.18,0.00,255.18,110592.00,99.8,2000,null,null,120,640,480
2026-09-15T14:51:59.241Z,camera_0,1,4443.95,4130.62,313.33,110592.00,99.7,2000,null,null,120,640,480
2026-09-15T14:52:02.243Z,camera_0,1,34.59,0.00,34.59,110592.00,100.0,2000,null,null,120,640,480
2026-09-15T14:52:02.244Z,camera_1,1,404.07,0.00,404.07,110592.00,99.6,2000,null,null,120,640,480
2026-09-15T14:52:02.244Z,camera_0,1,4643.61,4204.95,438.67,110592.00,99.6,2000,null,null,120,640,480
2026-09-15T14:52:05.253Z,camera_0,1,57.15,0.00,57.15,110592.00,99.9,2000,null,null,120,640,480
2026-09-15T14:52:05.253Z,camera_1,1,249.66,0.00,249.66,110592.00,99.8,2000,null,null,120,640,480
2026-09-15T14:52:05.253Z,camera_0,1,4205.10,3898.28,306.82,110592.00,99.7,2000,null,null,120,640,480
2026-09-15T14:52:08.317Z,camera_0,1,58.15,0.00,58.15,110592.00,99.9,2000,null,null,120,640,480
2026-09-15T14:52:08.318Z,camera_1,1,290.27,0.00,290.27,110592.00,99.7,2000,null,null,120,640,480
2026-09-15T14:52:08.318Z,camera_0,1,4927.70,4579.27,348.43,110592.00,99.7,2000,null,null,120,640,480
2026-09-15T14:52:11.319Z,camera_0,1,80.21,0.00,80.21,110592.00,99.9,2000,null,null,120,640,480
2026-09-15T14:52:11.319Z,camera_1,1,427.64,0.00,427.64,110592.00,99.6,2000,null,null,120,640,480
2026-09-15T14:52:11.320Z,camera_0,1,5918.25,5410.39,507.85,110592.00,99.5,2000,null,null,120,640,480
2026-09-15T14:52:14.322Z,camera_0,1,57.15,0.00,57.15,110592.00,99.9,2000,null,null,120,640,480
2026-09-15T14:52:14.322Z,camera_1,1,298.79,0.00,298.79,110592.00,99.7,2000,null,null,120,640,480
2026-09-15T14:52:14.323Z,camera_0,1,4977.22,4621.27,355.95,110592.00,99.7,2000,null,null,120,640,480
2026-09-15T14:52:17.320Z,camera_0,1,55.65,0.00,55.65,110592.00,99.9,2000,null,null,120,640,480
2026-09-15T14:52:17.321Z,camera_1,1,338.90,0.00,338.90,110592.00,99.7,2000,null,null,120,640,480
2026-09-15T14:52:17.321Z,camera_0,1,5106.62,4712.07,394.55,110592.00,99.6,2000,null,null,120,640,480
2026-09-15T14:52:20.320Z,camera_0,1,55.65,0.00,55.65,110592.00,99.9,2000,null,null,120,640,480
2026-09-15T14:52:20.321Z,camera_1,1,331.88,0.00,331.88,110592.00,99.7,2000,null,null,120,640,480
2026-09-15T14:52:20.321Z,camera_0,1,5446.27,5058.74,387.53,110592.00,99.6,2000,null,null,120,640,480
2026-09-15T14:52:23.321Z,camera_0,1,62.17,0.00,62.17,110592.00,99.9,2000,null,null,120,640,480
2026-09-15T14:52:23.321Z,camera_1,1,373.99,0.00,373.99,110592.00,99.7,2000,null,null,120,640,480
2026-09-15T14:52:23.321Z,camera_0,1,4284.17,3848.01,436.16,110592.00,99.6,2000,null,null,120,640,480
2026-09-15T14:52:26.322Z,camera_0,1,63.67,0.00,63.67,110592.00,99.9,2000,null,null,120,640,480
2026-09-15T14:52:26.322Z,camera_1,1,298.79,0.00,298.79,110592.00,99.7,2000,null,null,120,640,480
2026-09-15T14:52:26.322Z,camera_0,1,4646.46,4284.00,362.46,110592.00,99.7,2000,null,null,120,640,480
2026-09-15T14:52:29.370Z,camera_0,1,40.11,0.00,40.11,110592.00,100.0,2000,null,null,120,640,480
2026-09-15T14:52:29.370Z,camera_1,1,318.35,0.00,318.35,110592.00,99.7,2000,null,null,120,640,480
2026-09-15T14:52:29.371Z,camera_0,1,4448.04,4089.59,358.45,110592.00,99.7,2000,null,null,120,640,480
2026-09-15T14:52:32.424Z,camera_0,1,56.15,0.00,56.15,110592.00,99.9,2000,null,null,120,640,480
2026-09-15T14:52:32.424Z,camera_1,1,362.46,0.00,362.46,110592.00,99.7,2000,null,null,120,640,480
2026-09-15T14:52:32.424Z,camera_0,1,4675.91,4257.29,418.61,110592.00,99.6,2000,null,null,120,640,480
2026-09-15T14:52:35.424Z,camera_0,1,63.17,0.00,63.17,110592.00,99.9,2000,null,null,120,640,480
2026-09-15T14:52:35.425Z,camera_1,1,212.57,0.00,212.57,110592.00,99.8,2000,null,null,120,640,480
2026-09-15T14:52:35.425Z,camera_0,1,5426.51,5150.77,275.73,110592.00,99.8,2000,null,null,120,640,480
2026-09-15T14:52:38.425Z,camera_0,1,107.29,0.00,107.29,110592.00,99.9,2000,null,null,120,640,480
2026-09-15T14:52:38.425Z,camera_1,1,403.07,0.00,403.07,110592.00,99.6,2000,null,null,120,640,480
2026-09-15T14:52:38.425Z,camera_0,1,4543.85,4033.49,510.36,110592.00,99.5,2000,null,null,120,640,480
2026-09-15T14:52:41.457Z,camera_0,1,16.04,0.00,16.04,147571.20,100.0,2000,null,null,30,854,480
2026-09-15T14:52:41.457Z,camera_1,1,237.63,0.00,237.63,110592.00,99.8,2000,null,null,120,640,480
2026-09-15T14:52:41.458Z,camera_0,1,4832.25,4578.57,253.67,147571.20,99.8,2000,null,null,30,854,480
2026-09-15T14:52:44.460Z,camera_0,1,24.57,0.00,24.57,147571.20,100.0,2000,null,null,30,854,480
2026-09-15T14:52:44.460Z,camera_1,1,251.67,0.00,251.67,110592.00,99.8,2000,null,null,120,640,480
2026-09-15T14:52:44.460Z,camera_0,1,4609.54,4333.30,276.23,147571.20,99.8,2000,null,null,30,854,480
2026-09-15T14:52:47.460Z,camera_0,1,70.19,0.00,70.19,110592.00,99.9,2000,null,null,120,640,480
2026-09-15T14:52:47.461Z,camera_1,1,400.06,0.00,400.06,110592.00,99.6,2000,null,null,120,640,480
2026-09-15T14:52:47.461Z,camera_0,1,5025.07,4554.82,470.25,110592.00,99.6,2000,null,null,120,640,480
2026-09-15T14:52:50.483Z,camera_0,1,0.00,0.00,0.00,110592.00,100.0,2000,null,null,120,640,480
2026-09-15T14:52:50.483Z,camera_1,1,275.73,0.00,275.73,110592.00,99.8,2000,null,null,120,640,480
2026-09-15T14:52:50.484Z,camera_0,1,7252.90,6977.16,275.73,110592.00,99.8,2000,null,null,120,640,480
2026-09-15T14:52:53.526Z,camera_0,1,36.60,0.00,36.60,110592.00,100.0,2000,null,null,120,640,480
2026-09-15T14:52:53.527Z,camera_1,1,253.67,0.00,253.67,110592.00,99.8,2000,null,null,120,640,480
2026-09-15T14:52:53.527Z,camera_0,1,4143.38,3853.11,290.27,110592.00,99.7,2000,null,null,120,640,480
2026-09-15T14:52:56.611Z,camera_0,1,54.14,0.00,54.14,110592.00,100.0,2000,null,null,120,640,480
2026-09-15T14:52:56.615Z,camera_1,1,303.31,0.00,303.31,110592.00,99.7,2000,null,null,120,640,480
2026-09-15T14:52:56.615Z,camera_0,1,4794.58,4437.13,357.45,110592.00,99.7,2000,null,null,120,640,480
2026-09-15T14:52:59.667Z,camera_0,1,67.18,0.00,67.18,110592.00,99.9,2000,null,null,120,640,480
2026-09-15T14:52:59.669Z,camera_1,1,277.74,0.00,277.74,110592.00,99.7,2000,null,null,120,640,480
2026-09-15T14:52:59.669Z,camera_0,1,4372.89,4027.97,344.92,110592.00,99.7,2000,null,null,120,640,480
2026-09-15T14:53:02.665Z,camera_0,1,54.65,0.00,54.65,110592.00,100.0,2000,null,null,120,640,480
2026-09-15T14:53:02.668Z,camera_1,1,332.38,0.00,332.38,110592.00,99.7,2000,null,null,120,640,480
2026-09-15T14:53:02.668Z,camera_0,1,4228.94,3841.91,387.03,110592.00,99.7,2000,null,null,120,640,480
2026-09-15T14:53:05.728Z,camera_0,1,61.16,0.00,61.16,110592.00,99.9,2000,null,null,120,640,480
2026-09-15T14:53:05.728Z,camera_1,1,441.67,0.00,441.67,110592.00,99.6,2000,null,null,120,640,480
2026-09-15T14:53:05.729Z,camera_0,1,5396.80,4893.96,502.84,110592.00,99.5,2000,null,null,120,640,480
2026-09-15T14:53:08.728Z,camera_0,1,47.63,0.00,47.63,110592.00,100.0,2000,null,null,120,640,480
2026-09-15T14:53:08.736Z,camera_1,1,228.11,0.00,228.11,110592.00,99.8,2000,null,null,120,640,480
2026-09-15T14:53:08.736Z,camera_0,1,4649.66,4373.93,275.73,110592.00,99.8,2000,null,null,120,640,480
2026-09-15T14:53:11.732Z,camera_1,1,300.80,0.00,300.80,110592.00,99.7,2000,null,null,120,640,480
2026-09-15T14:53:11.733Z,camera_0,1,4877.39,4520.94,356.45,110592.00,99.7,2000,null,null,120,640,480
2026-09-15T14:53:11.730Z,camera_0,1,55.65,0.00,55.65,110592.00,99.9,2000,null,null,120,640,480
2026-09-15T14:53:14.731Z,camera_0,1,46.12,0.00,46.12,110592.00,100.0,2000,null,null,120,640,480
2026-09-15T14:53:14.731Z,camera_1,1,314.84,0.00,314.84,110592.00,99.7,2000,null,null,120,640,480
2026-09-15T14:53:14.732Z,camera_0,1,4978.82,4617.86,360.96,110592.00,99.7,2000,null,null,120,640,480
2026-09-15T14:53:17.732Z,camera_0,1,60.66,0.00,60.66,110592.00,99.9,2000,null,null,120,640,480
2026-09-15T14:53:17.732Z,camera_1,1,256.68,0.00,256.68,110592.00,99.8,2000,null,null,120,640,480
2026-09-15T14:53:17.733Z,camera_0,1,4615.37,4298.02,317.34,110592.00,99.7,2000,null,null,120,640,480
2026-09-15T14:53:20.809Z,camera_0,1,89.74,0.00,89.74,110592.00,99.9,2000,null,null,120,640,480
2026-09-15T14:53:20.811Z,camera_1,1,394.55,0.00,394.55,110592.00,99.6,2000,null,null,120,640,480
2026-09-15T14:53:20.811Z,camera_0,1,4815.06,4330.77,484.29,110592.00,99.6,2000,null,null,120,640,480
2026-09-15T14:53:23.817Z,camera_0,1,41.11,0.00,41.11,110592.00,100.0,2000,null,null,120,640,480
2026-09-15T14:53:23.817Z,camera_1,1,445.18,0.00,445.18,110592.00,99.6,2000,null,null,120,640,480
2026-09-15T14:53:23.817Z,camera_0,1,6018.02,5531.72,486.29,110592.00,99.6,2000,null,null,120,640,480
2026-09-15T14:53:26.817Z,camera_0,1,66.68,0.00,66.68,110592.00,99.9,2000,null,null,120,640,480
2026-09-15T14:53:26.817Z,camera_1,1,308.32,0.00,308.32,110592.00,99.7,2000,null,null,120,640,480
2026-09-15T14:53:26.817Z,camera_0,1,4852.45,4477.45,375.00,110592.00,99.7,2000,null,null,120,640,480
2026-09-15T14:53:29.817Z,camera_0,1,42.11,0.00,42.11,110592.00,100.0,2000,null,null,120,640,480
2026-09-15T14:53:29.817Z,camera_1,1,234.12,0.00,234.12,110592.00,99.8,2000,null,null,120,640,480
2026-09-15T14:53:29.818Z,camera_0,1,4350.02,4073.79,276.23,110592.00,99.8,2000,null,null,120,640,480
2026-09-15T14:53:32.880Z,camera_0,1,57.65,0.00,57.65,110592.00,99.9,2000,null,null,120,640,480
2026-09-15T14:53:32.880Z,camera_1,1,232.12,0.00,232.12,110592.00,99.8,2000,null,null,120,640,480
2026-09-15T14:53:32.880Z,camera_0,1,4710.22,4420.45,289.77,110592.00,99.7,2000,null,null,120,640,480
2026-09-15T14:53:35.897Z,camera_0,1,46.12,0.00,46.12,110592.00,100.0,2000,null,null,120,640,480
2026-09-15T14:53:35.897Z,camera_1,1,264.20,0.00,264.20,110592.00,99.8,2000,null,null,120,640,480
2026-09-15T14:53:35.897Z,camera_0,1,4807.63,4497.31,310.33,110592.00,99.7,2000,null,null,120,640,480
2026-09-15T14:53:38.944Z,camera_0,1,51.14,0.00,51.14,110592.00,100.0,2000,null,null,120,640,480
2026-09-15T14:53:38.945Z,camera_1,1,321.86,0.00,321.86,110592.00,99.7,2000,null,null,120,640,480
2026-09-15T14:53:38.945Z,camera_0,1,5069.95,4696.96,372.99,110592.00,99.7,2000,null,null,120,640,480
2026-09-15T14:53:41.945Z,camera_0,1,35.09,0.00,35.09,110592.00,100.0,2000,null,null,120,640,480
2026-09-15T14:53:41.945Z,camera_1,1,297.79,0.00,297.79,110592.00,99.7,2000,null,null,120,640,480
2026-09-15T14:53:41.945Z,camera_0,1,5054.48,4721.60,332.89,110592.00,99.7,2000,null,null,120,640,480
2026-09-15T14:53:44.945Z,camera_0,1,54.14,0.00,54.14,110592.00,100.0,2000,null,null,120,640,480
2026-09-15T14:53:44.946Z,camera_1,1,356.95,0.00,356.95,110592.00,99.7,2000,null,null,120,640,480
2026-09-15T14:53:44.946Z,camera_0,1,4715.41,4304.32,411.09,110592.00,99.6,2000,null,null,120,640,480
2026-09-15T14:53:48.007Z,camera_0,1,57.65,0.00,57.65,110592.00,99.9,2000,null,null,120,640,480
2026-09-15T14:53:48.008Z,camera_1,1,310.33,0.00,310.33,110592.00,99.7,2000,null,null,120,640,480
2026-09-15T14:53:48.008Z,camera_0,1,5305.79,4937.81,367.98,110592.00,99.7,2000,null,null,120,640,480
2026-09-15T14:53:51.094Z,camera_0,1,48.13,0.00,48.13,110592.00,100.0,2000,null,null,120,640,480
2026-09-15T14:53:51.095Z,camera_1,1,259.69,0.00,259.69,110592.00,99.8,2000,null,null,120,640,480
2026-09-15T14:53:51.095Z,camera_0,1,5392.00,5084.18,307.82,110592.00,99.7,2000,null,null,120,640,480
2026-09-15T14:53:54.191Z,camera_0,1,70.69,0.00,70.69,110592.00,99.9,2000,null,null,120,640,480
2026-09-15T14:53:54.191Z,camera_1,1,331.38,0.00,331.38,110592.00,99.7,2000,null,null,120,640,480
2026-09-15T14:53:54.192Z,camera_0,1,4994.51,4592.44,402.07,110592.00,99.6,2000,null,null,120,640,480
2026-09-15T14:53:57.192Z,camera_0,1,43.11,0.00,43.11,110592.00,100.0,2000,null,null,120,640,480
2026-09-15T14:53:57.192Z,camera_1,1,369.48,0.00,369.48,110592.00,99.7,2000,null,null,120,640,480
2026-09-15T14:53:57.192Z,camera_0,1,4200.42,3787.83,412.60,110592.00,99.6,2000,null,null,120,640,480
2026-09-15T14:54:00.191Z,camera_0,1,46.12,0.00,46.12,110592.00,100.0,2000,null,null,120,640,480
2026-09-15T14:54:00.192Z,camera_1,1,419.11,0.00,419.11,110592.00,99.6,2000,null,null,120,640,480
2026-09-15T14:54:00.192Z,camera_0,1,5108.67,4643.44,465.24,110592.00,99.6,2000,null,null,120,640,480
2026-09-15T14:54:03.192Z,camera_0,1,42.11,0.00,42.11,110592.00,100.0,2000,null,null,120,640,480
2026-09-15T14:54:03.192Z,camera_1,1,244.65,0.00,244.65,110592.00,99.8,2000,null,null,120,640,480
2026-09-15T14:54:03.192Z,camera_0,1,4876.59,4589.83,286.76,110592.00,99.7,2000,null,null,120,640,480
2026-09-15T14:54:06.192Z,camera_0,1,45.62,0.00,45.62,110592.00,100.0,2000,null,null,120,640,480
2026-09-15T14:54:06.192Z,camera_1,1,383.02,0.00,383.02,110592.00,99.7,2000,null,null,120,640,480
2026-09-15T14:54:06.192Z,camera_0,1,5866.48,5437.84,428.64,110592.00,99.6,2000,null,null,120,640,480
2026-09-15T14:54:09.370Z,camera_0,1,45.12,0.00,45.12,110592.00,100.0,2000,null,null,120,640,480
2026-09-15T14:54:09.377Z,camera_1,1,236.13,0.00,236.13,110592.00,99.8,2000,null,null,120,640,480
2026-09-15T14:54:09.379Z,camera_0,1,3804.13,3522.88,281.25,110592.00,99.7,2000,null,null,120,640,480
2026-09-15T14:54:12.371Z,camera_0,1,84.73,0.00,84.73,110592.00,99.9,2000,null,null,120,640,480
2026-09-15T14:54:12.372Z,camera_1,1,642.21,0.00,642.21,110592.00,99.4,2000,null,null,120,640,480
2026-09-15T14:54:12.372Z,camera_0,1,7145.73,6418.80,726.93,110592.00,99.3,2000,null,null,120,640,480
2026-09-15T14:54:15.371Z,camera_0,1,24.57,0.00,24.57,147571.20,100.0,2000,null,null,30,854,480
2026-09-15T14:54:15.372Z,camera_1,1,486.29,0.00,486.29,110592.00,99.6,2000,null,null,120,640,480
2026-09-15T14:54:15.377Z,camera_0,1,6185.62,5674.76,510.86,147571.20,99.7,2000,null,null,30,854,480
2026-09-15T14:54:18.416Z,camera_0,1,8.02,0.00,8.02,110592.00,100.0,2000,null,null,120,640,480
2026-09-15T14:54:18.418Z,camera_1,1,454.71,0.00,454.71,110592.00,99.6,2000,null,null,120,640,480
2026-09-15T14:54:18.418Z,camera_0,1,6221.51,5758.78,462.73,110592.00,99.6,2000,null,null,120,640,480
2026-09-15T14:54:21.493Z,camera_0,1,24.06,0.00,24.06,110592.00,100.0,2000,null,null,120,640,480
2026-09-15T14:54:21.493Z,camera_1,1,270.22,0.00,270.22,110592.00,99.8,2000,null,null,120,640,480
2026-09-15T14:54:21.493Z,camera_0,1,5883.14,5588.86,294.28,110592.00,99.7,2000,null,null,120,640,480
2026-09-15T14:54:24.522Z,camera_0,1,42.11,0.00,42.11,110592.00,100.0,2000,null,null,120,640,480
2026-09-15T14:54:24.525Z,camera_1,1,428.64,0.00,428.64,110592.00,99.6,2000,null,null,120,640,480
2026-09-15T14:54:24.525Z,camera_0,1,6136.46,5665.71,470.75,110592.00,99.6,2000,null,null,120,640,480
2026-09-15T14:54:27.704Z,camera_0,1,57.15,0.00,57.15,110592.00,99.9,2000,null,null,120,640,480
2026-09-15T14:54:27.706Z,camera_1,1,224.10,0.00,224.10,110592.00,99.8,2000,null,null,120,640,480
2026-09-15T14:54:27.707Z,camera_0,1,3926.37,3645.13,281.25,110592.00,99.7,2000,null,null,120,640,480
2026-09-15T14:54:30.705Z,camera_0,1,56.15,0.00,56.15,110592.00,99.9,2000,null,null,120,640,480
2026-09-15T14:54:30.706Z,camera_1,1,268.21,0.00,268.21,110592.00,99.8,2000,null,null,120,640,480
2026-09-15T14:54:30.707Z,camera_0,1,4020.75,3696.39,324.36,110592.00,99.7,2000,null,null,120,640,480
2026-09-15T14:54:33.706Z,camera_0,1,52.14,0.00,52.14,110592.00,100.0,2000,null,null,120,640,480
2026-09-15T14:54:33.706Z,camera_1,1,351.94,0.00,351.94,110592.00,99.7,2000,null,null,120,640,480
2026-09-15T14:54:33.707Z,camera_0,1,5388.80,4984.73,404.07,110592.00,99.6,2000,null,null,120,640,480
2026-09-15T14:54:36.709Z,camera_0,1,54.14,0.00,54.14,110592.00,100.0,2000,null,null,120,640,480
2026-09-15T14:54:36.710Z,camera_1,1,335.39,0.00,335.39,110592.00,99.7,2000,null,null,120,640,480
2026-09-15T14:54:36.710Z,camera_0,1,4545.12,4155.58,389.54,110592.00,99.6,2000,null,null,120,640,480
2026-09-15T14:54:39.749Z,camera_0,1,46.62,0.00,46.62,110592.00,100.0,2000,null,null,120,640,480
2026-09-15T14:54:39.749Z,camera_1,1,330.38,0.00,330.38,110592.00,99.7,2000,null,null,120,640,480
2026-09-15T14:54:39.749Z,camera_0,1,4775.22,4398.21,377.00,110592.00,99.7,2000,null,null,120,640,480
2026-09-15T14:54:42.747Z,camera_0,1,48.13,0.00,48.13,110592.00,100.0,2000,null,null,120,640,480
2026-09-15T14:54:42.748Z,camera_1,1,257.18,0.00,257.18,110592.00,99.8,2000,null,null,120,640,480
2026-09-15T14:54:42.748Z,camera_0,1,5176.56,4871.25,305.31,110592.00,99.7,2000,null,null,120,640,480
2026-09-15T14:54:45.758Z,camera_0,1,68.68,0.00,68.68,110592.00,99.9,2000,null,null,120,640,480
2026-09-15T14:54:45.759Z,camera_1,1,338.90,0.00,338.90,110592.00,99.7,2000,null,null,120,640,480
2026-09-15T14:54:45.760Z,camera_0,1,3746.72,3339.13,407.58,110592.00,99.6,2000,null,null,120,640,480
2026-09-15T14:54:48.759Z,camera_0,1,69.18,0.00,69.18,110592.00,99.9,2000,null,null,120,640,480
2026-09-15T14:54:48.759Z,camera_1,1,336.90,0.00,336.90,110592.00,99.7,2000,null,null,120,640,480
2026-09-15T14:54:48.759Z,camera_0,1,5959.47,5553.39,406.08,110592.00,99.6,2000,null,null,120,640,480
2026-09-15T14:54:51.796Z,camera_0,1,51.14,0.00,51.14,110592.00,100.0,2000,null,null,120,640,480
2026-09-15T14:54:51.796Z,camera_1,1,295.29,0.00,295.29,110592.00,99.7,2000,null,null,120,640,480
2026-09-15T14:54:51.796Z,camera_0,1,5476.45,5130.02,346.42,110592.00,99.7,2000,null,null,120,640,480
2026-09-15T14:54:54.796Z,camera_0,1,56.65,0.00,56.65,110592.00,99.9,2000,null,null,120,640,480
2026-09-15T14:54:54.800Z,camera_1,1,364.47,0.00,364.47,110592.00,99.7,2000,null,null,120,640,480
2026-09-15T14:54:54.800Z,camera_0,1,4889.83,4468.71,421.12,110592.00,99.6,2000,null,null,120,640,480
2026-09-15T14:54:57.797Z,camera_0,1,47.13,0.00,47.13,110592.00,100.0,2000,null,null,120,640,480
2026-09-15T14:54:57.797Z,camera_1,1,319.85,0.00,319.85,110592.00,99.7,2000,null,null,120,640,480
2026-09-15T14:54:57.797Z,camera_0,1,4795.33,4428.35,366.98,110592.00,99.7,2000,null,null,120,640,480
2026-09-15T14:55:00.796Z,camera_0,1,59.66,0.00,59.66,110592.00,99.9,2000,null,null,120,640,480
2026-09-15T14:55:00.797Z,camera_1,1,269.72,0.00,269.72,110592.00,99.8,2000,null,null,120,640,480
2026-09-15T14:55:00.797Z,camera_0,1,4949.25,4619.87,329.38,110592.00,99.7,2000,null,null,120,640,480
2026-09-15T14:55:03.838Z,camera_0,1,45.12,0.00,45.12,110592.00,100.0,2000,null,null,120,640,480
2026-09-15T14:55:03.838Z,camera_1,1,283.75,0.00,283.75,110592.00,99.7,2000,null,null,120,640,480
2026-09-15T14:55:03.838Z,camera_0,1,4466.45,4137.57,328.87,110592.00,99.7,2000,null,null,120,640,480
2026-09-15T14:55:06.838Z,camera_0,1,52.14,0.00,52.14,110592.00,100.0,2000,null,null,120,640,480
2026-09-15T14:55:06.839Z,camera_1,1,320.35,0.00,320.35,110592.00,99.7,2000,null,null,120,640,480
2026-09-15T14:55:06.839Z,camera_0,1,4867.71,4495.22,372.49,110592.00,99.7,2000,null,null,120,640,480
2026-09-15T14:55:09.892Z,camera_0,1,55.15,0.00,55.15,110592.00,100.0,2000,null,null,120,640,480
2026-09-15T14:55:09.893Z,camera_1,1,322.86,0.00,322.86,110592.00,99.7,2000,null,null,120,640,480
2026-09-15T14:55:09.893Z,camera_0,1,5543.69,5165.68,378.01,110592.00,99.7,2000,null,null,120,640,480
2026-09-15T14:55:12.905Z,camera_0,1,41.61,0.00,41.61,110592.00,100.0,2000,null,null,120,640,480
2026-09-15T14:55:12.907Z,camera_1,1,378.01,0.00,378.01,110592.00,99.7,2000,null,null,120,640,480
2026-09-15T14:55:12.907Z,camera_0,1,4969.53,4549.92,419.62,110592.00,99.6,2000,null,null,120,640,480
2026-09-15T14:55:15.998Z,camera_0,1,39.61,0.00,39.61,110592.00,100.0,2000,null,null,120,640,480
2026-09-15T14:55:16.005Z,camera_1,1,235.13,0.00,235.13,110592.00,99.8,2000,null,null,120,640,480
2026-09-15T14:55:16.005Z,camera_0,1,5144.80,4870.07,274.73,110592.00,99.8,2000,null,null,120,640,480
2026-09-15T14:55:19.086Z,camera_0,1,70.19,0.00,70.19,110592.00,99.9,2000,null,null,120,640,480
2026-09-15T14:55:19.086Z,camera_1,1,448.69,0.00,448.69,110592.00,99.6,2000,null,null,120,640,480
2026-09-15T14:55:19.087Z,camera_0,1,5457.42,4938.54,518.88,110592.00,99.5,2000,null,null,120,640,480
2026-09-15T14:55:22.080Z,camera_0,1,60.16,0.00,60.16,110592.00,99.9,2000,null,null,120,640,480
2026-09-15T14:55:22.080Z,camera_1,1,229.11,0.00,229.11,110592.00,99.8,2000,null,null,120,640,480
2026-09-15T14:55:22.080Z,camera_0,1,4842.31,4553.04,289.27,110592.00,99.7,2000,null,null,120,640,480
2026-09-15T14:55:25.144Z,camera_0,1,65.67,0.00,65.67,110592.00,99.9,2000,null,null,120,640,480
2026-09-15T14:55:25.144Z,camera_1,1,273.23,0.00,273.23,110592.00,99.8,2000,null,null,120,640,480
2026-09-15T14:55:25.144Z,camera_0,1,4511.90,4173.00,338.90,110592.00,99.7,2000,null,null,120,640,480
2026-09-15T14:55:28.146Z,camera_0,1,50.63,0.00,50.63,110592.00,100.0,2000,null,null,120,640,480
2026-09-15T14:55:28.147Z,camera_1,1,332.89,0.00,332.89,110592.00,99.7,2000,null,null,120,640,480
2026-09-15T14:55:28.147Z,camera_0,1,5520.77,5137.25,383.52,110592.00,99.7,2000,null,null,120,640,480
2026-09-15T14:55:31.146Z,camera_0,1,46.62,0.00,46.62,110592.00,100.0,2000,null,null,120,640,480
2026-09-15T14:55:31.147Z,camera_1,1,277.74,0.00,277.74,110592.00,99.7,2000,null,null,120,640,480
2026-09-15T14:55:31.148Z,camera_0,1,4336.82,4012.45,324.36,110592.00,99.7,2000,null,null,120,640,480
2026-09-15T14:55:34.146Z,camera_0,1,38.10,0.00,38.10,110592.00,100.0,2000,null,null,120,640,480
2026-09-15T14:55:34.146Z,camera_0,1,3711.91,3410.11,301.80,110592.00,99.7,2000,null,null,120,640,480
2026-09-15T14:55:34.146Z,camera_1,1,263.70,0.00,263.70,110592.00,99.8,2000,null,null,120,640,480
2026-09-15T14:55:37.149Z,camera_0,1,48.13,0.00,48.13,110592.00,100.0,2000,null,null,120,640,480
2026-09-15T14:55:37.150Z,camera_1,1,247.16,0.00,247.16,110592.00,99.8,2000,null,null,120,640,480
2026-09-15T14:55:37.150Z,camera_0,1,4476.15,4180.87,295.29,110592.00,99.7,2000,null,null,120,640,480
2026-09-15T14:55:40.218Z,camera_0,1,37.10,0.00,37.10,110592.00,100.0,2000,null,null,120,640,480
2026-09-15T14:55:40.219Z,camera_1,1,262.70,0.00,262.70,110592.00,99.8,2000,null,null,120,640,480
2026-09-15T14:55:40.219Z,camera_0,1,4061.73,3761.93,299.80,110592.00,99.7,2000,null,null,120,640,480
2026-09-15T14:55:43.219Z,camera_0,1,36.60,0.00,36.60,110592.00,100.0,2000,null,null,120,640,480
2026-09-15T14:55:43.220Z,camera_1,1,397.56,0.00,397.56,110592.00,99.6,2000,null,null,120,640,480
2026-09-15T14:55:43.220Z,camera_0,1,3722.98,3288.83,434.15,110592.00,99.6,2000,null,null,120,640,480
2026-09-15T14:55:46.231Z,camera_0,1,43.11,0.00,43.11,110592.00,100.0,2000,null,null,120,640,480
2026-09-15T14:55:46.231Z,camera_1,1,95.75,0.00,95.75,110592.00,99.9,2000,null,null,120,640,480
2026-09-15T14:55:46.234Z,camera_0,1,3644.43,3505.56,138.87,110592.00,99.9,2000,null,null,120,640,480
2026-09-15T14:55:49.396Z,camera_0,1,22.06,0.00,22.06,147571.20,100.0,2000,null,null,30,854,480
2026-09-15T14:55:49.399Z,camera_1,1,355.45,0.00,355.45,110592.00,99.7,2000,null,null,120,640,480
2026-09-15T14:55:49.399Z,camera_0,1,3863.66,3486.16,377.50,147571.20,99.7,2000,null,null,30,854,480
2026-09-15T14:55:52.397Z,camera_0,1,0.00,0.00,0.00,147571.20,100.0,2000,null,null,30,854,480
2026-09-15T14:55:52.400Z,camera_1,1,180.48,0.00,180.48,110592.00,99.8,2000,null,null,120,640,480
2026-09-15T14:55:52.400Z,camera_0,1,3674.20,3493.72,180.48,147571.20,99.9,2000,null,null,30,854,480
2026-09-15T14:55:55.734Z,camera_0,1,31.58,0.00,31.58,110592.00,100.0,2000,null,null,120,640,480
2026-09-15T14:55:55.738Z,camera_1,1,317.34,0.00,317.34,110592.00,99.7,2000,null,null,120,640,480
2026-09-15T14:55:55.742Z,camera_0,1,3661.17,3312.24,348.93,110592.00,99.7,2000,null,null,120,640,480
2026-09-15T14:55:58.734Z,camera_0,1,0.00,0.00,0.00,110592.00,100.0,2000,null,null,120,640,480
2026-09-15T14:55:58.735Z,camera_1,1,199.53,0.00,199.53,110592.00,99.8,2000,null,null,120,640,480
2026-09-15T14:55:58.735Z,camera_0,1,3897.04,3697.51,199.53,110592.00,99.8,2000,null,null,120,640,480
2026-09-15T14:56:01.756Z,camera_0,1,23.56,0.00,23.56,110592.00,100.0,2000,null,null,120,640,480
2026-09-15T14:56:01.756Z,camera_1,1,256.68,0.00,256.68,110592.00,99.8,2000,null,null,120,640,480
2026-09-15T14:56:01.756Z,camera_0,1,4029.97,3749.72,280.25,110592.00,99.7,2000,null,null,120,640,480
2026-09-15T14:56:04.791Z,camera_0,1,19.55,0.00,19.55,110592.00,100.0,2000,null,null,120,640,480
2026-09-15T14:56:04.791Z,camera_1,1,253.17,0.00,253.17,110592.00,99.8,2000,null,null,120,640,480
2026-09-15T14:56:04.791Z,camera_0,1,4783.00,4510.27,272.73,110592.00,99.8,2000,null,null,120,640,480
2026-09-15T14:56:07.859Z,camera_0,1,64.17,0.00,64.17,110592.00,99.9,2000,null,null,120,640,480
2026-09-15T14:56:07.859Z,camera_1,1,190.01,0.00,190.01,110592.00,99.8,2000,null,null,120,640,480
2026-09-15T14:56:07.860Z,camera_0,1,4344.45,4090.27,254.18,110592.00,99.8,2000,null,null,120,640,480
2026-09-15T14:56:10.997Z,camera_0,1,73.70,0.00,73.70,110592.00,99.9,2000,null,null,120,640,480
2026-09-15T14:56:11.002Z,camera_1,1,234.62,0.00,234.62,110592.00,99.8,2000,null,null,120,640,480
2026-09-15T14:56:11.002Z,camera_0,1,4910.02,4601.70,308.32,110592.00,99.7,2000,null,null,120,640,480
2026-09-15T14:56:13.997Z,camera_0,1,42.61,0.00,42.61,110592.00,100.0,2000,null,null,120,640,480
2026-09-15T14:56:13.998Z,camera_1,1,230.61,0.00,230.61,110592.00,99.8,2000,null,null,120,640,480
2026-09-15T14:56:14.002Z,camera_0,1,3892.06,3618.83,273.23,110592.00,99.8,2000,null,null,120,640,480
2026-09-15T14:56:16.997Z,camera_0,1,31.58,0.00,31.58,110592.00,100.0,2000,null,null,120,640,480
2026-09-15T14:56:16.998Z,camera_1,1,187.50,0.00,187.50,110592.00,99.8,2000,null,null,120,640,480
2026-09-15T14:56:16.998Z,camera_0,1,2954.52,2735.44,219.08,110592.00,99.8,2000,null,null,120,640,480
2026-09-15T14:56:20.091Z,camera_0,1,41.11,0.00,41.11,110592.00,100.0,2000,null,null,120,640,480
2026-09-15T14:56:20.092Z,camera_1,1,255.68,0.00,255.68,110592.00,99.8,2000,null,null,120,640,480
2026-09-15T14:56:20.092Z,camera_0,1,4291.92,3995.13,296.79,110592.00,99.7,2000,null,null,120,640,480
2026-09-15T14:56:23.091Z,camera_0,1,48.63,0.00,48.63,110592.00,100.0,2000,null,null,120,640,480
2026-09-15T14:56:23.096Z,camera_1,1,203.04,0.00,203.04,110592.00,99.8,2000,null,null,120,640,480
2026-09-15T14:56:23.096Z,camera_0,1,3744.27,3492.61,251.67,110592.00,99.8,2000,null,null,120,640,480
2026-09-15T14:56:26.092Z,camera_0,1,55.65,0.00,55.65,110592.00,99.9,2000,null,null,120,640,480
2026-09-15T14:56:26.093Z,camera_1,1,211.56,0.00,211.56,110592.00,99.8,2000,null,null,120,640,480
2026-09-15T14:56:26.093Z,camera_0,1,3587.27,3320.06,267.21,110592.00,99.8,2000,null,null,120,640,480
2026-09-15T14:56:29.095Z,camera_0,1,38.10,0.00,38.10,110592.00,100.0,2000,null,null,120,640,480
2026-09-15T14:56:29.095Z,camera_1,1,323.86,0.00,323.86,110592.00,99.7,2000,null,null,120,640,480
2026-09-15T14:56:29.096Z,camera_0,1,4858.27,4496.31,361.96,110592.00,99.7,2000,null,null,120,640,480
2026-09-15T14:56:32.093Z,camera_0,1,38.60,0.00,38.60,110592.00,100.0,2000,null,null,120,640,480
2026-09-15T14:56:32.094Z,camera_1,1,210.56,0.00,210.56,110592.00,99.8,2000,null,null,120,640,480
2026-09-15T14:56:32.094Z,camera_0,1,2734.22,2485.06,249.16,110592.00,99.8,2000,null,null,120,640,480
2026-09-15T14:56:35.096Z,camera_0,1,59.66,0.00,59.66,110592.00,99.9,2000,null,null,120,640,480
2026-09-15T14:56:35.096Z,camera_1,1,284.26,0.00,284.26,110592.00,99.7,2000,null,null,120,640,480
2026-09-15T14:56:35.096Z,camera_0,1,4366.00,4022.09,343.91,110592.00,99.7,2000,null,null,120,640,480
2026-09-15T14:56:38.098Z,camera_0,1,46.12,0.00,46.12,110592.00,100.0,2000,null,null,120,640,480
2026-09-15T14:56:38.098Z,camera_1,1,212.57,0.00,212.57,110592.00,99.8,2000,null,null,120,640,480
2026-09-15T14:56:38.098Z,camera_0,1,3370.45,3111.76,258.69,110592.00,99.8,2000,null,null,120,640,480
2026-09-15T14:56:41.218Z,camera_0,1,43.62,0.00,43.62,110592.00,100.0,2000,null,null,120,640,480
2026-09-15T14:56:41.220Z,camera_0,1,3428.06,3134.78,293.28,110592.00,99.7,2000,null,null,120,640,480
2026-09-15T14:56:41.219Z,camera_1,1,249.66,0.00,249.66,110592.00,99.8,2000,null,null,120,640,480
2026-09-15T14:56:44.219Z,camera_0,1,39.61,0.00,39.61,110592.00,100.0,2000,null,null,120,640,480
2026-09-15T14:56:44.219Z,camera_1,1,246.15,0.00,246.15,110592.00,99.8,2000,null,null,120,640,480
2026-09-15T14:56:44.220Z,camera_0,1,3861.55,3575.79,285.76,110592.00,99.7,2000,null,null,120,640,480
2026-09-15T14:56:47.222Z,camera_0,1,58.15,0.00,58.15,110592.00,99.9,2000,null,null,120,640,480
2026-09-15T14:56:47.222Z,camera_1,1,196.52,0.00,196.52,110592.00,99.8,2000,null,null,120,640,480
2026-09-15T14:56:47.222Z,camera_0,1,3492.63,3237.96,254.68,110592.00,99.8,2000,null,null,120,640,480
2026-09-15T14:56:50.221Z,camera_0,1,47.13,0.00,47.13,110592.00,100.0,2000,null,null,120,640,480
2026-09-15T14:56:50.222Z,camera_1,1,317.85,0.00,317.85,110592.00,99.7,2000,null,null,120,640,480
2026-09-15T14:56:50.225Z,camera_0,1,3677.23,3312.26,364.97,110592.00,99.7,2000,null,null,120,640,480
2026-09-15T14:56:53.722Z,camera_0,1,68.18,0.00,68.18,110592.00,99.9,2000,null,null,120,640,480
2026-09-15T14:56:53.723Z,camera_1,1,190.01,0.00,190.01,110592.00,99.8,2000,null,null,120,640,480
2026-09-15T14:56:53.723Z,camera_0,1,4887.27,4629.08,258.19,110592.00,99.8,2000,null,null,120,640,480
2026-09-15T14:56:56.722Z,camera_0,1,23.06,0.00,23.06,110592.00,100.0,2000,null,null,120,640,480
2026-09-15T14:56:56.724Z,camera_1,1,375.50,0.00,375.50,110592.00,99.7,2000,null,null,120,640,480
2026-09-15T14:56:56.724Z,camera_0,1,4206.89,3808.33,398.56,110592.00,99.6,2000,null,null,120,640,480
2026-09-15T14:56:59.722Z,camera_0,1,40.61,0.00,40.61,110592.00,100.0,2000,null,null,120,640,480
2026-09-15T14:56:59.723Z,camera_1,1,239.14,0.00,239.14,110592.00,99.8,2000,null,null,120,640,480
2026-09-15T14:56:59.723Z,camera_0,1,4443.67,4163.93,279.74,110592.00,99.7,2000,null,null,120,640,480
2026-09-15T14:57:02.746Z,camera_0,1,48.13,0.00,48.13,110592.00,100.0,2000,null,null,120,640,480
2026-09-15T14:57:02.746Z,camera_1,1,255.18,0.00,255.18,110592.00,99.8,2000,null,null,120,640,480
2026-09-15T14:57:02.747Z,camera_0,1,3887.49,3584.18,303.31,110592.00,99.7,2000,null,null,120,640,480
2026-09-15T14:57:05.792Z,camera_0,1,39.61,0.00,39.61,110592.00,100.0,2000,null,null,120,640,480
2026-09-15T14:57:05.793Z,camera_1,1,253.17,0.00,253.17,110592.00,99.8,2000,null,null,120,640,480
2026-09-15T14:57:05.793Z,camera_0,1,3914.41,3621.63,292.78,110592.00,99.7,2000,null,null,120,640,480
2026-09-15T14:57:08.792Z,camera_0,1,69.69,0.00,69.69,110592.00,99.9,2000,null,null,120,640,480
2026-09-15T14:57:08.793Z,camera_1,1,279.24,0.00,279.24,110592.00,99.7,2000,null,null,120,640,480
2026-09-15T14:57:08.793Z,camera_0,1,4002.52,3653.59,348.93,110592.00,99.7,2000,null,null,120,640,480
2026-09-15T14:57:11.794Z,camera_0,1,46.62,0.00,46.62,110592.00,100.0,2000,null,null,120,640,480
2026-09-15T14:57:11.795Z,camera_1,1,267.71,0.00,267.71,110592.00,99.8,2000,null,null,120,640,480
2026-09-15T14:57:11.795Z,camera_0,1,3904.81,3590.47,314.34,110592.00,99.7,2000,null,null,120,640,480
2026-09-15T14:57:14.795Z,camera_0,1,49.13,0.00,49.13,110592.00,100.0,2000,null,null,120,640,480
2026-09-15T14:57:14.796Z,camera_1,1,348.93,0.00,348.93,110592.00,99.7,2000,null,null,120,640,480
2026-09-15T14:57:14.796Z,camera_0,1,5214.83,4816.77,398.06,110592.00,99.6,2000,null,null,120,640,480
2026-09-15T14:57:17.818Z,camera_0,1,40.11,0.00,40.11,110592.00,100.0,2000,null,null,120,640,480
2026-09-15T14:57:17.818Z,camera_1,1,296.79,0.00,296.79,110592.00,99.7,2000,null,null,120,640,480
2026-09-15T14:57:17.819Z,camera_0,1,5037.39,4700.49,336.90,110592.00,99.7,2000,null,null,120,640,480
2026-09-15T14:57:20.818Z,camera_0,1,46.62,0.00,46.62,110592.00,100.0,2000,null,null,120,640,480
2026-09-15T14:57:20.819Z,camera_1,1,284.76,0.00,284.76,110592.00,99.7,2000,null,null,120,640,480
2026-09-15T14:57:20.819Z,camera_0,1,4613.74,4282.36,331.38,110592.00,99.7,2000,null,null,120,640,480
2026-09-15T14:57:23.821Z,camera_0,1,52.14,0.00,52.14,110592.00,100.0,2000,null,null,120,640,480
2026-09-15T14:57:23.822Z,camera_1,1,228.11,0.00,228.11,110592.00,99.8,2000,null,null,120,640,480
2026-09-15T14:57:23.822Z,camera_0,1,4581.35,4301.10,280.25,110592.00,99.7,2000,null,null,120,640,480
2026-09-15T14:57:26.824Z,camera_0,1,40.11,0.00,40.11,110592.00,100.0,2000,null,null,120,640,480
2026-09-15T14:57:26.824Z,camera_1,1,320.85,0.00,320.85,110592.00,99.7,2000,null,null,120,640,480
2026-09-15T14:57:26.827Z,camera_0,1,4666.75,4305.79,360.96,110592.00,99.7,2000,null,null,120,640,480
2026-09-15T14:57:29.825Z,camera_0,1,56.15,0.00,56.15,110592.00,99.9,2000,null,null,120,640,480
2026-09-15T14:57:29.825Z,camera_1,1,290.27,0.00,290.27,110592.00,99.7,2000,null,null,120,640,480
2026-09-15T14:57:29.825Z,camera_0,1,4589.44,4243.02,346.42,110592.00,99.7,2000,null,null,120,640,480
2026-09-15T14:57:32.844Z,camera_0,1,70.19,0.00,70.19,110592.00,99.9,2000,null,null,120,640,480
2026-09-15T14:57:32.844Z,camera_1,1,243.15,0.00,243.15,110592.00,99.8,2000,null,null,120,640,480
2026-09-15T14:57:32.844Z,camera_0,1,5560.19,5246.85,313.33,110592.00,99.7,2000,null,null,120,640,480
2026-09-15T14:57:35.911Z,camera_0,1,79.71,0.00,79.71,110592.00,99.9,2000,null,null,120,640,480
2026-09-15T14:57:35.915Z,camera_1,1,213.57,0.00,213.57,110592.00,99.8,2000,null,null,120,640,480
2026-09-15T14:57:35.915Z,camera_0,1,4021.02,3727.74,293.28,110592.00,99.7,2000,null,null,120,640,480
2026-09-15T14:57:38.998Z,camera_0,1,74.20,0.00,74.20,110592.00,99.9,2000,null,null,120,640,480
2026-09-15T14:57:38.998Z,camera_1,1,254.68,0.00,254.68,110592.00,99.8,2000,null,null,120,640,480
2026-09-15T14:57:38.998Z,camera_0,1,5198.30,4869.43,328.87,110592.00,99.7,2000,null,null,120,640,480
2026-09-15T14:57:42.280Z,camera_0,1,58.66,0.00,58.66,110592.00,99.9,2000,null,null,120,640,480
2026-09-15T14:57:42.280Z,camera_1,1,280.25,0.00,280.25,110592.00,99.7,2000,null,null,120,640,480
2026-09-15T14:57:42.280Z,camera_0,1,4709.57,4370.67,338.90,110592.00,99.7,2000,null,null,120,640,480
2026-09-15T14:57:45.281Z,camera_0,1,73.70,0.00,73.70,110592.00,99.9,2000,null,null,120,640,480
2026-09-15T14:57:45.281Z,camera_1,1,223.09,0.00,223.09,110592.00,99.8,2000,null,null,120,640,480
2026-09-15T14:57:45.281Z,camera_0,1,4561.11,4264.32,296.79,110592.00,99.7,2000,null,null,120,640,480
2026-09-15T14:57:48.284Z,camera_1,1,220.09,0.00,220.09,110592.00,99.8,2000,null,null,120,640,480
2026-09-15T14:57:48.283Z,camera_0,1,49.13,0.00,49.13,110592.00,100.0,2000,null,null,120,640,480
2026-09-15T14:57:48.284Z,camera_0,1,4415.02,4145.80,269.22,110592.00,99.8,2000,null,null,120,640,480
2026-09-15T14:57:51.336Z,camera_0,1,53.64,0.00,53.64,110592.00,100.0,2000,null,null,120,640,480
2026-09-15T14:57:51.336Z,camera_1,1,261.19,0.00,261.19,110592.00,99.8,2000,null,null,120,640,480
2026-09-15T14:57:51.338Z,camera_0,1,4759.82,4444.99,314.84,110592.00,99.7,2000,null,null,120,640,480
2026-09-15T14:57:54.377Z,camera_0,1,56.65,0.00,56.65,110592.00,99.9,2000,null,null,120,640,480
2026-09-15T14:57:54.378Z,camera_1,1,94.25,0.00,94.25,110592.00,99.9,2000,null,null,120,640,480
2026-09-15T14:57:54.379Z,camera_0,1,3133.28,2982.38,150.90,110592.00,99.9,2000,null,null,120,640,480
2026-09-15T14:57:57.375Z,camera_0,1,60.16,0.00,60.16,110592.00,99.9,2000,null,null,120,640,480
2026-09-15T14:57:57.378Z,camera_1,1,294.28,0.00,294.28,110592.00,99.7,2000,null,null,120,640,480
2026-09-15T14:57:57.378Z,camera_0,1,4532.39,4177.94,354.44,110592.00,99.7,2000,null,null,120,640,480
2026-09-15T14:58:00.378Z,camera_0,1,80.71,0.00,80.71,110592.00,99.9,2000,null,null,120,640,480
2026-09-15T14:58:00.378Z,camera_1,1,440.67,0.00,440.67,110592.00,99.6,2000,null,null,120,640,480
2026-09-15T14:58:00.380Z,camera_0,1,4659.12,4137.74,521.39,110592.00,99.5,2000,null,null,120,640,480
2026-09-15T14:58:03.378Z,camera_0,1,62.67,0.00,62.67,110592.00,99.9,2000,null,null,120,640,480
2026-09-15T14:58:03.378Z,camera_1,1,254.18,0.00,254.18,110592.00,99.8,2000,null,null,120,640,480
2026-09-15T14:58:03.379Z,camera_0,1,5263.17,4946.32,316.84,110592.00,99.7,2000,null,null,120,640,480
2026-09-15T14:58:06.425Z,camera_0,1,63.17,0.00,63.17,110592.00,99.9,2000,null,null,120,640,480
2026-09-15T14:58:06.429Z,camera_1,1,268.21,0.00,268.21,110592.00,99.8,2000,null,null,120,640,480
2026-09-15T14:58:06.430Z,camera_0,1,5044.83,4713.45,331.38,110592.00,99.7,2000,null,null,120,640,480
2026-09-15T14:58:09.465Z,camera_0,1,35.59,0.00,35.59,110592.00,100.0,2000,null,null,120,640,480
2026-09-15T14:58:09.468Z,camera_1,1,300.30,0.00,300.30,110592.00,99.7,2000,null,null,120,640,480
2026-09-15T14:58:09.468Z,camera_0,1,4498.95,4163.06,335.89,110592.00,99.7,2000,null,null,120,640,480
2026-09-15T14:58:12.467Z,camera_0,1,50.13,0.00,50.13,110592.00,100.0,2000,null,null,120,640,480
2026-09-15T14:58:12.467Z,camera_1,1,217.58,0.00,217.58,110592.00,99.8,2000,null,null,120,640,480
2026-09-15T14:58:12.468Z,camera_0,1,3937.78,3670.07,267.71,110592.00,99.8,2000,null,null,120,640,480
2026-09-15T14:58:15.468Z,camera_0,1,59.16,0.00,59.16,110592.00,99.9,2000,null,null,120,640,480
2026-09-15T14:58:15.468Z,camera_1,1,220.09,0.00,220.09,110592.00,99.8,2000,null,null,120,640,480
2026-09-15T14:58:15.469Z,camera_0,1,4413.09,4133.84,279.24,110592.00,99.7,2000,null,null,120,640,480
2026-09-15T14:58:18.556Z,camera_0,1,63.67,0.00,63.67,110592.00,99.9,2000,null,null,120,640,480
2026-09-15T14:58:18.557Z,camera_1,1,306.31,0.00,306.31,110592.00,99.7,2000,null,null,120,640,480
2026-09-15T14:58:18.557Z,camera_0,1,4681.43,4311.45,369.98,110592.00,99.7,2000,null,null,120,640,480
2026-09-15T14:58:21.611Z,camera_0,1,41.61,0.00,41.61,110592.00,100.0,2000,null,null,120,640,480
2026-09-15T14:58:21.612Z,camera_1,1,301.30,0.00,301.30,110592.00,99.7,2000,null,null,120,640,480
2026-09-15T14:58:21.612Z,camera_0,1,5205.18,4862.26,342.91,110592.00,99.7,2000,null,null,120,640,480
2026-09-15T14:58:24.642Z,camera_0,1,54.65,0.00,54.65,110592.00,100.0,2000,null,null,120,640,480
2026-09-15T14:58:24.644Z,camera_1,1,267.21,0.00,267.21,110592.00,99.8,2000,null,null,120,640,480
2026-09-15T14:58:24.644Z,camera_0,1,4596.27,4274.42,321.86,110592.00,99.7,2000,null,null,120,640,480
2026-09-15T14:58:27.643Z,camera_0,1,81.22,0.00,81.22,110592.00,99.9,2000,null,null,120,640,480
2026-09-15T14:58:27.644Z,camera_1,1,223.09,0.00,223.09,110592.00,99.8,2000,null,null,120,640,480
2026-09-15T14:58:27.644Z,camera_0,1,4353.47,4049.16,304.31,110592.00,99.7,2000,null,null,120,640,480
2026-09-15T14:58:30.706Z,camera_0,1,64.67,0.00,64.67,110592.00,99.9,2000,null,null,120,640,480
2026-09-15T14:58:30.709Z,camera_1,1,308.32,0.00,308.32,110592.00,99.7,2000,null,null,120,640,480
2026-09-15T14:58:30.709Z,camera_0,1,4726.43,4353.43,372.99,110592.00,99.7,2000,null,null,120,640,480
2026-09-15T14:58:33.707Z,camera_0,1,68.18,0.00,68.18,110592.00,99.9,2000,null,null,120,640,480
2026-09-15T14:58:33.709Z,camera_1,1,217.08,0.00,217.08,110592.00,99.8,2000,null,null,120,640,480
2026-09-15T14:58:33.709Z,camera_0,1,4483.67,4198.42,285.26,110592.00,99.7,2000,null,null,120,640,480
2026-09-15T14:58:36.706Z,camera_0,1,35.09,0.00,35.09,110592.00,100.0,2000,null,null,120,640,480
2026-09-15T14:58:36.707Z,camera_1,1,332.89,0.00,332.89,110592.00,99.7,2000,null,null,120,640,480
2026-09-15T14:58:36.707Z,camera_0,1,4216.62,3848.64,367.98,110592.00,99.7,2000,null,null,120,640,480
2026-09-15T14:58:39.773Z,camera_0,1,59.66,0.00,59.66,147571.20,100.0,2000,null,null,30,854,480
2026-09-15T14:58:39.773Z,camera_1,1,423.13,0.00,423.13,110592.00,99.6,2000,null,null,120,640,480
2026-09-15T14:58:39.773Z,camera_0,1,5189.55,4706.77,482.78,147571.20,99.7,2000,null,null,30,854,480
2026-09-15T14:58:42.869Z,camera_0,1,29.58,0.00,29.58,110592.00,100.0,2000,null,null,120,640,480
2026-09-15T14:58:42.870Z,camera_1,1,418.61,0.00,418.61,110592.00,99.6,2000,null,null,120,640,480
2026-09-15T14:58:42.870Z,camera_0,1,5461.83,5013.64,448.19,110592.00,99.6,2000,null,null,120,640,480
2026-09-15T14:58:45.882Z,camera_0,1,0.00,0.00,0.00,110592.00,100.0,2000,null,null,120,640,480
2026-09-15T14:58:45.887Z,camera_1,1,203.54,0.00,203.54,110592.00,99.8,2000,null,null,120,640,480
2026-09-15T14:58:45.887Z,camera_0,1,5034.06,4830.51,203.54,110592.00,99.8,2000,null,null,120,640,480
2026-09-15T14:58:48.886Z,camera_0,1,34.09,0.00,34.09,110592.00,100.0,2000,null,null,120,640,480
2026-09-15T14:58:48.886Z,camera_1,1,224.10,0.00,224.10,110592.00,99.8,2000,null,null,120,640,480
2026-09-15T14:58:48.886Z,camera_0,1,4261.86,4003.68,258.19,110592.00,99.8,2000,null,null,120,640,480
2026-09-15T14:58:51.893Z,camera_0,1,52.14,0.00,52.14,110592.00,100.0,2000,null,null,120,640,480
2026-09-15T14:58:51.897Z,camera_1,1,221.09,0.00,221.09,110592.00,99.8,2000,null,null,120,640,480
2026-09-15T14:58:51.897Z,camera_0,1,5021.44,4748.22,273.23,110592.00,99.8,2000,null,null,120,640,480
2026-09-15T14:58:54.894Z,camera_0,1,60.66,0.00,60.66,110592.00,99.9,2000,null,null,120,640,480
2026-09-15T14:58:54.899Z,camera_1,1,92.75,0.00,92.75,110592.00,99.9,2000,null,null,120,640,480
2026-09-15T14:58:54.899Z,camera_0,1,2905.11,2751.70,153.41,110592.00,99.9,2000,null,null,120,640,480
2026-09-15T14:58:57.909Z,camera_0,1,39.61,0.00,39.61,110592.00,100.0,2000,null,null,120,640,480
2026-09-15T14:58:57.910Z,camera_1,1,450.70,0.00,450.70,110592.00,99.6,2000,null,null,120,640,480
2026-09-15T14:58:57.910Z,camera_0,1,4814.72,4324.42,490.30,110592.00,99.6,2000,null,null,120,640,480
2026-09-15T14:59:01.040Z,camera_0,1,41.11,0.00,41.11,110592.00,100.0,2000,null,null,120,640,480
2026-09-15T14:59:01.040Z,camera_0,1,3565.74,3280.98,284.76,110592.00,99.7,2000,null,null,120,640,480
2026-09-15T14:59:01.040Z,camera_1,1,243.65,0.00,243.65,110592.00,99.8,2000,null,null,120,640,480
2026-09-15T14:59:04.041Z,camera_0,1,36.10,0.00,36.10,110592.00,100.0,2000,null,null,120,640,480
2026-09-15T14:59:04.042Z,camera_1,1,283.25,0.00,283.25,110592.00,99.7,2000,null,null,120,640,480
2026-09-15T14:59:04.042Z,camera_0,1,4219.55,3900.20,319.35,110592.00,99.7,2000,null,null,120,640,480
2026-09-15T14:59:07.104Z,camera_0,1,32.09,0.00,32.09,110592.00,100.0,2000,null,null,120,640,480
2026-09-15T14:59:07.107Z,camera_1,1,163.94,0.00,163.94,110592.00,99.9,2000,null,null,120,640,480
2026-09-15T14:59:07.107Z,camera_0,1,3323.50,3127.48,196.02,110592.00,99.8,2000,null,null,120,640,480
2026-09-15T14:59:10.102Z,camera_0,1,46.12,0.00,46.12,110592.00,100.0,2000,null,null,120,640,480
2026-09-15T14:59:10.103Z,camera_1,1,293.78,0.00,293.78,110592.00,99.7,2000,null,null,120,640,480
2026-09-15T14:59:10.103Z,camera_0,1,3966.89,3626.98,339.90,110592.00,99.7,2000,null,null,120,640,480
2026-09-15T14:59:13.105Z,camera_0,1,22.56,0.00,22.56,110592.00,100.0,2000,null,null,120,640,480
2026-09-15T14:59:13.105Z,camera_1,1,189.50,0.00,189.50,110592.00,99.8,2000,null,null,120,640,480
2026-09-15T14:59:13.106Z,camera_0,1,3280.26,3068.20,212.06,110592.00,99.8,2000,null,null,120,640,480
2026-09-15T14:59:16.106Z,camera_0,1,37.10,0.00,37.10,110592.00,100.0,2000,null,null,120,640,480
2026-09-15T14:59:16.106Z,camera_1,1,226.10,0.00,226.10,110592.00,99.8,2000,null,null,120,640,480
2026-09-15T14:59:16.106Z,camera_0,1,3107.36,2844.16,263.20,110592.00,99.8,2000,null,null,120,640,480
2026-09-15T14:59:19.157Z,camera_0,1,40.61,0.00,40.61,110592.00,100.0,2000,null,null,120,640,480
2026-09-15T14:59:19.158Z,camera_0,1,4111.13,3843.42,267.71,110592.00,99.8,2000,null,null,120,640,480
2026-09-15T14:59:19.158Z,camera_1,1,227.10,0.00,227.10,110592.00,99.8,2000,null,null,120,640,480
2026-09-15T14:59:22.266Z,camera_0,1,32.59,0.00,32.59,110592.00,100.0,2000,null,null,120,640,480
2026-09-15T14:59:22.266Z,camera_1,1,247.66,0.00,247.66,110592.00,99.8,2000,null,null,120,640,480
2026-09-15T14:59:22.267Z,camera_0,1,3674.33,3394.08,280.25,110592.00,99.7,2000,null,null,120,640,480
2026-09-15T14:59:25.269Z,camera_0,1,52.64,0.00,52.64,110592.00,100.0,2000,null,null,120,640,480
2026-09-15T14:59:25.269Z,camera_1,1,323.86,0.00,323.86,110592.00,99.7,2000,null,null,120,640,480
2026-09-15T14:59:25.270Z,camera_0,1,3850.95,3474.45,376.50,110592.00,99.7,2000,null,null,120,640,480
2026-09-15T14:59:28.273Z,camera_0,1,42.11,0.00,42.11,110592.00,100.0,2000,null,null,120,640,480
2026-09-15T14:59:28.274Z,camera_1,1,203.54,0.00,203.54,110592.00,99.8,2000,null,null,120,640,480
2026-09-15T14:59:28.275Z,camera_0,1,3644.40,3398.74,245.65,110592.00,99.8,2000,null,null,120,640,480
2026-09-15T14:59:31.275Z,camera_0,1,39.61,0.00,39.61,110592.00,100.0,2000,null,null,120,640,480
2026-09-15T14:59:31.275Z,camera_1,1,258.19,0.00,258.19,110592.00,99.8,2000,null,null,120,640,480
2026-09-15T14:59:31.276Z,camera_0,1,2842.67,2544.88,297.79,110592.00,99.7,2000,null,null,120,640,480
2026-09-15T14:59:34.277Z,camera_0,1,32.09,0.00,32.09,110592.00,100.0,2000,null,null,120,640,480
2026-09-15T14:59:34.277Z,camera_1,1,200.53,0.00,200.53,110592.00,99.8,2000,null,null,120,640,480
2026-09-15T14:59:34.277Z,camera_0,1,4446.32,4213.70,232.62,110592.00,99.8,2000,null,null,120,640,480
2026-09-15T14:59:37.409Z,camera_0,1,38.60,0.00,38.60,110592.00,100.0,2000,null,null,120,640,480
2026-09-15T14:59:37.410Z,camera_1,1,230.11,0.00,230.11,110592.00,99.8,2000,null,null,120,640,480
2026-09-15T14:59:37.412Z,camera_0,1,3163.91,2895.20,268.71,110592.00,99.8,2000,null,null,120,640,480
2026-09-15T14:59:40.410Z,camera_0,1,28.58,0.00,28.58,110592.00,100.0,2000,null,null,120,640,480
2026-09-15T14:59:40.410Z,camera_1,1,174.97,0.00,174.97,110592.00,99.8,2000,null,null,120,640,480
2026-09-15T14:59:40.413Z,camera_0,1,3723.43,3519.89,203.54,110592.00,99.8,2000,null,null,120,640,480
2026-09-15T14:59:43.411Z,camera_0,1,36.10,0.00,36.10,110592.00,100.0,2000,null,null,120,640,480
2026-09-15T14:59:43.411Z,camera_1,1,133.86,0.00,133.86,110592.00,99.9,2000,null,null,120,640,480
2026-09-15T14:59:43.412Z,camera_0,1,2968.72,2798.77,169.95,110592.00,99.8,2000,null,null,120,640,480
2026-09-15T14:59:46.433Z,camera_0,1,50.63,0.00,50.63,110592.00,100.0,2000,null,null,120,640,480
2026-09-15T14:59:46.433Z,camera_1,1,180.98,0.00,180.98,110592.00,99.8,2000,null,null,120,640,480
2026-09-15T14:59:46.434Z,camera_0,1,3369.05,3137.44,231.62,110592.00,99.8,2000,null,null,120,640,480
2026-09-15T14:59:49.432Z,camera_0,1,41.11,0.00,41.11,110592.00,100.0,2000,null,null,120,640,480
2026-09-15T14:59:49.432Z,camera_1,1,263.70,0.00,263.70,110592.00,99.8,2000,null,null,120,640,480
2026-09-15T14:59:49.435Z,camera_0,1,2552.50,2247.69,304.81,110592.00,99.7,2000,null,null,120,640,480
2026-09-15T14:59:52.820Z,camera_0,1,0.00,0.00,0.00,147571.20,100.0,2000,null,null,30,854,480
2026-09-15T14:59:52.820Z,camera_1,1,120.32,0.00,120.32,110592.00,99.9,2000,null,null,120,640,480
2026-09-15T14:59:52.820Z,camera_0,1,3820.65,3700.33,120.32,147571.20,99.9,2000,null,null,30,854,480
2026-09-15T14:59:55.820Z,camera_0,1,0.00,0.00,0.00,147571.20,100.0,2000,null,null,30,854,480
2026-09-15T14:59:55.820Z,camera_1,1,224.60,0.00,224.60,110592.00,99.8,2000,null,null,120,640,480
2026-09-15T14:59:55.821Z,camera_0,1,3160.54,2935.94,224.60,147571.20,99.8,2000,null,null,30,854,480
2026-09-15T14:59:58.820Z,camera_0,1,27.07,0.00,27.07,147571.20,100.0,2000,null,null,30,854,480
2026-09-15T14:59:58.820Z,camera_1,1,182.49,0.00,182.49,110592.00,99.8,2000,null,null,120,640,480
2026-09-15T14:59:58.821Z,camera_0,1,2403.42,2193.87,209.56,147571.20,99.9,2000,null,null,30,854,480
2026-09-15T15:00:01.821Z,camera_0,1,32.59,0.00,32.59,147571.20,100.0,2000,null,null,30,854,480
2026-09-15T15:00:01.823Z,camera_1,1,227.61,0.00,227.61,110592.00,99.8,2000,null,null,120,640,480
2026-09-15T15:00:01.827Z,camera_0,1,3258.79,2998.60,260.19,147571.20,99.8,2000,null,null,30,854,480
2026-09-15T15:00:04.821Z,camera_0,1,10.53,0.00,10.53,147571.20,100.0,2000,null,null,30,854,480
2026-09-15T15:00:04.821Z,camera_1,1,151.90,0.00,151.90,110592.00,99.9,2000,null,null,120,640,480
2026-09-15T15:00:04.821Z,camera_0,1,2820.90,2658.47,162.43,147571.20,99.9,2000,null,null,30,854,480
2026-09-15T15:00:08.894Z,camera_0,1,0.00,0.00,0.00,110592.00,100.0,2000,null,null,120,640,480
2026-09-15T15:00:08.902Z,camera_1,1,305.06,0.00,305.06,110592.00,99.7,2000,null,null,120,640,480
2026-09-15T15:00:08.902Z,camera_0,1,4350.80,4045.75,305.06,110592.00,99.7,2000,null,null,120,640,480
2026-09-15T15:00:11.896Z,camera_0,1,0.00,0.00,0.00,110592.00,100.0,2000,null,null,120,640,480
2026-09-15T15:00:11.896Z,camera_1,1,300.55,0.00,300.55,110592.00,99.7,2000,null,null,120,640,480
2026-09-15T15:00:11.896Z,camera_0,1,2770.03,2469.47,300.55,110592.00,99.7,2000,null,null,120,640,480
2026-09-15T15:00:15.498Z,camera_0,1,42.11,0.00,42.11,110592.00,100.0,2000,null,null,120,640,480
2026-09-15T15:00:15.499Z,camera_1,1,141.38,0.00,141.38,110592.00,99.9,2000,null,null,120,640,480
2026-09-15T15:00:15.500Z,camera_0,1,3938.32,3754.83,183.49,110592.00,99.8,2000,null,null,120,640,480
2026-09-15T15:00:18.496Z,camera_0,1,29.08,0.00,29.08,110592.00,100.0,2000,null,null,120,640,480
2026-09-15T15:00:18.496Z,camera_1,1,264.20,0.00,264.20,110592.00,99.8,2000,null,null,120,640,480
2026-09-15T15:00:18.497Z,camera_0,1,3480.94,3187.66,293.28,110592.00,99.7,2000,null,null,120,640,480
2026-09-15T15:00:21.497Z,camera_0,1,26.57,0.00,26.57,110592.00,100.0,2000,null,null,120,640,480
2026-09-15T15:00:21.497Z,camera_1,1,205.05,0.00,205.05,110592.00,99.8,2000,null,null,120,640,480
2026-09-15T15:00:21.498Z,camera_0,1,2638.50,2406.89,231.62,110592.00,99.8,2000,null,null,120,640,480
2026-09-15T15:00:24.611Z,camera_0,1,36.10,0.00,36.10,110592.00,100.0,2000,null,null,120,640,480
2026-09-15T15:00:24.611Z,camera_1,1,166.44,0.00,166.44,110592.00,99.8,2000,null,null,120,640,480
2026-09-15T15:00:24.614Z,camera_0,1,2849.49,2646.95,202.54,110592.00,99.8,2000,null,null,120,640,480
2026-09-15T15:00:27.613Z,camera_0,1,21.56,0.00,21.56,110592.00,100.0,2000,null,null,120,640,480
2026-09-15T15:00:27.613Z,camera_1,1,101.77,0.00,101.77,110592.00,99.9,2000,null,null,120,640,480
2026-09-15T15:00:27.614Z,camera_0,1,2338.56,2215.23,123.33,110592.00,99.9,2000,null,null,120,640,480
2026-09-15T15:00:30.831Z,camera_0,1,19.05,0.00,19.05,147571.20,100.0,2000,null,null,30,854,480
2026-09-15T15:00:30.831Z,camera_1,1,232.62,0.00,232.62,110592.00,99.8,2000,null,null,120,640,480
2026-09-15T15:00:30.836Z,camera_0,1,2737.99,2486.32,251.67,147571.20,99.8,2000,null,null,30,854,480
2026-09-15T15:00:33.832Z,camera_0,1,0.00,0.00,0.00,147571.20,100.0,2000,null,null,30,854,480
2026-09-15T15:00:33.832Z,camera_1,1,217.08,0.00,217.08,110592.00,99.8,2000,null,null,120,640,480
2026-09-15T15:00:33.832Z,camera_0,1,3029.37,2812.29,217.08,147571.20,99.9,2000,null,null,30,854,480
2026-09-15T15:00:36.884Z,camera_0,1,0.00,0.00,0.00,110592.00,100.0,2000,null,null,120,640,480
2026-09-15T15:00:36.885Z,camera_1,1,334.39,0.00,334.39,110592.00,99.7,2000,null,null,120,640,480
2026-09-15T15:00:36.885Z,camera_0,1,2835.37,2500.98,334.39,110592.00,99.7,2000,null,null,120,640,480
2026-09-15T15:00:40.089Z,camera_0,1,0.00,0.00,0.00,110592.00,100.0,2000,null,null,120,640,480
2026-09-15T15:00:40.089Z,camera_1,1,132.85,0.00,132.85,110592.00,99.9,2000,null,null,120,640,480
2026-09-15T15:00:40.090Z,camera_0,1,4016.14,3883.29,132.85,110592.00,99.9,2000,null,null,120,640,480
2026-09-15T15:00:43.180Z,camera_0,1,0.00,0.00,0.00,110592.00,100.0,2000,null,null,120,640,480
2026-09-15T15:00:43.183Z,camera_1,1,121.82,0.00,121.82,110592.00,99.9,2000,null,null,120,640,480
2026-09-15T15:00:43.183Z,camera_0,1,2762.21,2640.39,121.82,110592.00,99.9,2000,null,null,120,640,480
2026-09-15T15:00:46.218Z,camera_0,1,31.08,0.00,31.08,110592.00,100.0,2000,null,null,120,640,480
2026-09-15T15:00:46.222Z,camera_1,1,179.48,0.00,179.48,110592.00,99.8,2000,null,null,120,640,480
2026-09-15T15:00:46.230Z,camera_0,1,3162.07,2951.51,210.56,110592.00,99.8,2000,null,null,120,640,480
2026-09-15T15:00:49.345Z,camera_0,1,13.03,0.00,13.03,147571.20,100.0,2000,null,null,30,854,480
2026-09-15T15:00:49.347Z,camera_1,1,182.49,0.00,182.49,110592.00,99.8,2000,null,null,120,640,480
2026-09-15T15:00:49.350Z,camera_0,1,2310.88,2115.36,195.52,147571.20,99.9,2000,null,null,30,854,480
2026-09-15T15:00:52.374Z,camera_0,1,0.00,0.00,0.00,147571.20,100.0,2000,null,null,30,854,480
2026-09-15T15:00:52.375Z,camera_1,1,192.51,0.00,192.51,110592.00,99.8,2000,null,null,120,640,480
2026-09-15T15:00:52.375Z,camera_0,1,2766.66,2574.15,192.51,147571.20,99.9,2000,null,null,30,854,480
2026-09-15T15:00:55.484Z,camera_0,1,0.00,0.00,0.00,147571.20,100.0,2000,null,null,30,854,480
2026-09-15T15:00:55.487Z,camera_1,1,85.73,0.00,85.73,110592.00,99.9,2000,null,null,120,640,480
2026-09-15T15:00:55.489Z,camera_0,1,3118.09,3032.36,85.73,147571.20,99.9,2000,null,null,30,854,480
2026-09-15T15:00:58.914Z,camera_0,1,32.59,0.00,32.59,147571.20,100.0,2000,null,null,30,854,480
2026-09-15T15:00:58.916Z,camera_1,1,194.02,0.00,194.02,110592.00,99.8,2000,null,null,120,640,480
2026-09-15T15:00:58.916Z,camera_0,1,3051.79,2825.18,226.60,147571.20,99.8,2000,null,null,30,854,480
2026-09-15T15:01:02.065Z,camera_0,1,26.07,0.00,26.07,110592.00,100.0,2000,null,null,120,640,480
2026-09-15T15:01:02.066Z,camera_1,1,228.61,0.00,228.61,110592.00,99.8,2000,null,null,120,640,480
2026-09-15T15:01:02.066Z,camera_0,1,2724.73,2470.05,254.68,110592.00,99.8,2000,null,null,120,640,480
2026-09-15T15:01:05.102Z,camera_0,1,23.06,0.00,23.06,147571.20,100.0,2000,null,null,30,854,480
2026-09-15T15:01:05.102Z,camera_1,1,194.02,0.00,194.02,110592.00,99.8,2000,null,null,120,640,480
2026-09-15T15:01:05.102Z,camera_0,1,2598.59,2381.51,217.08,147571.20,99.9,2000,null,null,30,854,480
2026-09-15T15:01:08.171Z,camera_0,1,0.00,0.00,0.00,147571.20,100.0,2000,null,null,30,854,480
2026-09-15T15:01:08.176Z,camera_1,1,61.66,0.00,61.66,110592.00,99.9,2000,null,null,120,640,480
2026-09-15T15:01:08.176Z,camera_0,1,4535.94,4474.27,61.66,147571.20,100.0,2000,null,null,30,854,480
2026-09-15T15:01:11.423Z,camera_0,1,20.55,0.00,20.55,147571.20,100.0,2000,null,null,30,854,480
2026-09-15T15:01:11.424Z,camera_1,1,362.97,0.00,362.97,110592.00,99.7,2000,null,null,120,640,480
2026-09-15T15:01:11.425Z,camera_0,1,4533.60,4150.08,383.52,147571.20,99.7,2000,null,null,30,854,480
2026-09-15T15:01:14.439Z,camera_0,1,23.56,0.00,23.56,147571.20,100.0,2000,null,null,30,854,480
2026-09-15T15:01:14.439Z,camera_1,1,445.69,0.00,445.69,110592.00,99.6,2000,null,null,120,640,480
2026-09-15T15:01:14.439Z,camera_0,1,5757.75,5288.50,469.25,147571.20,99.7,2000,null,null,30,854,480
2026-09-15T15:01:17.439Z,camera_0,1,23.56,0.00,23.56,110592.00,100.0,2000,null,null,120,640,480
2026-09-15T15:01:17.441Z,camera_1,1,172.96,0.00,172.96,110592.00,99.8,2000,null,null,120,640,480
2026-09-15T15:01:17.441Z,camera_0,1,2595.02,2398.49,196.52,110592.00,99.8,2000,null,null,120,640,480
2026-09-15T15:01:21.036Z,camera_0,1,0.00,0.00,0.00,110592.00,100.0,2000,null,null,120,640,480
2026-09-15T15:01:21.036Z,camera_1,1,145.89,0.00,145.89,110592.00,99.9,2000,null,null,120,640,480
2026-09-15T15:01:21.036Z,camera_0,1,3895.40,3749.51,145.89,110592.00,99.9,2000,null,null,120,640,480
2026-09-15T15:01:24.173Z,camera_0,1,24.06,0.00,24.06,110592.00,100.0,2000,null,null,120,640,480
2026-09-15T15:01:24.173Z,camera_1,1,181.48,0.00,181.48,110592.00,99.8,2000,null,null,120,640,480
2026-09-15T15:01:24.173Z,camera_0,1,2677.37,2471.83,205.55,110592.00,99.8,2000,null,null,120,640,480
2026-09-15T15:01:27.172Z,camera_0,1,17.55,0.00,17.55,110592.00,100.0,2000,null,null,120,640,480
2026-09-15T15:01:27.173Z,camera_1,1,281.25,0.00,281.25,110592.00,99.7,2000,null,null,120,640,480
2026-09-15T15:01:27.173Z,camera_0,1,3585.35,3286.56,298.79,110592.00,99.7,2000,null,null,120,640,480
2026-09-15T15:01:30.985Z,camera_0,1,20.05,0.00,20.05,147571.20,100.0,2000,null,null,30,854,480
2026-09-15T15:01:30.987Z,camera_1,1,244.15,0.00,244.15,110592.00,99.8,2000,null,null,120,640,480
2026-09-15T15:01:30.987Z,camera_0,1,3648.39,3384.19,264.20,147571.20,99.8,2000,null,null,30,854,480
2026-09-15T15:01:33.988Z,camera_0,1,0.00,0.00,0.00,147571.20,100.0,2000,null,null,30,854,480
2026-09-15T15:01:33.989Z,camera_1,1,250.67,0.00,250.67,110592.00,99.8,2000,null,null,120,640,480
2026-09-15T15:01:33.989Z,camera_0,1,3606.83,3356.17,250.67,147571.20,99.8,2000,null,null,30,854,480
2026-09-15T15:01:36.988Z,camera_0,1,23.06,0.00,23.06,147571.20,100.0,2000,null,null,30,854,480
2026-09-15T15:01:36.989Z,camera_1,1,329.38,0.00,329.38,110592.00,99.7,2000,null,null,120,640,480
2026-09-15T15:01:36.989Z,camera_0,1,3453.91,3101.47,352.44,147571.20,99.8,2000,null,null,30,854,480
2026-09-15T15:01:39.993Z,camera_0,1,8.52,0.00,8.52,147571.20,100.0,2000,null,null,30,854,480
2026-09-15T15:01:39.993Z,camera_1,1,303.31,0.00,303.31,110592.00,99.7,2000,null,null,120,640,480
2026-09-15T15:01:39.993Z,camera_0,1,3667.78,3355.95,311.83,147571.20,99.8,2000,null,null,30,854,480
2026-09-15T15:01:43.031Z,camera_0,1,35.09,0.00,35.09,147571.20,100.0,2000,null,null,30,854,480
2026-09-15T15:01:43.032Z,camera_1,1,259.69,0.00,259.69,110592.00,99.8,2000,null,null,120,640,480
2026-09-15T15:01:43.032Z,camera_0,1,3765.61,3470.82,294.78,147571.20,99.8,2000,null,null,30,854,480
2026-09-15T15:01:46.227Z,camera_0,1,57.15,0.00,57.15,147571.20,100.0,2000,null,null,30,854,480
2026-09-15T15:01:46.228Z,camera_0,1,3243.79,2931.96,311.83,147571.20,99.8,2000,null,null,30,854,480
2026-09-15T15:01:46.227Z,camera_1,1,254.68,0.00,254.68,110592.00,99.8,2000,null,null,120,640,480
2026-09-15T15:01:49.271Z,camera_0,1,24.57,0.00,24.57,147571.20,100.0,2000,null,null,30,854,480
2026-09-15T15:01:49.272Z,camera_1,1,192.01,0.00,192.01,110592.00,99.8,2000,null,null,120,640,480
2026-09-15T15:01:49.273Z,camera_0,1,2172.67,1956.10,216.58,147571.20,99.9,2000,null,null,30,854,480
2026-09-15T15:01:52.272Z,camera_0,1,29.08,0.00,29.08,147571.20,100.0,2000,null,null,30,854,480
2026-09-15T15:01:52.272Z,camera_1,1,118.31,0.00,118.31,110592.00,99.9,2000,null,null,120,640,480
2026-09-15T15:01:52.272Z,camera_0,1,2239.35,2091.96,147.39,147571.20,99.9,2000,null,null,30,854,480
2026-09-15T15:01:55.272Z,camera_0,1,30.58,0.00,30.58,147571.20,100.0,2000,null,null,30,854,480
2026-09-15T15:01:55.272Z,camera_1,1,237.13,0.00,237.13,110592.00,99.8,2000,null,null,120,640,480
2026-09-15T15:01:55.272Z,camera_0,1,2124.47,1856.75,267.71,147571.20,99.8,2000,null,null,30,854,480
2026-09-15T15:01:58.345Z,camera_0,1,10.53,0.00,10.53,110592.00,100.0,2000,null,null,120,640,480
2026-09-15T15:01:58.346Z,camera_1,1,141.88,0.00,141.88,110592.00,99.9,2000,null,null,120,640,480
2026-09-15T15:01:58.346Z,camera_0,1,2751.45,2599.05,152.41,110592.00,99.9,2000,null,null,120,640,480
2026-09-15T15:02:01.420Z,camera_0,1,0.00,0.00,0.00,110592.00,100.0,2000,null,null,120,640,480
2026-09-15T15:02:01.420Z,camera_1,1,155.91,0.00,155.91,110592.00,99.9,2000,null,null,120,640,480
2026-09-15T15:02:01.421Z,camera_0,1,2802.04,2646.13,155.91,110592.00,99.9,2000,null,null,120,640,480
2026-09-15T15:02:04.422Z,camera_0,1,0.00,0.00,0.00,110592.00,100.0,2000,null,null,120,640,480
2026-09-15T15:02:04.423Z,camera_1,1,57.65,0.00,57.65,110592.00,99.9,2000,null,null,120,640,480
2026-09-15T15:02:04.423Z,camera_0,1,2774.21,2716.56,57.65,110592.00,99.9,2000,null,null,120,640,480
2026-09-15T15:02:07.437Z,camera_0,1,22.06,0.00,22.06,147571.20,100.0,2000,null,null,30,854,480
2026-09-15T15:02:07.438Z,camera_1,1,221.09,0.00,221.09,110592.00,99.8,2000,null,null,120,640,480
2026-09-15T15:02:07.439Z,camera_0,1,2406.81,2163.66,243.15,147571.20,99.8,2000,null,null,30,854,480
2026-09-15T15:02:10.829Z,camera_0,1,0.00,0.00,0.00,147571.20,100.0,2000,null,null,30,854,480
2026-09-15T15:02:10.829Z,camera_1,1,251.17,0.00,251.17,110592.00,99.8,2000,null,null,120,640,480
2026-09-15T15:02:10.830Z,camera_0,1,3491.88,3240.71,251.17,147571.20,99.8,2000,null,null,30,854,480
2026-09-15T15:02:13.829Z,camera_0,1,0.00,0.00,0.00,147571.20,100.0,2000,null,null,30,854,480
2026-09-15T15:02:13.830Z,camera_1,1,118.31,0.00,118.31,110592.00,99.9,2000,null,null,120,640,480
2026-09-15T15:02:13.835Z,camera_0,1,2807.53,2689.22,118.31,147571.20,99.9,2000,null,null,30,854,480
2026-09-15T15:02:16.838Z,camera_0,1,41.61,0.00,41.61,147571.20,100.0,2000,null,null,30,854,480
2026-09-15T15:02:16.839Z,camera_1,1,206.55,0.00,206.55,110592.00,99.8,2000,null,null,120,640,480
2026-09-15T15:02:16.839Z,camera_0,1,3977.82,3729.66,248.16,147571.20,99.8,2000,null,null,30,854,480
2026-09-15T15:02:19.839Z,camera_0,1,43.11,0.00,43.11,147571.20,100.0,2000,null,null,30,854,480
2026-09-15T15:02:19.839Z,camera_1,1,222.09,0.00,222.09,110592.00,99.8,2000,null,null,120,640,480
2026-09-15T15:02:19.840Z,camera_0,1,2755.96,2490.75,265.21,147571.20,99.8,2000,null,null,30,854,480
2026-09-15T15:02:22.887Z,camera_0,1,0.00,0.00,0.00,110592.00,100.0,2000,null,null,120,640,480
2026-09-15T15:02:22.888Z,camera_1,1,219.58,0.00,219.58,110592.00,99.8,2000,null,null,120,640,480
2026-09-15T15:02:22.888Z,camera_0,1,5246.59,5027.00,219.58,110592.00,99.8,2000,null,null,120,640,480
2026-09-15T15:02:25.889Z,camera_0,1,0.00,0.00,0.00,110592.00,100.0,2000,null,null,120,640,480
2026-09-15T15:02:25.889Z,camera_1,1,183.49,0.00,183.49,110592.00,99.8,2000,null,null,120,640,480
2026-09-15T15:02:25.890Z,camera_0,1,2853.12,2669.63,183.49,110592.00,99.8,2000,null,null,120,640,480
2026-09-15T15:02:29.218Z,camera_0,1,0.00,0.00,0.00,147571.20,100.0,2000,null,null,30,854,480
2026-09-15T15:02:29.220Z,camera_1,1,91.74,0.00,91.74,110592.00,99.9,2000,null,null,120,640,480
2026-09-15T15:02:29.221Z,camera_0,1,2372.07,2280.33,91.74,147571.20,99.9,2000,null,null,30,854,480
2026-09-15T15:02:32.220Z,camera_0,1,0.00,0.00,0.00,147571.20,100.0,2000,null,null,30,854,480
2026-09-15T15:02:32.222Z,camera_1,1,192.01,0.00,192.01,110592.00,99.8,2000,null,null,120,640,480
2026-09-15T15:02:32.227Z,camera_0,1,2669.54,2477.53,192.01,147571.20,99.9,2000,null,null,30,854,480
2026-09-15T15:02:35.367Z,camera_0,1,0.00,0.00,0.00,110592.00,100.0,2000,null,null,120,640,480
2026-09-15T15:02:35.368Z,camera_1,1,215.07,0.00,215.07,110592.00,99.8,2000,null,null,120,640,480
2026-09-15T15:02:35.368Z,camera_0,1,2001.51,1786.43,215.07,110592.00,99.8,2000,null,null,120,640,480
2026-09-15T15:02:38.368Z,camera_0,1,22.56,0.00,22.56,110592.00,100.0,2000,null,null,120,640,480
2026-09-15T15:02:38.368Z,camera_1,1,263.70,0.00,263.70,110592.00,99.8,2000,null,null,120,640,480
2026-09-15T15:02:38.369Z,camera_0,1,3423.52,3137.26,286.26,110592.00,99.7,2000,null,null,120,640,480
2026-09-15T15:02:41.476Z,camera_0,1,7.02,0.00,7.02,147571.20,100.0,2000,null,null,30,854,480
2026-09-15T15:02:41.476Z,camera_1,1,214.57,0.00,214.57,110592.00,99.8,2000,null,null,120,640,480
2026-09-15T15:02:41.477Z,camera_0,1,3097.77,2876.18,221.59,147571.20,99.8,2000,null,null,30,854,480
2026-09-15T15:02:44.468Z,camera_0,1,0.00,0.00,0.00,147571.20,100.0,2000,null,null,30,854,480
2026-09-15T15:02:44.470Z,camera_1,1,202.54,0.00,202.54,110592.00,99.8,2000,null,null,120,640,480
2026-09-15T15:02:44.470Z,camera_0,1,3717.26,3514.72,202.54,147571.20,99.9,2000,null,null,30,854,480
2026-09-15T15:02:47.468Z,camera_0,1,23.06,0.00,23.06,147571.20,100.0,2000,null,null,30,854,480
2026-09-15T15:02:47.471Z,camera_1,1,194.02,0.00,194.02,110592.00,99.8,2000,null,null,120,640,480
2026-09-15T15:02:47.472Z,camera_0,1,2050.83,1833.75,217.08,147571.20,99.9,2000,null,null,30,854,480
2026-09-15T15:02:50.499Z,camera_0,1,0.00,0.00,0.00,110592.00,100.0,2000,null,null,120,640,480
2026-09-15T15:02:50.499Z,camera_1,1,92.75,0.00,92.75,110592.00,99.9,2000,null,null,120,640,480
2026-09-15T15:02:50.499Z,camera_0,1,3765.95,3673.20,92.75,110592.00,99.9,2000,null,null,120,640,480
2026-09-15T15:02:53.603Z,camera_0,1,0.00,0.00,0.00,110592.00,100.0,2000,null,null,120,640,480
2026-09-15T15:02:53.603Z,camera_1,1,386.53,0.00,386.53,110592.00,99.7,2000,null,null,120,640,480
2026-09-15T15:02:53.605Z,camera_0,1,4574.26,4187.73,386.53,110592.00,99.7,2000,null,null,120,640,480
2026-09-15T15:02:56.659Z,camera_0,1,38.60,0.00,38.60,110592.00,100.0,2000,null,null,120,640,480
2026-09-15T15:02:56.660Z,camera_1,1,159.93,0.00,159.93,110592.00,99.9,2000,null,null,120,640,480
2026-09-15T15:02:56.660Z,camera_0,1,4027.89,3829.37,198.53,110592.00,99.8,2000,null,null,120,640,480
2026-09-15T15:02:59.662Z,camera_0,1,59.66,0.00,59.66,110592.00,99.9,2000,null,null,120,640,480
2026-09-15T15:02:59.662Z,camera_1,1,83.72,0.00,83.72,110592.00,99.9,2000,null,null,120,640,480
2026-09-15T15:02:59.665Z,camera_0,1,2698.13,2554.74,143.38,110592.00,99.9,2000,null,null,120,640,480
2026-09-15T15:03:02.663Z,camera_0,1,51.64,0.00,51.64,110592.00,100.0,2000,null,null,120,640,480
2026-09-15T15:03:02.663Z,camera_0,1,3871.45,3420.75,450.70,110592.00,99.6,2000,null,null,120,640,480
2026-09-15T15:03:02.663Z,camera_1,1,399.06,0.00,399.06,110592.00,99.6,2000,null,null,120,640,480
2026-09-15T15:03:05.723Z,camera_0,1,43.11,0.00,43.11,147571.20,100.0,2000,null,null,30,854,480
2026-09-15T15:03:05.726Z,camera_1,1,379.51,0.00,379.51,110592.00,99.7,2000,null,null,120,640,480
2026-09-15T15:03:05.726Z,camera_0,1,5887.44,5464.81,422.62,147571.20,99.7,2000,null,null,30,854,480
2026-09-15T15:03:08.734Z,camera_1,1,427.14,0.00,427.14,110592.00,99.6,2000,null,null,120,640,480
2026-09-15T15:03:08.734Z,camera_0,1,0.00,0.00,0.00,147571.20,100.0,2000,null,null,30,854,480
2026-09-15T15:03:08.734Z,camera_0,1,5226.67,4799.53,427.14,147571.20,99.7,2000,null,null,30,854,480
2026-09-15T15:03:11.745Z,camera_0,1,0.00,0.00,0.00,147571.20,100.0,2000,null,null,30,854,480
2026-09-15T15:03:11.745Z,camera_1,1,298.79,0.00,298.79,110592.00,99.7,2000,null,null,120,640,480
2026-09-15T15:03:11.745Z,camera_0,1,5345.59,5046.80,298.79,147571.20,99.8,2000,null,null,30,854,480
2026-09-15T15:03:14.765Z,camera_0,1,42.11,0.00,42.11,147571.20,100.0,2000,null,null,30,854,480
2026-09-15T15:03:14.765Z,camera_1,1,231.62,0.00,231.62,110592.00,99.8,2000,null,null,120,640,480
2026-09-15T15:03:14.765Z,camera_0,1,3998.67,3724.94,273.73,147571.20,99.8,2000,null,null,30,854,480
2026-09-15T15:03:17.766Z,camera_0,1,45.12,0.00,45.12,147571.20,100.0,2000,null,null,30,854,480
2026-09-15T15:03:17.766Z,camera_1,1,237.13,0.00,237.13,110592.00,99.8,2000,null,null,120,640,480
2026-09-15T15:03:17.767Z,camera_0,1,3579.33,3297.08,282.25,147571.20,99.8,2000,null,null,30,854,480
2026-09-15T15:03:20.826Z,camera_0,1,33.59,0.00,33.59,147571.20,100.0,2000,null,null,30,854,480
2026-09-15T15:03:20.827Z,camera_1,1,209.56,0.00,209.56,110592.00,99.8,2000,null,null,120,640,480
2026-09-15T15:03:20.827Z,camera_0,1,2683.29,2440.14,243.15,147571.20,99.8,2000,null,null,30,854,480
2026-09-15T15:03:23.850Z,camera_0,1,33.59,0.00,33.59,147571.20,100.0,2000,null,null,30,854,480
2026-09-15T15:03:23.851Z,camera_1,1,176.47,0.00,176.47,110592.00,99.8,2000,null,null,120,640,480
2026-09-15T15:03:23.851Z,camera_0,1,2360.38,2150.33,210.06,147571.20,99.9,2000,null,null,30,854,480
2026-09-15T15:03:26.854Z,camera_0,1,26.07,0.00,26.07,147571.20,100.0,2000,null,null,30,854,480
2026-09-15T15:03:26.855Z,camera_1,1,94.25,0.00,94.25,110592.00,99.9,2000,null,null,120,640,480
2026-09-15T15:03:26.855Z,camera_0,1,2212.66,2092.34,120.32,147571.20,99.9,2000,null,null,30,854,480
2026-09-15T15:03:29.857Z,camera_0,1,47.63,0.00,47.63,147571.20,100.0,2000,null,null,30,854,480
2026-09-15T15:03:29.857Z,camera_1,1,213.57,0.00,213.57,110592.00,99.8,2000,null,null,120,640,480
2026-09-15T15:03:29.857Z,camera_0,1,2554.87,2293.67,261.19,147571.20,99.8,2000,null,null,30,854,480
2026-09-15T15:03:32.859Z,camera_0,1,2.01,0.00,2.01,147571.20,100.0,2000,null,null,30,854,480
2026-09-15T15:03:32.860Z,camera_1,1,168.95,0.00,168.95,110592.00,99.8,2000,null,null,120,640,480
2026-09-15T15:03:32.860Z,camera_0,1,1486.43,1315.48,170.95,147571.20,99.9,2000,null,null,30,854,480
2026-09-15T15:03:36.075Z,camera_0,1,0.00,0.00,0.00,746496.00,100.0,2000,null,null,10,1920,1080
2026-09-15T15:03:36.078Z,camera_1,1,271.22,0.00,271.22,110592.00,99.8,2000,null,null,120,640,480
2026-09-15T15:03:36.079Z,camera_0,1,2638.93,2367.71,271.22,746496.00,100.0,2000,null,null,10,1920,1080
2026-09-15T15:03:39.146Z,camera_0,1,0.00,0.00,0.00,746496.00,100.0,2000,null,null,10,1920,1080
2026-09-15T15:03:39.150Z,camera_1,1,232.62,0.00,232.62,110592.00,99.8,2000,null,null,120,640,480
2026-09-15T15:03:39.155Z,camera_0,1,3623.94,3391.32,232.62,746496.00,100.0,2000,null,null,10,1920,1080
2026-09-15T15:03:42.148Z,camera_0,1,0.00,0.00,0.00,746496.00,100.0,2000,null,null,10,1920,1080
2026-09-15T15:03:42.148Z,camera_1,1,63.17,0.00,63.17,110592.00,99.9,2000,null,null,120,640,480
2026-09-15T15:03:42.148Z,camera_0,1,2960.49,2897.32,63.17,746496.00,100.0,2000,null,null,10,1920,1080
2026-09-15T15:03:45.237Z,camera_0,1,17.05,0.00,17.05,746496.00,100.0,2000,null,null,10,1920,1080
2026-09-15T15:03:45.239Z,camera_1,1,190.51,0.00,190.51,110592.00,99.8,2000,null,null,120,640,480
2026-09-15T15:03:45.239Z,camera_0,1,2553.92,2346.37,207.55,746496.00,100.0,2000,null,null,10,1920,1080
2026-09-15T15:03:48.235Z,camera_0,1,7.52,0.00,7.52,746496.00,100.0,2000,null,null,10,1920,1080
2026-09-15T15:03:48.235Z,camera_1,1,222.09,0.00,222.09,110592.00,99.8,2000,null,null,120,640,480
2026-09-15T15:03:48.236Z,camera_0,1,2927.54,2697.93,229.61,746496.00,100.0,2000,null,null,10,1920,1080
2026-09-15T15:03:51.237Z,camera_0,1,24.57,0.00,24.57,746496.00,100.0,2000,null,null,10,1920,1080
2026-09-15T15:03:51.237Z,camera_1,1,215.07,0.00,215.07,110592.00,99.8,2000,null,null,120,640,480
2026-09-15T15:03:51.238Z,camera_0,1,2838.29,2598.65,239.64,746496.00,100.0,2000,null,null,10,1920,1080
2026-09-15T15:03:54.252Z,camera_0,1,4.51,0.00,4.51,147571.20,100.0,2000,null,null,30,854,480
2026-09-15T15:03:54.253Z,camera_1,1,220.59,0.00,220.59,110592.00,99.8,2000,null,null,120,640,480
2026-09-15T15:03:54.253Z,camera_0,1,3123.69,2898.59,225.10,147571.20,99.8,2000,null,null,30,854,480
2026-09-15T15:03:57.391Z,camera_0,1,0.00,0.00,0.00,147571.20,100.0,2000,null,null,30,854,480
2026-09-15T15:03:57.394Z,camera_1,1,155.91,0.00,155.91,110592.00,99.9,2000,null,null,120,640,480
2026-09-15T15:03:57.394Z,camera_0,1,2543.90,2387.98,155.91,147571.20,99.9,2000,null,null,30,854,480
2026-09-15T15:04:00.392Z,camera_0,1,27.07,0.00,27.07,147571.20,100.0,2000,null,null,30,854,480
2026-09-15T15:04:00.392Z,camera_1,1,299.80,0.00,299.80,110592.00,99.7,2000,null,null,120,640,480
2026-09-15T15:04:00.392Z,camera_0,1,3594.84,3267.97,326.87,147571.20,99.8,2000,null,null,30,854,480
2026-09-15T15:04:03.432Z,camera_0,1,0.00,0.00,0.00,746496.00,100.0,2000,null,null,10,1920,1080
2026-09-15T15:04:03.436Z,camera_1,1,201.03,0.00,201.03,110592.00,99.8,2000,null,null,120,640,480
2026-09-15T15:04:03.436Z,camera_0,1,2545.94,2344.90,201.03,746496.00,100.0,2000,null,null,10,1920,1080
2026-09-15T15:04:06.433Z,camera_0,1,0.00,0.00,0.00,746496.00,100.0,2000,null,null,10,1920,1080
2026-09-15T15:04:06.440Z,camera_1,1,454.71,0.00,454.71,110592.00,99.6,2000,null,null,120,640,480
2026-09-15T15:04:06.440Z,camera_0,1,4277.28,3822.57,454.71,746496.00,99.9,2000,null,null,10,1920,1080
2026-09-15T15:04:09.576Z,camera_0,1,0.00,0.00,0.00,746496.00,100.0,2000,null,null,10,1920,1080
2026-09-15T15:04:09.581Z,camera_1,1,205.05,0.00,205.05,110592.00,99.8,2000,null,null,120,640,480
2026-09-15T15:04:09.582Z,camera_0,1,3667.73,3462.68,205.05,746496.00,100.0,2000,null,null,10,1920,1080
2026-09-15T15:04:12.661Z,camera_0,1,0.00,0.00,0.00,746496.00,100.0,2000,null,null,10,1920,1080
2026-09-15T15:04:12.662Z,camera_1,1,37.10,0.00,37.10,110592.00,100.0,2000,null,null,120,640,480
2026-09-15T15:04:12.663Z,camera_0,1,1646.10,1609.00,37.10,746496.00,100.0,2000,null,null,10,1920,1080
2026-09-15T15:04:15.667Z,camera_0,1,0.00,0.00,0.00,746496.00,100.0,2000,null,null,10,1920,1080
2026-09-15T15:04:15.675Z,camera_1,1,293.78,0.00,293.78,110592.00,99.7,2000,null,null,120,640,480
2026-09-15T15:04:15.675Z,camera_0,1,1653.46,1359.67,293.78,746496.00,100.0,2000,null,null,10,1920,1080
2026-09-15T15:04:18.878Z,camera_0,1,23.06,0.00,23.06,746496.00,100.0,2000,null,null,10,1920,1080
2026-09-15T15:04:18.878Z,camera_1,1,68.18,0.00,68.18,110592.00,99.9,2000,null,null,120,640,480
2026-09-15T15:04:18.878Z,camera_0,1,1441.97,1350.72,91.24,746496.00,100.0,2000,null,null,10,1920,1080
2026-09-15T15:04:21.881Z,camera_0,1,19.55,0.00,19.55,746496.00,100.0,2000,null,null,10,1920,1080
2026-09-15T15:04:21.881Z,camera_1,1,183.99,0.00,183.99,110592.00,99.8,2000,null,null,120,640,480
2026-09-15T15:04:21.881Z,camera_0,1,1816.47,1612.93,203.54,746496.00,100.0,2000,null,null,10,1920,1080
2026-09-15T15:04:24.949Z,camera_0,1,10.53,0.00,10.53,746496.00,100.0,2000,null,null,10,1920,1080
2026-09-15T15:04:24.950Z,camera_1,1,221.59,0.00,221.59,110592.00,99.8,2000,null,null,120,640,480
2026-09-15T15:04:24.951Z,camera_0,1,2763.44,2531.33,232.12,746496.00,100.0,2000,null,null,10,1920,1080
2026-09-15T15:04:28.040Z,camera_0,1,0.00,0.00,0.00,147571.20,100.0,2000,null,null,30,854,480
2026-09-15T15:04:28.043Z,camera_1,1,250.17,0.00,250.17,110592.00,99.8,2000,null,null,120,640,480
2026-09-15T15:04:28.044Z,camera_0,1,3028.49,2778.32,250.17,147571.20,99.8,2000,null,null,30,854,480
2026-09-15T15:04:31.049Z,camera_0,1,0.00,0.00,0.00,147571.20,100.0,2000,null,null,30,854,480
2026-09-15T15:04:31.051Z,camera_1,1,99.77,0.00,99.77,110592.00,99.9,2000,null,null,120,640,480
2026-09-15T15:04:31.053Z,camera_0,1,4119.55,4019.79,99.77,147571.20,99.9,2000,null,null,30,854,480
2026-09-15T15:04:34.156Z,camera_0,1,30.58,0.00,30.58,147571.20,100.0,2000,null,null,30,854,480
2026-09-15T15:04:34.156Z,camera_1,1,192.01,0.00,192.01,110592.00,99.8,2000,null,null,120,640,480
2026-09-15T15:04:34.156Z,camera_0,1,2794.66,2572.06,222.59,147571.20,99.8,2000,null,null,30,854,480
2026-09-15T15:04:37.177Z,camera_0,1,37.10,0.00,37.10,147571.20,100.0,2000,null,null,30,854,480
2026-09-15T15:04:37.178Z,camera_1,1,215.57,0.00,215.57,110592.00,99.8,2000,null,null,120,640,480
2026-09-15T15:04:37.178Z,camera_0,1,3491.00,3238.33,252.67,147571.20,99.8,2000,null,null,30,854,480
2026-09-15T15:04:40.176Z,camera_0,1,26.57,0.00,26.57,147571.20,100.0,2000,null,null,30,854,480
2026-09-15T15:04:40.177Z,camera_1,1,184.99,0.00,184.99,110592.00,99.8,2000,null,null,120,640,480
2026-09-15T15:04:40.177Z,camera_0,1,2692.71,2481.15,211.56,147571.20,99.9,2000,null,null,30,854,480
2026-09-15T15:04:43.224Z,camera_0,1,48.13,0.00,48.13,147571.20,100.0,2000,null,null,30,854,480
2026-09-15T15:04:43.224Z,camera_1,1,192.51,0.00,192.51,110592.00,99.8,2000,null,null,120,640,480
2026-09-15T15:04:43.225Z,camera_0,1,2447.49,2206.85,240.64,147571.20,99.8,2000,null,null,30,854,480
2026-09-15T15:04:46.257Z,camera_0,1,41.11,0.00,41.11,147571.20,100.0,2000,null,null,30,854,480
2026-09-15T15:04:46.260Z,camera_1,1,63.67,0.00,63.67,110592.00,99.9,2000,null,null,120,640,480
2026-09-15T15:04:46.261Z,camera_0,1,3307.29,3202.51,104.78,147571.20,99.9,2000,null,null,30,854,480
2026-09-15T15:04:49.303Z,camera_0,1,35.09,0.00,35.09,147571.20,100.0,2000,null,null,30,854,480
2026-09-15T15:04:49.303Z,camera_1,1,194.52,0.00,194.52,110592.00,99.8,2000,null,null,120,640,480
2026-09-15T15:04:49.305Z,camera_0,1,2540.04,2310.43,229.61,147571.20,99.8,2000,null,null,30,854,480
2026-09-15T15:04:52.301Z,camera_0,1,25.07,0.00,25.07,147571.20,100.0,2000,null,null,30,854,480
2026-09-15T15:04:52.302Z,camera_1,1,145.89,0.00,145.89,110592.00,99.9,2000,null,null,120,640,480
2026-09-15T15:04:52.302Z,camera_0,1,2830.98,2660.02,170.95,147571.20,99.9,2000,null,null,30,854,480
2026-09-15T15:04:55.486Z,camera_0,1,37.10,0.00,37.10,147571.20,100.0,2000,null,null,30,854,480
2026-09-15T15:04:55.487Z,camera_1,1,72.69,0.00,72.69,110592.00,99.9,2000,null,null,120,640,480
2026-09-15T15:04:55.488Z,camera_0,1,2063.77,1953.98,109.79,147571.20,99.9,2000,null,null,30,854,480
2026-09-15T15:04:58.463Z,camera_0,1,33.59,0.00,33.59,147571.20,100.0,2000,null,null,30,854,480
2026-09-15T15:04:58.463Z,camera_1,1,219.08,0.00,219.08,110592.00,99.8,2000,null,null,120,640,480
2026-09-15T15:04:58.468Z,camera_0,1,2317.31,2064.63,252.67,147571.20,99.8,2000,null,null,30,854,480
2026-09-15T15:05:01.588Z,camera_0,1,35.59,0.00,35.59,147571.20,100.0,2000,null,null,30,854,480
2026-09-15T15:05:01.592Z,camera_1,1,196.02,0.00,196.02,110592.00,99.8,2000,null,null,120,640,480
2026-09-15T15:05:01.592Z,camera_0,1,2780.50,2548.88,231.62,147571.20,99.8,2000,null,null,30,854,480
2026-09-15T15:05:04.584Z,camera_0,1,22.06,0.00,22.06,147571.20,100.0,2000,null,null,30,854,480
2026-09-15T15:05:04.585Z,camera_1,1,93.75,0.00,93.75,110592.00,99.9,2000,null,null,120,640,480
2026-09-15T15:05:04.585Z,camera_0,1,2558.11,2442.30,115.81,147571.20,99.9,2000,null,null,30,854,480
2026-09-15T15:05:07.797Z,camera_0,1,51.14,0.00,51.14,147571.20,100.0,2000,null,null,30,854,480
2026-09-15T15:05:07.797Z,camera_1,1,191.01,0.00,191.01,110592.00,99.8,2000,null,null,120,640,480
2026-09-15T15:05:07.797Z,camera_0,1,2951.54,2709.40,242.14,147571.20,99.8,2000,null,null,30,854,480
2026-09-15T15:05:10.798Z,camera_0,1,19.55,0.00,19.55,147571.20,100.0,2000,null,null,30,854,480
2026-09-15T15:05:10.798Z,camera_1,1,158.42,0.00,158.42,110592.00,99.9,2000,null,null,120,640,480
2026-09-15T15:05:10.799Z,camera_0,1,3202.30,3024.32,177.97,147571.20,99.9,2000,null,null,30,854,480
2026-09-15T15:05:13.935Z,camera_0,1,38.60,0.00,38.60,147571.20,100.0,2000,null,null,30,854,480
2026-09-15T15:05:13.937Z,camera_1,1,175.47,0.00,175.47,110592.00,99.8,2000,null,null,120,640,480
2026-09-15T15:05:13.937Z,camera_0,1,3632.92,3418.85,214.07,147571.20,99.9,2000,null,null,30,854,480
2026-09-15T15:05:16.930Z,camera_0,1,46.12,0.00,46.12,147571.20,100.0,2000,null,null,30,854,480
2026-09-15T15:05:16.931Z,camera_1,1,267.71,0.00,267.71,110592.00,99.8,2000,null,null,120,640,480
2026-09-15T15:05:16.931Z,camera_0,1,4040.12,3726.28,313.83,147571.20,99.8,2000,null,null,30,854,480
2026-09-15T15:05:19.963Z,camera_1,1,89.74,0.00,89.74,110592.00,99.9,2000,null,null,120,640,480
2026-09-15T15:05:19.963Z,camera_0,1,29.08,0.00,29.08,147571.20,100.0,2000,null,null,30,854,480
2026-09-15T15:05:19.963Z,camera_0,1,2295.92,2177.10,118.82,147571.20,99.9,2000,null,null,30,854,480
2026-09-15T15:05:22.973Z,camera_0,1,25.07,0.00,25.07,147571.20,100.0,2000,null,null,30,854,480
2026-09-15T15:05:22.973Z,camera_1,1,181.98,0.00,181.98,110592.00,99.8,2000,null,null,120,640,480
2026-09-15T15:05:22.973Z,camera_0,1,2316.56,2109.51,207.05,147571.20,99.9,2000,null,null,30,854,480
2026-09-15T15:05:25.972Z,camera_0,1,28.07,0.00,28.07,147571.20,100.0,2000,null,null,30,854,480
2026-09-15T15:05:25.973Z,camera_1,1,151.40,0.00,151.40,110592.00,99.9,2000,null,null,120,640,480
2026-09-15T15:05:25.973Z,camera_0,1,2371.57,2192.09,179.48,147571.20,99.9,2000,null,null,30,854,480
2026-09-15T15:05:28.972Z,camera_0,1,22.06,0.00,22.06,147571.20,100.0,2000,null,null,30,854,480
2026-09-15T15:05:28.973Z,camera_1,1,87.73,0.00,87.73,110592.00,99.9,2000,null,null,120,640,480
2026-09-15T15:05:28.973Z,camera_0,1,2502.90,2393.11,109.79,147571.20,99.9,2000,null,null,30,854,480
2026-09-15T15:05:32.027Z,camera_0,1,37.60,0.00,37.60,147571.20,100.0,2000,null,null,30,854,480
2026-09-15T15:05:32.028Z,camera_1,1,223.09,0.00,223.09,110592.00,99.8,2000,null,null,120,640,480
2026-09-15T15:05:32.030Z,camera_0,1,2181.19,1920.49,260.69,147571.20,99.8,2000,null,null,30,854,480
2026-09-15T15:05:35.117Z,camera_0,1,29.08,0.00,29.08,147571.20,100.0,2000,null,null,30,854,480
2026-09-15T15:05:35.118Z,camera_1,1,143.38,0.00,143.38,110592.00,99.9,2000,null,null,120,640,480
2026-09-15T15:05:35.118Z,camera_0,1,2860.61,2688.15,172.46,147571.20,99.9,2000,null,null,30,854,480
2026-09-15T15:05:38.118Z,camera_0,1,24.57,0.00,24.57,147571.20,100.0,2000,null,null,30,854,480
2026-09-15T15:05:38.119Z,camera_1,1,95.25,0.00,95.25,110592.00,99.9,2000,null,null,120,640,480
2026-09-15T15:05:38.120Z,camera_0,1,2315.19,2195.38,119.82,147571.20,99.9,2000,null,null,30,854,480
2026-09-15T15:05:41.243Z,camera_0,1,30.08,0.00,30.08,147571.20,100.0,2000,null,null,30,854,480
2026-09-15T15:05:41.244Z,camera_1,1,163.43,0.00,163.43,110592.00,99.9,2000,null,null,120,640,480
2026-09-15T15:05:41.331Z,camera_0,1,2767.35,2573.84,193.51,147571.20,99.9,2000,null,null,30,854,480
2026-09-15T15:05:44.244Z,camera_0,1,42.11,0.00,42.11,147571.20,100.0,2000,null,null,30,854,480
2026-09-15T15:05:44.249Z,camera_0,1,2795.09,2548.93,246.15,147571.20,99.8,2000,null,null,30,854,480
2026-09-15T15:05:44.249Z,camera_1,1,204.04,0.00,204.04,110592.00,99.8,2000,null,null,120,640,480
2026-09-15T15:05:47.244Z,camera_0,1,17.55,0.00,17.55,147571.20,100.0,2000,null,null,30,854,480
2026-09-15T15:05:47.245Z,camera_1,1,65.17,0.00,65.17,110592.00,99.9,2000,null,null,120,640,480
2026-09-15T15:05:47.245Z,camera_0,1,1724.77,1642.05,82.72,147571.20,99.9,2000,null,null,30,854,480
2026-09-15T15:05:50.298Z,camera_0,1,27.07,0.00,27.07,147571.20,100.0,2000,null,null,30,854,480
2026-09-15T15:05:50.299Z,camera_1,1,161.93,0.00,161.93,110592.00,99.9,2000,null,null,120,640,480
2026-09-15T15:05:50.299Z,camera_0,1,2530.29,2341.28,189.00,147571.20,99.9,2000,null,null,30,854,480
2026-09-15T15:05:53.299Z,camera_0,1,29.08,0.00,29.08,147571.20,100.0,2000,null,null,30,854,480
2026-09-15T15:05:53.301Z,camera_1,1,174.97,0.00,174.97,110592.00,99.8,2000,null,null,120,640,480
2026-09-15T15:05:53.301Z,camera_0,1,2874.44,2670.40,204.04,147571.20,99.9,2000,null,null,30,854,480
2026-09-15T15:05:56.303Z,camera_0,1,50.63,0.00,50.63,147571.20,100.0,2000,null,null,30,854,480
2026-09-15T15:05:56.304Z,camera_1,1,258.46,0.00,258.46,110592.00,99.8,2000,null,null,120,640,480
2026-09-15T15:05:56.304Z,camera_0,1,3240.97,2931.87,309.10,147571.20,99.8,2000,null,null,30,854,480
2026-09-15T15:05:59.401Z,camera_0,1,31.08,0.00,31.08,147571.20,100.0,2000,null,null,30,854,480
2026-09-15T15:05:59.401Z,camera_1,1,356.17,0.00,356.17,110592.00,99.7,2000,null,null,120,640,480
2026-09-15T15:05:59.401Z,camera_0,1,3815.21,3427.96,387.25,147571.20,99.7,2000,null,null,30,854,480
2026-09-15T15:06:02.400Z,camera_0,1,28.58,0.00,28.58,147571.20,100.0,2000,null,null,30,854,480
2026-09-15T15:06:02.401Z,camera_1,1,279.74,0.00,279.74,110592.00,99.7,2000,null,null,120,640,480
2026-09-15T15:06:02.401Z,camera_0,1,3253.45,2945.13,308.32,147571.20,99.8,2000,null,null,30,854,480
2026-09-15T15:06:05.425Z,camera_0,1,0.00,0.00,0.00,110592.00,100.0,2000,null,null,120,640,480
2026-09-15T15:06:05.426Z,camera_1,1,253.17,0.00,253.17,110592.00,99.8,2000,null,null,120,640,480
2026-09-15T15:06:05.426Z,camera_0,1,4141.01,3887.83,253.17,110592.00,99.8,2000,null,null,120,640,480
2026-09-15T15:06:08.513Z,camera_0,1,0.00,0.00,0.00,110592.00,100.0,2000,null,null,120,640,480
2026-09-15T15:06:08.515Z,camera_1,1,223.09,0.00,223.09,110592.00,99.8,2000,null,null,120,640,480
2026-09-15T15:06:08.516Z,camera_0,1,4380.52,4157.42,223.09,110592.00,99.8,2000,null,null,120,640,480
2026-09-15T15:06:11.675Z,camera_0,1,33.09,0.00,33.09,110592.00,100.0,2000,null,null,120,640,480
2026-09-15T15:06:11.681Z,camera_1,1,210.56,0.00,210.56,110592.00,99.8,2000,null,null,120,640,480
2026-09-15T15:06:11.681Z,camera_0,1,3865.42,3621.78,243.65,110592.00,99.8,2000,null,null,120,640,480
2026-09-15T15:06:14.832Z,camera_0,1,68.68,0.00,68.68,110592.00,99.9,2000,null,null,120,640,480
2026-09-15T15:06:14.832Z,camera_1,1,218.58,0.00,218.58,110592.00,99.8,2000,null,null,120,640,480
2026-09-15T15:06:14.835Z,camera_0,1,4245.42,3958.15,287.26,110592.00,99.7,2000,null,null,120,640,480
2026-09-15T15:06:17.892Z,camera_0,1,40.61,0.00,40.61,110592.00,100.0,2000,null,null,120,640,480
2026-09-15T15:06:17.892Z,camera_1,1,217.08,0.00,217.08,110592.00,99.8,2000,null,null,120,640,480
2026-09-15T15:06:17.895Z,camera_0,1,4349.68,4092.00,257.69,110592.00,99.8,2000,null,null,120,640,480
2026-09-15T15:06:20.983Z,camera_0,1,34.09,0.00,34.09,110592.00,100.0,2000,null,null,120,640,480
2026-09-15T15:06:20.984Z,camera_1,1,232.62,0.00,232.62,110592.00,99.8,2000,null,null,120,640,480
2026-09-15T15:06:20.984Z,camera_0,1,3387.53,3120.82,266.71,110592.00,99.8,2000,null,null,120,640,480
2026-09-15T15:06:24.029Z,camera_0,1,25.57,0.00,25.57,110592.00,100.0,2000,null,null,120,640,480
2026-09-15T15:06:24.029Z,camera_1,1,189.00,0.00,189.00,110592.00,99.8,2000,null,null,120,640,480
2026-09-15T15:06:24.029Z,camera_0,1,3373.35,3158.78,214.57,110592.00,99.8,2000,null,null,120,640,480
2026-09-15T15:06:27.107Z,camera_0,1,34.09,0.00,34.09,110592.00,100.0,2000,null,null,120,640,480
2026-09-15T15:06:27.108Z,camera_1,1,155.41,0.00,155.41,110592.00,99.9,2000,null,null,120,640,480
2026-09-15T15:06:27.108Z,camera_0,1,2416.57,2227.06,189.50,110592.00,99.8,2000,null,null,120,640,480
2026-09-15T15:06:30.158Z,camera_0,1,20.55,0.00,20.55,110592.00,100.0,2000,null,null,120,640,480
2026-09-15T15:06:30.163Z,camera_1,1,64.17,0.00,64.17,110592.00,99.9,2000,null,null,120,640,480
2026-09-15T15:06:30.163Z,camera_0,1,1705.94,1621.22,84.73,110592.00,99.9,2000,null,null,120,640,480
2026-09-15T15:06:33.159Z,camera_0,1,26.57,0.00,26.57,110592.00,100.0,2000,null,null,120,640,480
2026-09-15T15:06:33.161Z,camera_1,1,184.99,0.00,184.99,110592.00,99.8,2000,null,null,120,640,480
2026-09-15T15:06:33.164Z,camera_0,1,2739.97,2528.41,211.56,110592.00,99.8,2000,null,null,120,640,480
2026-09-15T15:06:36.301Z,camera_0,1,37.60,0.00,37.60,110592.00,100.0,2000,null,null,120,640,480
2026-09-15T15:06:36.302Z,camera_1,1,146.39,0.00,146.39,110592.00,99.9,2000,null,null,120,640,480
2026-09-15T15:06:36.302Z,camera_0,1,2451.55,2267.56,183.99,110592.00,99.8,2000,null,null,120,640,480
2026-09-15T15:06:39.349Z,camera_0,1,28.07,0.00,28.07,110592.00,100.0,2000,null,null,120,640,480
2026-09-15T15:06:39.349Z,camera_1,1,267.21,0.00,267.21,110592.00,99.8,2000,null,null,120,640,480
2026-09-15T15:06:39.351Z,camera_0,1,3322.47,3027.18,295.29,110592.00,99.7,2000,null,null,120,640,480
2026-09-15T15:06:42.351Z,camera_0,1,30.58,0.00,30.58,110592.00,100.0,2000,null,null,120,640,480
2026-09-15T15:06:42.351Z,camera_1,1,245.65,0.00,245.65,110592.00,99.8,2000,null,null,120,640,480
2026-09-15T15:06:42.351Z,camera_0,1,2328.74,2052.50,276.23,110592.00,99.8,2000,null,null,120,640,480
2026-09-15T15:06:45.353Z,camera_0,1,29.58,0.00,29.58,110592.00,100.0,2000,null,null,120,640,480
2026-09-15T15:06:45.353Z,camera_1,1,148.39,0.00,148.39,110592.00,99.9,2000,null,null,120,640,480
2026-09-15T15:06:45.353Z,camera_0,1,3241.03,3063.06,177.97,110592.00,99.8,2000,null,null,120,640,480
2026-09-15T15:06:48.469Z,camera_0,1,38.10,0.00,38.10,110592.00,100.0,2000,null,null,120,640,480
2026-09-15T15:06:48.473Z,camera_1,1,139.37,0.00,139.37,110592.00,99.9,2000,null,null,120,640,480
2026-09-15T15:06:48.475Z,camera_0,1,2579.89,2402.42,177.47,110592.00,99.8,2000,null,null,120,640,480
2026-09-15T15:06:51.621Z,camera_0,1,83.72,0.00,83.72,110592.00,99.9,2000,null,null,120,640,480
2026-09-15T15:06:51.621Z,camera_1,1,201.03,0.00,201.03,110592.00,99.8,2000,null,null,120,640,480
2026-09-15T15:06:51.621Z,camera_0,1,3259.97,2975.22,284.76,110592.00,99.7,2000,null,null,120,640,480
2026-09-15T15:06:54.621Z,camera_0,1,41.61,0.00,41.61,110592.00,100.0,2000,null,null,120,640,480
2026-09-15T15:06:54.622Z,camera_1,1,199.53,0.00,199.53,110592.00,99.8,2000,null,null,120,640,480
2026-09-15T15:06:54.622Z,camera_0,1,3950.64,3709.50,241.14,110592.00,99.8,2000,null,null,120,640,480
2026-09-15T15:06:57.634Z,camera_0,1,38.10,0.00,38.10,110592.00,100.0,2000,null,null,120,640,480
2026-09-15T15:06:57.636Z,camera_1,1,149.40,0.00,149.40,110592.00,99.9,2000,null,null,120,640,480
2026-09-15T15:06:57.637Z,camera_0,1,3066.89,2879.39,187.50,110592.00,99.8,2000,null,null,120,640,480
2026-09-15T15:07:00.706Z,camera_0,1,34.09,0.00,34.09,110592.00,100.0,2000,null,null,120,640,480
2026-09-15T15:07:00.708Z,camera_1,1,223.09,0.00,223.09,110592.00,99.8,2000,null,null,120,640,480
2026-09-15T15:07:00.708Z,camera_0,1,4002.33,3745.15,257.18,110592.00,99.8,2000,null,null,120,640,480
2026-09-15T15:09:32.400Z,camera_0,0,0.00,0.00,0.00,110592.00,100.0,2000,null,null,120,640,480
2026-09-15T15:09:32.402Z,camera_1,0,0.00,0.00,0.00,110592.00,100.0,2000,null,null,120,640,480
2026-09-15T15:09:32.403Z,camera_0,0,0.00,0.00,0.00,110592.00,100.0,2000,null,null,120,640,480
2026-09-15T15:09:35.400Z,camera_0,1,0.00,0.00,0.00,110592.00,100.0,2000,null,null,120,640,480
2026-09-15T15:09:35.401Z,camera_1,1,0.00,0.00,0.00,110592.00,100.0,2000,null,null,120,640,480
2026-09-15T15:09:35.402Z,camera_0,1,0.00,0.00,0.00,110592.00,100.0,2000,null,null,120,640,480
2026-09-15T15:09:38.401Z,camera_0,1,0.00,0.00,0.00,110592.00,100.0,2000,null,null,120,640,480
2026-09-15T15:09:38.402Z,camera_1,1,0.00,0.00,0.00,110592.00,100.0,2000,null,null,120,640,480
2026-09-15T15:09:38.402Z,camera_0,1,0.00,0.00,0.00,110592.00,100.0,2000,null,null,120,640,480
2026-09-15T15:09:41.401Z,camera_0,1,0.00,0.00,0.00,110592.00,100.0,2000,null,null,120,640,480
2026-09-15T15:09:41.404Z,camera_1,1,0.00,0.00,0.00,110592.00,100.0,2000,null,null,120,640,480
2026-09-15T15:09:41.405Z,camera_0,1,0.00,0.00,0.00,110592.00,100.0,2000,null,null,120,640,480
2026-09-15T15:09:44.405Z,camera_0,1,0.00,0.00,0.00,110592.00,100.0,2000,null,null,30,640,480
2026-09-15T15:09:44.405Z,camera_1,1,0.00,0.00,0.00,746496.00,100.0,2000,null,null,30,1920,1080
2026-09-15T15:09:44.406Z,camera_0,1,1073.08,1073.08,0.00,110592.00,100.0,2000,null,null,30,640,480
2026-09-15T15:09:47.407Z,camera_0,1,0.00,0.00,0.00,110592.00,100.0,2000,null,null,30,640,480
2026-09-15T15:09:47.407Z,camera_1,1,0.00,0.00,0.00,746496.00,100.0,2000,null,null,30,1920,1080
2026-09-15T15:09:47.408Z,camera_0,1,0.00,0.00,0.00,110592.00,100.0,2000,null,null,30,640,480
2026-09-15T15:09:50.410Z,camera_0,1,0.00,0.00,0.00,110592.00,100.0,2000,null,null,30,640,480
2026-09-15T15:09:50.411Z,camera_1,1,0.00,0.00,0.00,746496.00,100.0,2000,null,null,30,1920,1080
2026-09-15T15:09:50.411Z,camera_0,1,0.00,0.00,0.00,110592.00,100.0,2000,null,null,30,640,480
2026-09-15T15:09:53.412Z,camera_0,1,0.00,0.00,0.00,110592.00,100.0,2000,null,null,30,640,480
2026-09-15T15:09:53.412Z,camera_1,1,0.00,0.00,0.00,746496.00,100.0,2000,null,null,30,1920,1080
2026-09-15T15:09:53.413Z,camera_0,1,0.00,0.00,0.00,110592.00,100.0,2000,null,null,30,640,480
2026-09-15T15:09:56.461Z,camera_0,1,0.00,0.00,0.00,110592.00,100.0,2000,null,null,30,640,480
2026-09-15T15:09:56.462Z,camera_1,1,0.00,0.00,0.00,746496.00,100.0,2000,null,null,30,1920,1080
2026-09-15T15:09:56.462Z,camera_0,1,2733.75,2733.75,0.00,110592.00,100.0,2000,null,null,30,640,480
2026-09-15T15:09:59.696Z,camera_0,1,0.00,0.00,0.00,110592.00,100.0,2000,null,null,30,640,480
2026-09-15T15:09:59.696Z,camera_1,1,0.00,0.00,0.00,746496.00,100.0,2000,null,null,30,1920,1080
2026-09-15T15:09:59.697Z,camera_0,1,3105.38,3105.38,0.00,110592.00,100.0,2000,null,null,30,640,480
2026-09-15T15:10:02.848Z,camera_0,1,34.59,0.00,34.59,110592.00,100.0,2000,null,null,30,640,480
2026-09-15T15:10:02.851Z,camera_1,1,0.00,0.00,0.00,746496.00,100.0,2000,null,null,30,1920,1080
2026-09-15T15:10:02.851Z,camera_0,1,3936.35,3901.76,34.59,110592.00,100.0,2000,null,null,30,640,480
2026-09-15T15:10:05.878Z,camera_0,1,30.58,0.00,30.58,110592.00,100.0,2000,null,null,30,640,480
2026-09-15T15:10:05.879Z,camera_1,1,0.00,0.00,0.00,746496.00,100.0,2000,null,null,30,1920,1080
2026-09-15T15:10:05.887Z,camera_0,1,3011.85,2981.27,30.58,110592.00,100.0,2000,null,null,30,640,480
2026-09-15T15:10:09.012Z,camera_0,1,19.55,0.00,19.55,110592.00,100.0,2000,null,null,30,640,480
2026-09-15T15:10:09.013Z,camera_1,1,0.00,0.00,0.00,746496.00,100.0,2000,null,null,30,1920,1080
2026-09-15T15:10:09.014Z,camera_0,1,2523.79,2504.24,19.55,110592.00,100.0,2000,null,null,30,640,480
2026-09-15T15:10:12.118Z,camera_0,1,32.09,0.00,32.09,110592.00,100.0,2000,null,null,30,640,480
2026-09-15T15:10:12.118Z,camera_1,1,0.00,0.00,0.00,746496.00,100.0,2000,null,null,30,1920,1080
2026-09-15T15:10:12.118Z,camera_0,1,1654.63,1622.54,32.09,110592.00,100.0,2000,null,null,30,640,480
2026-09-15T15:10:15.118Z,camera_0,1,43.62,0.00,43.62,110592.00,100.0,2000,null,null,30,640,480
2026-09-15T15:10:15.118Z,camera_1,1,84.73,0.00,84.73,746496.00,100.0,2000,null,null,30,1920,1080
2026-09-15T15:10:15.120Z,camera_0,1,1117.53,989.19,128.34,110592.00,99.9,2000,null,null,30,640,480
2026-09-15T15:10:18.119Z,camera_0,1,14.04,0.00,14.04,147571.20,100.0,2000,null,null,30,854,480
2026-09-15T15:10:18.119Z,camera_1,1,73.70,0.00,73.70,746496.00,100.0,2000,null,null,30,1920,1080
2026-09-15T15:10:18.119Z,camera_0,1,2534.52,2446.79,87.73,147571.20,99.9,2000,null,null,30,854,480
2026-09-15T15:10:21.120Z,camera_0,1,0.00,0.00,0.00,147571.20,100.0,2000,null,null,30,854,480
2026-09-15T15:10:21.121Z,camera_1,1,26.57,0.00,26.57,746496.00,100.0,2000,null,null,30,1920,1080
2026-09-15T15:10:21.123Z,camera_0,1,2114.27,2087.70,26.57,147571.20,100.0,2000,null,null,30,854,480
2026-09-15T15:10:24.120Z,camera_0,1,0.00,0.00,0.00,147571.20,100.0,2000,null,null,30,854,480
2026-09-15T15:10:24.121Z,camera_1,1,135.86,0.00,135.86,746496.00,100.0,2000,null,null,30,1920,1080
2026-09-15T15:10:24.121Z,camera_0,1,1691.25,1555.39,135.86,147571.20,99.9,2000,null,null,30,854,480
2026-09-15T15:10:27.307Z,camera_0,1,23.56,0.00,23.56,147571.20,100.0,2000,null,null,30,854,480
2026-09-15T15:10:27.311Z,camera_1,1,35.09,0.00,35.09,746496.00,100.0,2000,null,null,30,1920,1080
2026-09-15T15:10:27.311Z,camera_0,1,1424.21,1365.55,58.66,147571.20,100.0,2000,null,null,30,854,480
2026-09-15T15:10:30.350Z,camera_0,1,13.03,0.00,13.03,147571.20,100.0,2000,null,null,30,854,480
2026-09-15T15:10:30.350Z,camera_1,1,157.92,0.00,157.92,746496.00,100.0,2000,null,null,30,1920,1080
2026-09-15T15:10:30.358Z,camera_0,1,1044.43,873.47,170.95,147571.20,99.9,2000,null,null,30,854,480
2026-09-15T15:10:33.351Z,camera_0,1,0.00,0.00,0.00,110592.00,100.0,2000,null,null,120,640,480
2026-09-15T15:10:33.352Z,camera_1,1,70.19,0.00,70.19,746496.00,100.0,2000,null,null,30,1920,1080
2026-09-15T15:10:33.352Z,camera_0,1,1404.18,1333.99,70.19,110592.00,99.9,2000,null,null,120,640,480
2026-09-15T15:10:36.512Z,camera_0,1,0.00,0.00,0.00,110592.00,100.0,2000,null,null,120,640,480
2026-09-15T15:10:36.515Z,camera_1,1,81.72,0.00,81.72,746496.00,100.0,2000,null,null,30,1920,1080
2026-09-15T15:10:36.515Z,camera_0,1,1989.96,1908.24,81.72,110592.00,99.9,2000,null,null,120,640,480
2026-09-15T15:10:39.512Z,camera_0,1,0.00,0.00,0.00,110592.00,100.0,2000,null,null,120,640,480
2026-09-15T15:10:39.518Z,camera_1,1,200.03,0.00,200.03,746496.00,100.0,2000,null,null,30,1920,1080
2026-09-15T15:10:39.519Z,camera_0,1,1912.41,1712.38,200.03,110592.00,99.8,2000,null,null,120,640,480
2026-09-15T15:10:42.689Z,camera_0,1,0.00,0.00,0.00,147571.20,100.0,2000,null,null,30,854,480
2026-09-15T15:10:42.690Z,camera_1,1,46.62,0.00,46.62,746496.00,100.0,2000,null,null,30,1920,1080
2026-09-15T15:10:42.692Z,camera_0,1,1511.16,1464.53,46.62,147571.20,100.0,2000,null,null,30,854,480
2026-09-15T15:10:45.758Z,camera_0,1,0.00,0.00,0.00,147571.20,100.0,2000,null,null,30,854,480
2026-09-15T15:10:45.759Z,camera_1,1,164.94,0.00,164.94,746496.00,100.0,2000,null,null,30,1920,1080
2026-09-15T15:10:45.759Z,camera_0,1,2138.33,1973.39,164.94,147571.20,99.9,2000,null,null,30,854,480
2026-09-15T15:10:49.023Z,camera_0,1,0.00,0.00,0.00,147571.20,100.0,2000,null,null,30,854,480
2026-09-15T15:10:49.023Z,camera_1,1,0.00,0.00,0.00,746496.00,100.0,2000,null,null,30,1920,1080
2026-09-15T15:10:49.027Z,camera_0,1,1713.94,1713.94,0.00,147571.20,100.0,2000,null,null,30,854,480
2026-09-15T15:10:52.024Z,camera_0,1,22.06,0.00,22.06,147571.20,100.0,2000,null,null,30,854,480
2026-09-15T15:10:52.025Z,camera_1,1,117.81,0.00,117.81,746496.00,100.0,2000,null,null,30,1920,1080
2026-09-15T15:10:52.026Z,camera_0,1,1574.23,1434.36,139.87,147571.20,99.9,2000,null,null,30,854,480
2026-09-15T15:10:55.026Z,camera_0,1,8.02,0.00,8.02,147571.20,100.0,2000,null,null,30,854,480
2026-09-15T15:10:55.026Z,camera_1,1,0.00,0.00,0.00,746496.00,100.0,2000,null,null,30,1920,1080
2026-09-15T15:10:55.027Z,camera_0,1,8.02,0.00,8.02,147571.20,100.0,2000,null,null,30,854,480
2026-09-15T15:10:58.026Z,camera_0,1,0.00,0.00,0.00,746496.00,100.0,2000,null,null,10,1920,1080
2026-09-15T15:10:58.027Z,camera_1,1,198.53,0.00,198.53,746496.00,100.0,2000,null,null,30,1920,1080
2026-09-15T15:10:58.027Z,camera_0,1,1242.43,1043.90,198.53,746496.00,100.0,2000,null,null,10,1920,1080
2026-09-15T15:11:01.123Z,camera_0,1,0.00,0.00,0.00,746496.00,100.0,2000,null,null,10,1920,1080
2026-09-15T15:11:01.123Z,camera_1,1,69.18,0.00,69.18,746496.00,100.0,2000,null,null,30,1920,1080
2026-09-15T15:11:01.124Z,camera_0,1,2209.02,2139.84,69.18,746496.00,100.0,2000,null,null,10,1920,1080
2026-09-15T15:11:04.126Z,camera_0,1,0.00,0.00,0.00,746496.00,100.0,2000,null,null,10,1920,1080
2026-09-15T15:11:04.127Z,camera_1,1,57.65,0.00,57.65,746496.00,100.0,2000,null,null,30,1920,1080
2026-09-15T15:11:04.127Z,camera_0,1,2087.16,2029.50,57.65,746496.00,100.0,2000,null,null,10,1920,1080
2026-09-15T15:11:07.129Z,camera_1,1,165.94,0.00,165.94,746496.00,100.0,2000,null,null,30,1920,1080
2026-09-15T15:11:07.129Z,camera_0,1,1805.13,1639.18,165.94,746496.00,100.0,2000,null,null,10,1920,1080
2026-09-15T15:11:07.128Z,camera_0,1,0.00,0.00,0.00,746496.00,100.0,2000,null,null,10,1920,1080
2026-09-15T15:11:10.135Z,camera_0,1,0.00,0.00,0.00,746496.00,100.0,2000,null,null,10,1920,1080
2026-09-15T15:11:10.136Z,camera_1,1,78.21,0.00,78.21,746496.00,100.0,2000,null,null,30,1920,1080
2026-09-15T15:11:10.137Z,camera_0,1,958.22,880.01,78.21,746496.00,100.0,2000,null,null,10,1920,1080
2026-09-15T15:11:13.136Z,camera_0,1,0.00,0.00,0.00,746496.00,100.0,2000,null,null,10,1920,1080
2026-09-15T15:11:13.136Z,camera_1,1,0.00,0.00,0.00,746496.00,100.0,2000,null,null,30,1920,1080
2026-09-15T15:11:13.136Z,camera_0,1,0.00,0.00,0.00,746496.00,100.0,2000,null,null,10,1920,1080
2026-09-15T15:11:16.197Z,camera_0,1,21.06,0.00,21.06,746496.00,100.0,2000,null,null,10,1920,1080
2026-09-15T15:11:16.198Z,camera_1,1,156.42,0.00,156.42,746496.00,100.0,2000,null,null,30,1920,1080
2026-09-15T15:11:16.198Z,camera_0,1,1847.07,1669.60,177.47,746496.00,100.0,2000,null,null,10,1920,1080
2026-09-15T15:11:19.197Z,camera_0,1,6.02,0.00,6.02,746496.00,100.0,2000,null,null,10,1920,1080
2026-09-15T15:11:19.201Z,camera_1,1,161.43,0.00,161.43,746496.00,100.0,2000,null,null,30,1920,1080
2026-09-15T15:11:19.201Z,camera_0,1,2340.48,2173.03,167.45,746496.00,100.0,2000,null,null,10,1920,1080
2026-09-15T15:11:22.266Z,camera_0,1,27.57,0.00,27.57,746496.00,100.0,2000,null,null,10,1920,1080
2026-09-15T15:11:22.268Z,camera_1,1,114.81,0.00,114.81,746496.00,100.0,2000,null,null,30,1920,1080
2026-09-15T15:11:22.268Z,camera_0,1,2387.83,2245.45,142.38,746496.00,100.0,2000,null,null,10,1920,1080
2026-09-15T15:11:25.269Z,camera_0,1,4.51,0.00,4.51,746496.00,100.0,2000,null,null,10,1920,1080
2026-09-15T15:11:25.269Z,camera_1,1,177.47,0.00,177.47,746496.00,100.0,2000,null,null,30,1920,1080
2026-09-15T15:11:25.270Z,camera_0,1,1915.17,1733.18,181.98,746496.00,100.0,2000,null,null,10,1920,1080
2026-09-15T15:11:28.398Z,camera_0,1,25.07,0.00,25.07,746496.00,100.0,2000,null,null,10,1920,1080
2026-09-15T15:11:28.398Z,camera_1,1,60.66,0.00,60.66,746496.00,100.0,2000,null,null,30,1920,1080
2026-09-15T15:11:28.399Z,camera_0,1,1717.33,1631.60,85.73,746496.00,100.0,2000,null,null,10,1920,1080
2026-09-15T15:11:31.461Z,camera_0,1,5.51,0.00,5.51,746496.00,100.0,2000,null,null,10,1920,1080
2026-09-15T15:11:31.461Z,camera_1,1,248.16,0.00,248.16,746496.00,100.0,2000,null,null,30,1920,1080
2026-09-15T15:11:31.462Z,camera_0,1,2846.14,2592.46,253.67,746496.00,100.0,2000,null,null,10,1920,1080
2026-09-15T15:11:34.461Z,camera_0,1,21.56,0.00,21.56,746496.00,100.0,2000,null,null,10,1920,1080
2026-09-15T15:11:34.461Z,camera_1,1,0.00,0.00,0.00,746496.00,100.0,2000,null,null,30,1920,1080
2026-09-15T15:11:34.462Z,camera_0,1,613.45,591.90,21.56,746496.00,100.0,2000,null,null,10,1920,1080
2026-09-15T15:11:37.557Z,camera_0,1,14.54,0.00,14.54,746496.00,100.0,2000,null,null,10,1920,1080
2026-09-15T15:11:37.560Z,camera_1,1,241.64,0.00,241.64,746496.00,100.0,2000,null,null,30,1920,1080
2026-09-15T15:11:37.560Z,camera_0,1,2329.15,2072.97,256.18,746496.00,100.0,2000,null,null,10,1920,1080
2026-09-15T15:11:40.555Z,camera_0,1,21.06,0.00,21.06,746496.00,100.0,2000,null,null,10,1920,1080
2026-09-15T15:11:40.557Z,camera_1,1,179.48,0.00,179.48,746496.00,100.0,2000,null,null,30,1920,1080
2026-09-15T15:11:40.557Z,camera_0,1,2288.00,2087.46,200.53,746496.00,100.0,2000,null,null,10,1920,1080
2026-09-15T15:11:43.557Z,camera_0,1,17.05,0.00,17.05,746496.00,100.0,2000,null,null,10,1920,1080
2026-09-15T15:11:43.558Z,camera_1,1,120.32,0.00,120.32,746496.00,100.0,2000,null,null,30,1920,1080
2026-09-15T15:11:43.558Z,camera_0,1,2213.68,2076.32,137.37,746496.00,100.0,2000,null,null,10,1920,1080
2026-09-15T15:11:46.557Z,camera_0,1,18.55,0.00,18.55,746496.00,100.0,2000,null,null,10,1920,1080
2026-09-15T15:11:46.561Z,camera_1,1,164.94,0.00,164.94,746496.00,100.0,2000,null,null,30,1920,1080
2026-09-15T15:11:46.561Z,camera_0,1,1777.32,1593.83,183.49,746496.00,100.0,2000,null,null,10,1920,1080
2026-09-15T15:11:49.633Z,camera_0,1,13.54,0.00,13.54,746496.00,100.0,2000,null,null,10,1920,1080
2026-09-15T15:11:49.633Z,camera_1,1,60.66,0.00,60.66,746496.00,100.0,2000,null,null,30,1920,1080
2026-09-15T15:11:49.633Z,camera_0,1,1931.93,1857.73,74.20,746496.00,100.0,2000,null,null,10,1920,1080
2026-09-15T15:11:52.633Z,camera_0,1,3.01,0.00,3.01,746496.00,100.0,2000,null,null,10,1920,1080
2026-09-15T15:11:52.633Z,camera_1,1,195.02,0.00,195.02,746496.00,100.0,2000,null,null,30,1920,1080
2026-09-15T15:11:52.634Z,camera_0,1,2205.46,2007.43,198.03,746496.00,100.0,2000,null,null,10,1920,1080
2026-09-15T15:11:55.634Z,camera_0,1,22.06,0.00,22.06,746496.00,100.0,2000,null,null,10,1920,1080
2026-09-15T15:11:55.634Z,camera_1,1,190.01,0.00,190.01,746496.00,100.0,2000,null,null,30,1920,1080
2026-09-15T15:11:55.635Z,camera_0,1,2009.79,1797.73,212.06,746496.00,100.0,2000,null,null,10,1920,1080
2026-09-15T15:11:58.634Z,camera_0,1,12.03,0.00,12.03,746496.00,100.0,2000,null,null,10,1920,1080
2026-09-15T15:11:58.634Z,camera_1,1,60.66,0.00,60.66,746496.00,100.0,2000,null,null,30,1920,1080
2026-09-15T15:11:58.634Z,camera_0,1,1982.04,1909.35,72.69,746496.00,100.0,2000,null,null,10,1920,1080
2026-09-15T15:12:01.697Z,camera_0,1,20.05,0.00,20.05,746496.00,100.0,2000,null,null,10,1920,1080
2026-09-15T15:12:01.698Z,camera_1,1,177.97,0.00,177.97,746496.00,100.0,2000,null,null,30,1920,1080
2026-09-15T15:12:01.698Z,camera_0,1,2340.69,2142.66,198.03,746496.00,100.0,2000,null,null,10,1920,1080
2026-09-15T15:12:04.698Z,camera_0,1,15.54,0.00,15.54,746496.00,100.0,2000,null,null,10,1920,1080
2026-09-15T15:12:04.698Z,camera_1,1,28.07,0.00,28.07,746496.00,100.0,2000,null,null,30,1920,1080
2026-09-15T15:12:04.698Z,camera_0,1,1344.10,1300.49,43.62,746496.00,100.0,2000,null,null,10,1920,1080
2026-09-15T15:12:07.697Z,camera_0,1,1.50,0.00,1.50,746496.00,100.0,2000,null,null,10,1920,1080
2026-09-15T15:12:07.700Z,camera_0,1,1721.75,1398.90,322.86,746496.00,100.0,2000,null,null,10,1920,1080
2026-09-15T15:12:07.700Z,camera_1,1,321.35,0.00,321.35,746496.00,100.0,2000,null,null,30,1920,1080
2026-09-15T15:12:10.698Z,camera_0,1,34.09,0.00,34.09,746496.00,100.0,2000,null,null,10,1920,1080
2026-09-15T15:12:10.700Z,camera_1,1,99.77,0.00,99.77,746496.00,100.0,2000,null,null,30,1920,1080
2026-09-15T15:12:10.700Z,camera_0,1,1756.14,1622.28,133.86,746496.00,100.0,2000,null,null,10,1920,1080
2026-09-15T15:12:13.699Z,camera_0,1,0.00,0.00,0.00,147571.20,100.0,2000,null,null,30,854,480
2026-09-15T15:12:13.699Z,camera_1,1,203.54,0.00,203.54,746496.00,100.0,2000,null,null,30,1920,1080
2026-09-15T15:12:13.699Z,camera_0,1,3158.33,2954.79,203.54,147571.20,99.9,2000,null,null,30,854,480
2026-09-15T15:12:16.755Z,camera_0,1,24.57,0.00,24.57,746496.00,100.0,2000,null,null,10,1920,1080
2026-09-15T15:12:16.755Z,camera_1,1,157.92,0.00,157.92,746496.00,100.0,2000,null,null,30,1920,1080
2026-09-15T15:12:16.755Z,camera_0,1,1611.99,1429.50,182.49,746496.00,100.0,2000,null,null,10,1920,1080
2026-09-15T15:12:19.826Z,camera_0,1,0.00,0.00,0.00,746496.00,100.0,2000,null,null,10,1920,1080
2026-09-15T15:12:19.855Z,camera_1,1,175.97,0.00,175.97,746496.00,100.0,2000,null,null,30,1920,1080
2026-09-15T15:12:19.856Z,camera_0,1,3569.07,3393.10,175.97,746496.00,100.0,2000,null,null,10,1920,1080
2026-09-15T15:12:22.995Z,camera_0,1,0.00,0.00,0.00,746496.00,100.0,2000,null,null,10,1920,1080
2026-09-15T15:12:22.996Z,camera_1,1,77.71,0.00,77.71,746496.00,100.0,2000,null,null,30,1920,1080
2026-09-15T15:12:22.996Z,camera_0,1,2872.50,2794.79,77.71,746496.00,100.0,2000,null,null,10,1920,1080
2026-09-15T15:12:25.997Z,camera_0,1,0.00,0.00,0.00,746496.00,100.0,2000,null,null,10,1920,1080
2026-09-15T15:12:26.000Z,camera_1,1,185.99,0.00,185.99,746496.00,100.0,2000,null,null,30,1920,1080
2026-09-15T15:12:26.000Z,camera_0,1,1954.73,1768.73,185.99,746496.00,100.0,2000,null,null,10,1920,1080
2026-09-15T15:12:29.000Z,camera_0,1,23.56,0.00,23.56,746496.00,100.0,2000,null,null,10,1920,1080
2026-09-15T15:12:29.001Z,camera_1,1,155.91,0.00,155.91,746496.00,100.0,2000,null,null,30,1920,1080
2026-09-15T15:12:29.001Z,camera_0,1,2135.05,1955.57,179.48,746496.00,100.0,2000,null,null,10,1920,1080
2026-09-15T15:12:32.081Z,camera_0,1,21.56,0.00,21.56,746496.00,100.0,2000,null,null,10,1920,1080
2026-09-15T15:12:32.083Z,camera_1,1,55.15,0.00,55.15,746496.00,100.0,2000,null,null,30,1920,1080
2026-09-15T15:12:32.083Z,camera_0,1,1414.10,1337.39,76.70,746496.00,100.0,2000,null,null,10,1920,1080
2026-09-15T15:12:35.084Z,camera_0,1,10.03,0.00,10.03,746496.00,100.0,2000,null,null,10,1920,1080
2026-09-15T15:12:35.085Z,camera_1,1,32.59,0.00,32.59,746496.00,100.0,2000,null,null,30,1920,1080
2026-09-15T15:12:35.085Z,camera_0,1,1211.90,1169.28,42.61,746496.00,100.0,2000,null,null,10,1920,1080
2026-09-15T15:12:38.084Z,camera_0,1,17.55,0.00,17.55,746496.00,100.0,2000,null,null,10,1920,1080
2026-09-15T15:12:38.091Z,camera_1,1,279.74,0.00,279.74,746496.00,100.0,2000,null,null,30,1920,1080
2026-09-15T15:12:38.091Z,camera_0,1,2264.26,1966.97,297.29,746496.00,100.0,2000,null,null,10,1920,1080
2026-09-15T15:12:41.229Z,camera_0,1,14.04,0.00,14.04,746496.00,100.0,2000,null,null,10,1920,1080
2026-09-15T15:12:41.231Z,camera_1,1,192.51,0.00,192.51,746496.00,100.0,2000,null,null,30,1920,1080
2026-09-15T15:12:41.231Z,camera_0,1,2466.64,2260.09,206.55,746496.00,100.0,2000,null,null,10,1920,1080
2026-09-15T15:12:44.230Z,camera_0,1,1.00,0.00,1.00,746496.00,100.0,2000,null,null,10,1920,1080
2026-09-15T15:12:44.230Z,camera_1,1,140.87,0.00,140.87,746496.00,100.0,2000,null,null,30,1920,1080
2026-09-15T15:12:44.230Z,camera_0,1,2019.30,1877.42,141.88,746496.00,100.0,2000,null,null,10,1920,1080
2026-09-15T15:12:47.233Z,camera_1,1,110.79,0.00,110.79,746496.00,100.0,2000,null,null,30,1920,1080
2026-09-15T15:12:47.233Z,camera_0,1,2450.83,2308.96,141.88,746496.00,100.0,2000,null,null,10,1920,1080
2026-09-15T15:12:47.232Z,camera_0,1,31.08,0.00,31.08,746496.00,100.0,2000,null,null,10,1920,1080
2026-09-15T15:12:50.233Z,camera_0,1,2.51,0.00,2.51,746496.00,100.0,2000,null,null,10,1920,1080
2026-09-15T15:12:50.233Z,camera_1,1,182.49,0.00,182.49,746496.00,100.0,2000,null,null,30,1920,1080
2026-09-15T15:12:50.234Z,camera_0,1,1948.80,1763.81,184.99,746496.00,100.0,2000,null,null,10,1920,1080
2026-09-15T15:12:53.234Z,camera_0,1,0.00,0.00,0.00,147571.20,100.0,2000,null,null,30,854,480
2026-09-15T15:12:53.237Z,camera_1,1,181.48,0.00,181.48,746496.00,100.0,2000,null,null,30,1920,1080
2026-09-15T15:12:53.237Z,camera_0,1,3161.68,2980.20,181.48,147571.20,99.9,2000,null,null,30,854,480
2026-09-15T15:12:56.235Z,camera_0,1,30.58,0.00,30.58,147571.20,100.0,2000,null,null,30,854,480
2026-09-15T15:12:56.238Z,camera_1,1,64.67,0.00,64.67,746496.00,100.0,2000,null,null,30,1920,1080
2026-09-15T15:12:56.241Z,camera_0,1,1008.22,912.97,95.25,147571.20,99.9,2000,null,null,30,854,480
2026-09-15T15:12:59.235Z,camera_0,1,0.00,0.00,0.00,746496.00,100.0,2000,null,null,10,1920,1080
2026-09-15T15:12:59.235Z,camera_1,1,159.42,0.00,159.42,746496.00,100.0,2000,null,null,30,1920,1080
2026-09-15T15:12:59.236Z,camera_0,1,1981.73,1822.30,159.42,746496.00,100.0,2000,null,null,10,1920,1080
2026-09-15T15:13:02.287Z,camera_0,1,0.00,0.00,0.00,147571.20,100.0,2000,null,null,30,854,480
2026-09-15T15:13:02.287Z,camera_1,1,61.66,0.00,61.66,746496.00,100.0,2000,null,null,30,1920,1080
2026-09-15T15:13:02.290Z,camera_0,1,2335.36,2273.70,61.66,147571.20,100.0,2000,null,null,30,854,480
2026-09-15T15:13:05.338Z,camera_0,1,32.09,0.00,32.09,110592.00,100.0,2000,null,null,120,640,480
2026-09-15T15:13:05.338Z,camera_1,1,248.66,0.00,248.66,746496.00,100.0,2000,null,null,30,1920,1080
2026-09-15T15:13:05.339Z,camera_0,1,2090.25,1809.50,280.75,110592.00,99.7,2000,null,null,120,640,480
2026-09-15T15:13:08.339Z,camera_0,1,17.55,0.00,17.55,147571.20,100.0,2000,null,null,30,854,480
2026-09-15T15:13:08.340Z,camera_1,1,190.01,0.00,190.01,746496.00,100.0,2000,null,null,30,1920,1080
2026-09-15T15:13:08.340Z,camera_0,1,2690.95,2483.39,207.55,147571.20,99.9,2000,null,null,30,854,480
2026-09-15T15:13:11.338Z,camera_0,1,28.58,0.00,28.58,147571.20,100.0,2000,null,null,30,854,480
2026-09-15T15:13:11.339Z,camera_1,1,148.39,0.00,148.39,746496.00,100.0,2000,null,null,30,1920,1080
2026-09-15T15:13:11.339Z,camera_0,1,2474.39,2297.42,176.97,147571.20,99.9,2000,null,null,30,854,480
2026-09-15T15:13:14.339Z,camera_0,1,3.51,0.00,3.51,110592.00,100.0,2000,null,null,120,640,480
2026-09-15T15:13:14.340Z,camera_1,1,223.09,0.00,223.09,746496.00,100.0,2000,null,null,30,1920,1080
2026-09-15T15:13:14.340Z,camera_0,1,3198.28,2971.67,226.60,110592.00,99.8,2000,null,null,120,640,480
2026-09-15T15:13:17.752Z,camera_0,1,30.58,0.00,30.58,147571.20,100.0,2000,null,null,30,854,480
2026-09-15T15:13:17.753Z,camera_1,1,161.43,0.00,161.43,746496.00,100.0,2000,null,null,30,1920,1080
2026-09-15T15:13:17.753Z,camera_0,1,3575.02,3383.01,192.01,147571.20,99.9,2000,null,null,30,854,480
2026-09-15T15:13:20.751Z,camera_0,1,0.00,0.00,0.00,147571.20,100.0,2000,null,null,30,854,480
2026-09-15T15:13:20.752Z,camera_1,1,183.99,0.00,183.99,746496.00,100.0,2000,null,null,30,1920,1080
2026-09-15T15:13:20.752Z,camera_0,1,3138.25,2954.26,183.99,147571.20,99.9,2000,null,null,30,854,480
2026-09-15T15:13:23.771Z,camera_0,1,29.58,0.00,29.58,147571.20,100.0,2000,null,null,30,854,480
2026-09-15T15:13:23.771Z,camera_1,1,182.49,0.00,182.49,746496.00,100.0,2000,null,null,30,1920,1080
2026-09-15T15:13:23.772Z,camera_0,1,3191.63,2979.57,212.06,147571.20,99.9,2000,null,null,30,854,480
2026-09-15T15:13:26.770Z,camera_0,1,38.10,0.00,38.10,147571.20,100.0,2000,null,null,30,854,480
2026-09-15T15:13:26.771Z,camera_1,1,86.23,0.00,86.23,746496.00,100.0,2000,null,null,30,1920,1080
2026-09-15T15:13:26.771Z,camera_0,1,1442.77,1318.44,124.33,147571.20,99.9,2000,null,null,30,854,480
2026-09-15T15:13:29.828Z,camera_0,1,0.00,0.00,0.00,746496.00,100.0,2000,null,null,10,1920,1080
2026-09-15T15:13:29.828Z,camera_1,1,223.59,0.00,223.59,746496.00,100.0,2000,null,null,30,1920,1080
2026-09-15T15:13:29.831Z,camera_0,1,2074.69,1851.10,223.59,746496.00,100.0,2000,null,null,10,1920,1080
2026-09-15T15:13:32.831Z,camera_0,1,0.00,0.00,0.00,746496.00,100.0,2000,null,null,10,1920,1080
2026-09-15T15:13:32.831Z,camera_1,1,180.98,0.00,180.98,746496.00,100.0,2000,null,null,30,1920,1080
2026-09-15T15:13:32.832Z,camera_0,1,2938.92,2757.94,180.98,746496.00,100.0,2000,null,null,10,1920,1080
2026-09-15T15:13:35.832Z,camera_0,1,0.00,0.00,0.00,746496.00,100.0,2000,null,null,10,1920,1080
2026-09-15T15:13:35.835Z,camera_0,1,2583.71,2470.41,113.30,746496.00,100.0,2000,null,null,10,1920,1080
2026-09-15T15:13:35.834Z,camera_1,1,113.30,0.00,113.30,746496.00,100.0,2000,null,null,30,1920,1080
2026-09-15T15:13:38.832Z,camera_0,1,16.54,0.00,16.54,746496.00,100.0,2000,null,null,10,1920,1080
2026-09-15T15:13:38.833Z,camera_1,1,153.41,0.00,153.41,746496.00,100.0,2000,null,null,30,1920,1080
2026-09-15T15:13:38.833Z,camera_0,1,1618.53,1448.58,169.95,746496.00,100.0,2000,null,null,10,1920,1080
2026-09-15T15:13:41.851Z,camera_0,1,8.02,0.00,8.02,746496.00,100.0,2000,null,null,10,1920,1080
2026-09-15T15:13:41.852Z,camera_1,1,182.49,0.00,182.49,746496.00,100.0,2000,null,null,30,1920,1080
2026-09-15T15:13:41.852Z,camera_0,1,2017.14,1826.63,190.51,746496.00,100.0,2000,null,null,10,1920,1080
2026-09-15T15:13:44.837Z,camera_0,1,17.05,0.00,17.05,746496.00,100.0,2000,null,null,10,1920,1080
2026-09-15T15:13:44.838Z,camera_1,1,110.29,0.00,110.29,746496.00,100.0,2000,null,null,30,1920,1080
2026-09-15T15:13:44.838Z,camera_0,1,2158.41,2031.07,127.34,746496.00,100.0,2000,null,null,10,1920,1080
2026-09-15T15:13:47.834Z,camera_0,1,11.53,0.00,11.53,746496.00,100.0,2000,null,null,10,1920,1080
2026-09-15T15:13:47.835Z,camera_1,1,149.40,0.00,149.40,746496.00,100.0,2000,null,null,30,1920,1080
2026-09-15T15:13:47.835Z,camera_0,1,2368.51,2207.59,160.93,746496.00,100.0,2000,null,null,10,1920,1080
2026-09-15T15:13:50.837Z,camera_0,1,2.01,0.00,2.01,746496.00,100.0,2000,null,null,10,1920,1080
2026-09-15T15:13:50.837Z,camera_1,1,83.22,0.00,83.22,746496.00,100.0,2000,null,null,30,1920,1080
2026-09-15T15:13:50.838Z,camera_0,1,1552.51,1467.28,85.23,746496.00,100.0,2000,null,null,10,1920,1080
2026-09-15T15:13:53.884Z,camera_0,1,27.07,0.00,27.07,746496.00,100.0,2000,null,null,10,1920,1080
2026-09-15T15:13:53.884Z,camera_1,1,143.38,0.00,143.38,746496.00,100.0,2000,null,null,30,1920,1080
2026-09-15T15:13:53.884Z,camera_0,1,2494.71,2324.26,170.45,746496.00,100.0,2000,null,null,10,1920,1080
2026-09-15T15:13:56.885Z,camera_0,1,5.01,0.00,5.01,746496.00,100.0,2000,null,null,10,1920,1080
2026-09-15T15:13:56.885Z,camera_0,1,815.36,776.76,38.60,746496.00,100.0,2000,null,null,10,1920,1080
2026-09-15T15:13:56.885Z,camera_1,1,33.59,0.00,33.59,746496.00,100.0,2000,null,null,30,1920,1080
2026-09-15T15:13:59.907Z,camera_0,1,33.59,0.00,33.59,746496.00,100.0,2000,null,null,10,1920,1080
2026-09-15T15:13:59.907Z,camera_1,1,28.58,0.00,28.58,746496.00,100.0,2000,null,null,30,1920,1080
2026-09-15T15:13:59.908Z,camera_0,1,1340.96,1278.79,62.17,746496.00,100.0,2000,null,null,10,1920,1080
2026-09-15T15:14:02.930Z,camera_0,1,4.01,0.00,4.01,746496.00,100.0,2000,null,null,10,1920,1080
2026-09-15T15:14:02.930Z,camera_1,1,296.29,0.00,296.29,746496.00,100.0,2000,null,null,30,1920,1080
2026-09-15T15:14:02.931Z,camera_0,1,2361.98,2061.68,300.30,746496.00,100.0,2000,null,null,10,1920,1080
2026-09-15T15:14:05.963Z,camera_0,1,27.07,0.00,27.07,746496.00,100.0,2000,null,null,10,1920,1080
2026-09-15T15:14:05.964Z,camera_1,1,176.47,0.00,176.47,746496.00,100.0,2000,null,null,30,1920,1080
2026-09-15T15:14:05.964Z,camera_0,1,2313.28,2109.74,203.54,746496.00,100.0,2000,null,null,10,1920,1080
2026-09-15T15:14:08.957Z,camera_0,1,11.53,0.00,11.53,746496.00,100.0,2000,null,null,10,1920,1080
2026-09-15T15:14:08.957Z,camera_1,1,177.97,0.00,177.97,746496.00,100.0,2000,null,null,30,1920,1080
2026-09-15T15:14:08.957Z,camera_0,1,1939.95,1750.44,189.50,746496.00,100.0,2000,null,null,10,1920,1080
2026-09-15T15:14:11.957Z,camera_0,1,0.00,0.00,0.00,147571.20,100.0,2000,null,null,30,854,480
2026-09-15T15:14:11.957Z,camera_1,1,113.80,0.00,113.80,746496.00,100.0,2000,null,null,30,1920,1080
2026-09-15T15:14:11.958Z,camera_0,1,2990.57,2876.76,113.80,147571.20,99.9,2000,null,null,30,854,480
2026-09-15T15:14:15.062Z,camera_0,1,0.00,0.00,0.00,147571.20,100.0,2000,null,null,30,854,480
2026-09-15T15:14:15.066Z,camera_1,1,197.53,0.00,197.53,746496.00,100.0,2000,null,null,30,1920,1080
2026-09-15T15:14:15.066Z,camera_0,1,3167.05,2969.53,197.53,147571.20,99.9,2000,null,null,30,854,480
2026-09-15T15:14:18.210Z,camera_0,1,31.58,0.00,31.58,147571.20,100.0,2000,null,null,30,854,480
2026-09-15T15:14:18.210Z,camera_1,1,142.88,0.00,142.88,746496.00,100.0,2000,null,null,30,1920,1080
2026-09-15T15:14:18.211Z,camera_0,1,3217.18,3042.72,174.46,147571.20,99.9,2000,null,null,30,854,480
2026-09-15T15:14:21.211Z,camera_0,1,58.66,0.00,58.66,147571.20,100.0,2000,null,null,30,854,480
2026-09-15T15:14:21.211Z,camera_1,1,111.30,0.00,111.30,746496.00,100.0,2000,null,null,30,1920,1080
2026-09-15T15:14:21.212Z,camera_0,1,2249.44,2079.49,169.95,147571.20,99.9,2000,null,null,30,854,480
2026-09-15T15:14:24.212Z,camera_0,1,27.07,0.00,27.07,110592.00,100.0,2000,null,null,120,640,480
2026-09-15T15:14:24.212Z,camera_1,1,219.58,0.00,219.58,746496.00,100.0,2000,null,null,30,1920,1080
2026-09-15T15:14:24.214Z,camera_0,1,3352.95,3106.29,246.66,110592.00,99.8,2000,null,null,120,640,480
2026-09-15T15:14:27.280Z,camera_0,1,27.57,0.00,27.57,147571.20,100.0,2000,null,null,30,854,480
2026-09-15T15:14:27.281Z,camera_1,1,1.00,0.00,1.00,746496.00,100.0,2000,null,null,30,1920,1080
2026-09-15T15:14:27.281Z,camera_0,1,1749.00,1720.43,28.58,147571.20,100.0,2000,null,null,30,854,480
2026-09-15T15:14:30.281Z,camera_0,1,23.56,0.00,23.56,147571.20,100.0,2000,null,null,30,854,480
2026-09-15T15:14:30.281Z,camera_1,1,294.28,0.00,294.28,746496.00,100.0,2000,null,null,30,1920,1080
2026-09-15T15:14:30.283Z,camera_0,1,2707.82,2389.98,317.85,147571.20,99.8,2000,null,null,30,854,480
2026-09-15T15:14:33.282Z,camera_0,1,8.02,0.00,8.02,110592.00,100.0,2000,null,null,120,640,480
2026-09-15T15:14:33.282Z,camera_1,1,216.07,0.00,216.07,746496.00,100.0,2000,null,null,30,1920,1080
2026-09-15T15:14:33.283Z,camera_0,1,3167.37,2943.27,224.10,110592.00,99.8,2000,null,null,120,640,480
2026-09-15T15:14:36.283Z,camera_0,1,18.55,0.00,18.55,110592.00,100.0,2000,null,null,120,640,480
2026-09-15T15:14:36.283Z,camera_1,1,70.69,0.00,70.69,746496.00,100.0,2000,null,null,30,1920,1080
2026-09-15T15:14:36.285Z,camera_0,1,2196.23,2106.99,89.24,110592.00,99.9,2000,null,null,120,640,480
2026-09-15T15:14:39.285Z,camera_0,1,11.53,0.00,11.53,110592.00,100.0,2000,null,null,120,640,480
2026-09-15T15:14:39.286Z,camera_1,1,190.01,0.00,190.01,746496.00,100.0,2000,null,null,30,1920,1080
2026-09-15T15:14:39.287Z,camera_0,1,1543.59,1342.06,201.54,110592.00,99.8,2000,null,null,120,640,480
2026-09-15T15:14:42.286Z,camera_0,1,0.00,0.00,0.00,746496.00,100.0,2000,null,null,10,1920,1080
2026-09-15T15:14:42.288Z,camera_1,1,66.68,0.00,66.68,746496.00,100.0,2000,null,null,30,1920,1080
2026-09-15T15:14:42.289Z,camera_0,1,2155.33,2088.65,66.68,746496.00,100.0,2000,null,null,10,1920,1080
2026-09-15T15:14:45.370Z,camera_0,1,0.00,0.00,0.00,147571.20,100.0,2000,null,null,30,854,480
2026-09-15T15:14:45.370Z,camera_1,1,0.00,0.00,0.00,746496.00,100.0,2000,null,null,30,1920,1080
2026-09-15T15:14:45.371Z,camera_0,1,112.31,112.31,0.00,147571.20,100.0,2000,null,null,30,854,480
2026-09-15T15:14:48.371Z,camera_0,1,0.00,0.00,0.00,147571.20,100.0,2000,null,null,30,854,480
2026-09-15T15:14:48.373Z,camera_1,1,179.48,0.00,179.48,746496.00,100.0,2000,null,null,30,1920,1080
2026-09-15T15:14:48.374Z,camera_0,1,1891.45,1711.97,179.48,147571.20,99.9,2000,null,null,30,854,480
2026-09-15T15:14:51.563Z,camera_0,1,0.00,0.00,0.00,746496.00,100.0,2000,null,null,10,1920,1080
2026-09-15T15:14:51.569Z,camera_1,1,59.16,0.00,59.16,746496.00,100.0,2000,null,null,30,1920,1080
2026-09-15T15:14:51.569Z,camera_0,1,1290.28,1231.13,59.16,746496.00,100.0,2000,null,null,10,1920,1080
2026-09-15T15:14:54.667Z,camera_0,1,0.00,0.00,0.00,746496.00,100.0,2000,null,null,10,1920,1080
2026-09-15T15:14:54.669Z,camera_1,1,109.79,0.00,109.79,746496.00,100.0,2000,null,null,30,1920,1080
2026-09-15T15:14:54.670Z,camera_0,1,2533.74,2423.95,109.79,746496.00,100.0,2000,null,null,10,1920,1080
2026-09-15T15:14:57.670Z,camera_0,1,0.00,0.00,0.00,746496.00,100.0,2000,null,null,10,1920,1080
2026-09-15T15:14:57.670Z,camera_1,1,96.26,0.00,96.26,746496.00,100.0,2000,null,null,30,1920,1080
2026-09-15T15:14:57.670Z,camera_0,1,2058.07,1961.82,96.26,746496.00,100.0,2000,null,null,10,1920,1080
2026-09-15T15:15:00.671Z,camera_0,1,0.00,0.00,0.00,746496.00,100.0,2000,null,null,10,1920,1080
2026-09-15T15:15:00.671Z,camera_1,1,26.07,0.00,26.07,746496.00,100.0,2000,null,null,30,1920,1080
2026-09-15T15:15:00.671Z,camera_0,1,599.58,573.51,26.07,746496.00,100.0,2000,null,null,10,1920,1080
2026-09-15T15:15:03.671Z,camera_0,1,0.00,0.00,0.00,746496.00,100.0,2000,null,null,10,1920,1080
2026-09-15T15:15:03.672Z,camera_1,1,117.81,0.00,117.81,746496.00,100.0,2000,null,null,30,1920,1080
2026-09-15T15:15:03.673Z,camera_0,1,117.81,0.00,117.81,746496.00,100.0,2000,null,null,10,1920,1080
2026-09-15T15:15:06.709Z,camera_0,1,22.06,0.00,22.06,746496.00,100.0,2000,null,null,10,1920,1080
2026-09-15T15:15:06.710Z,camera_1,1,111.30,0.00,111.30,746496.00,100.0,2000,null,null,30,1920,1080
2026-09-15T15:15:06.710Z,camera_0,1,1795.09,1661.74,133.35,746496.00,100.0,2000,null,null,10,1920,1080
2026-09-15T15:15:09.711Z,camera_1,1,0.00,0.00,0.00,746496.00,100.0,2000,null,null,30,1920,1080
2026-09-15T15:15:09.711Z,camera_0,1,3.51,0.00,3.51,746496.00,100.0,2000,null,null,10,1920,1080
2026-09-15T15:15:09.715Z,camera_0,1,1157.78,1154.27,3.51,746496.00,100.0,2000,null,null,10,1920,1080
2026-09-15T15:15:12.715Z,camera_0,1,0.00,0.00,0.00,746496.00,100.0,2000,null,null,10,1920,1080
2026-09-15T15:15:12.715Z,camera_1,1,0.00,0.00,0.00,746496.00,100.0,2000,null,null,30,1920,1080
2026-09-15T15:15:12.715Z,camera_0,1,0.00,0.00,0.00,746496.00,100.0,2000,null,null,10,1920,1080
2026-09-15T15:15:15.715Z,camera_0,1,18.05,0.00,18.05,746496.00,100.0,2000,null,null,10,1920,1080
2026-09-15T15:15:15.716Z,camera_1,1,0.00,0.00,0.00,746496.00,100.0,2000,null,null,30,1920,1080
2026-09-15T15:15:15.716Z,camera_0,1,253.15,235.10,18.05,746496.00,100.0,2000,null,null,10,1920,1080
2026-09-15T15:15:18.715Z,camera_0,1,8.02,0.00,8.02,746496.00,100.0,2000,null,null,10,1920,1080
2026-09-15T15:15:18.716Z,camera_1,1,282.75,0.00,282.75,746496.00,100.0,2000,null,null,30,1920,1080
2026-09-15T15:15:18.716Z,camera_0,1,1803.19,1512.42,290.77,746496.00,100.0,2000,null,null,10,1920,1080
2026-09-15T15:15:21.717Z,camera_0,1,5.01,0.00,5.01,746496.00,100.0,2000,null,null,10,1920,1080
2026-09-15T15:15:21.717Z,camera_1,1,91.74,0.00,91.74,746496.00,100.0,2000,null,null,30,1920,1080
2026-09-15T15:15:21.718Z,camera_0,1,1372.70,1275.95,96.76,746496.00,100.0,2000,null,null,10,1920,1080
2026-09-15T15:15:24.720Z,camera_1,1,208.05,0.00,208.05,746496.00,100.0,2000,null,null,30,1920,1080
2026-09-15T15:15:24.721Z,camera_0,1,1969.46,1742.85,226.60,746496.00,100.0,2000,null,null,10,1920,1080
2026-09-15T15:15:24.720Z,camera_0,1,18.55,0.00,18.55,746496.00,100.0,2000,null,null,10,1920,1080
2026-09-15T15:15:27.721Z,camera_0,1,12.53,0.00,12.53,746496.00,100.0,2000,null,null,10,1920,1080
2026-09-15T15:15:27.721Z,camera_1,1,66.18,0.00,66.18,746496.00,100.0,2000,null,null,30,1920,1080
2026-09-15T15:15:27.722Z,camera_0,1,1575.95,1497.24,78.71,746496.00,100.0,2000,null,null,10,1920,1080
2026-09-15T15:15:30.753Z,camera_0,1,18.55,0.00,18.55,746496.00,100.0,2000,null,null,10,1920,1080
2026-09-15T15:15:30.753Z,camera_1,1,179.98,0.00,179.98,746496.00,100.0,2000,null,null,30,1920,1080
2026-09-15T15:15:30.754Z,camera_0,1,3069.27,2870.75,198.53,746496.00,100.0,2000,null,null,10,1920,1080
2026-09-15T15:15:33.752Z,camera_0,1,19.05,0.00,19.05,746496.00,100.0,2000,null,null,10,1920,1080
2026-09-15T15:15:33.756Z,camera_1,1,136.36,0.00,136.36,746496.00,100.0,2000,null,null,30,1920,1080
2026-09-15T15:15:33.756Z,camera_0,1,2232.14,2076.73,155.41,746496.00,100.0,2000,null,null,10,1920,1080
2026-09-15T15:15:36.752Z,camera_0,1,5.01,0.00,5.01,746496.00,100.0,2000,null,null,10,1920,1080
2026-09-15T15:15:36.756Z,camera_1,1,108.29,0.00,108.29,746496.00,100.0,2000,null,null,30,1920,1080
2026-09-15T15:15:36.756Z,camera_0,1,1295.18,1181.88,113.30,746496.00,100.0,2000,null,null,10,1920,1080
2026-09-15T15:15:39.753Z,camera_0,1,28.58,0.00,28.58,746496.00,100.0,2000,null,null,10,1920,1080
2026-09-15T15:15:39.754Z,camera_1,1,155.91,0.00,155.91,746496.00,100.0,2000,null,null,30,1920,1080
2026-09-15T15:15:39.754Z,camera_0,1,2715.45,2530.96,184.49,746496.00,100.0,2000,null,null,10,1920,1080
2026-09-15T15:15:42.788Z,camera_0,1,6.02,0.00,6.02,746496.00,100.0,2000,null,null,10,1920,1080
2026-09-15T15:15:42.788Z,camera_1,1,87.23,0.00,87.23,746496.00,100.0,2000,null,null,30,1920,1080
2026-09-15T15:15:42.790Z,camera_0,1,1924.28,1831.03,93.25,746496.00,100.0,2000,null,null,10,1920,1080
2026-09-15T15:15:45.788Z,camera_0,1,21.56,0.00,21.56,746496.00,100.0,2000,null,null,10,1920,1080
2026-09-15T15:15:45.788Z,camera_1,1,186.50,0.00,186.50,746496.00,100.0,2000,null,null,30,1920,1080
2026-09-15T15:15:45.789Z,camera_0,1,1941.68,1733.63,208.05,746496.00,100.0,2000,null,null,10,1920,1080
2026-09-15T15:15:48.789Z,camera_0,1,14.54,0.00,14.54,746496.00,100.0,2000,null,null,10,1920,1080
2026-09-15T15:15:48.796Z,camera_1,1,0.00,0.00,0.00,746496.00,100.0,2000,null,null,30,1920,1080
2026-09-15T15:15:48.796Z,camera_0,1,1164.06,1149.52,14.54,746496.00,100.0,2000,null,null,10,1920,1080
2026-09-15T15:15:51.789Z,camera_0,1,20.55,0.00,20.55,746496.00,100.0,2000,null,null,10,1920,1080
2026-09-15T15:15:51.792Z,camera_1,1,254.18,0.00,254.18,746496.00,100.0,2000,null,null,30,1920,1080
2026-09-15T15:15:51.792Z,camera_0,1,1824.34,1549.61,274.73,746496.00,100.0,2000,null,null,10,1920,1080
2026-09-15T15:15:54.813Z,camera_0,1,14.54,0.00,14.54,746496.00,100.0,2000,null,null,10,1920,1080
2026-09-15T15:15:54.813Z,camera_1,1,95.75,0.00,95.75,746496.00,100.0,2000,null,null,30,1920,1080
2026-09-15T15:15:54.813Z,camera_0,1,2256.44,2146.15,110.29,746496.00,100.0,2000,null,null,10,1920,1080
2026-09-15T15:15:57.813Z,camera_0,1,1.00,0.00,1.00,746496.00,100.0,2000,null,null,10,1920,1080
2026-09-15T15:15:57.813Z,camera_1,1,210.56,0.00,210.56,746496.00,100.0,2000,null,null,30,1920,1080
2026-09-15T15:15:57.818Z,camera_0,1,2058.66,1847.10,211.56,746496.00,100.0,2000,null,null,10,1920,1080
2026-09-15T15:16:00.819Z,camera_0,1,36.60,0.00,36.60,746496.00,100.0,2000,null,null,10,1920,1080
2026-09-15T15:16:00.820Z,camera_1,1,131.35,0.00,131.35,746496.00,100.0,2000,null,null,30,1920,1080
2026-09-15T15:16:00.820Z,camera_0,1,2032.77,1864.82,167.95,746496.00,100.0,2000,null,null,10,1920,1080
2026-09-15T15:16:03.820Z,camera_1,1,125.33,0.00,125.33,746496.00,100.0,2000,null,null,30,1920,1080
2026-09-15T15:16:03.820Z,camera_0,1,1.00,0.00,1.00,746496.00,100.0,2000,null,null,10,1920,1080
2026-09-15T15:16:03.820Z,camera_0,1,1744.20,1617.86,126.34,746496.00,100.0,2000,null,null,10,1920,1080
2026-09-15T15:16:06.819Z,camera_0,1,33.59,0.00,33.59,746496.00,100.0,2000,null,null,10,1920,1080
2026-09-15T15:16:06.820Z,camera_1,1,166.44,0.00,166.44,746496.00,100.0,2000,null,null,30,1920,1080
2026-09-15T15:16:06.820Z,camera_0,1,2293.67,2093.63,200.03,746496.00,100.0,2000,null,null,10,1920,1080
2026-09-15T15:16:09.829Z,camera_0,1,3.01,0.00,3.01,746496.00,100.0,2000,null,null,10,1920,1080
2026-09-15T15:16:09.829Z,camera_1,1,97.26,0.00,97.26,746496.00,100.0,2000,null,null,30,1920,1080
2026-09-15T15:16:09.830Z,camera_0,1,1963.30,1863.03,100.27,746496.00,100.0,2000,null,null,10,1920,1080
2026-09-15T15:16:12.874Z,camera_0,1,28.58,0.00,28.58,746496.00,100.0,2000,null,null,10,1920,1080
2026-09-15T15:16:12.874Z,camera_1,1,187.50,0.00,187.50,746496.00,100.0,2000,null,null,30,1920,1080
2026-09-15T15:16:12.874Z,camera_0,1,2682.05,2465.97,216.07,746496.00,100.0,2000,null,null,10,1920,1080
2026-09-15T15:16:15.871Z,camera_0,1,8.02,0.00,8.02,746496.00,100.0,2000,null,null,10,1920,1080
2026-09-15T15:16:15.873Z,camera_1,1,135.86,0.00,135.86,746496.00,100.0,2000,null,null,30,1920,1080
2026-09-15T15:16:15.873Z,camera_0,1,1664.97,1521.09,143.88,746496.00,100.0,2000,null,null,10,1920,1080
2026-09-15T15:16:18.894Z,camera_0,1,23.56,0.00,23.56,746496.00,100.0,2000,null,null,10,1920,1080
2026-09-15T15:16:18.894Z,camera_1,1,48.13,0.00,48.13,746496.00,100.0,2000,null,null,30,1920,1080
2026-09-15T15:16:18.895Z,camera_0,1,1769.20,1697.51,71.69,746496.00,100.0,2000,null,null,10,1920,1080
2026-09-15T15:16:21.894Z,camera_0,1,14.54,0.00,14.54,746496.00,100.0,2000,null,null,10,1920,1080
2026-09-15T15:16:21.894Z,camera_1,1,28.58,0.00,28.58,746496.00,100.0,2000,null,null,30,1920,1080
2026-09-15T15:16:21.894Z,camera_0,1,1093.69,1050.57,43.11,746496.00,100.0,2000,null,null,10,1920,1080
2026-09-15T15:16:24.959Z,camera_0,1,1.00,0.00,1.00,147571.20,100.0,2000,null,null,30,854,480
2026-09-15T15:16:24.960Z,camera_1,1,226.60,0.00,226.60,746496.00,100.0,2000,null,null,30,1920,1080
2026-09-15T15:16:24.960Z,camera_0,1,2231.79,2004.19,227.61,147571.20,99.8,2000,null,null,30,854,480
2026-09-15T15:16:27.967Z,camera_0,1,0.00,0.00,0.00,147571.20,100.0,2000,null,null,30,854,480
2026-09-15T15:16:27.967Z,camera_1,1,196.52,0.00,196.52,746496.00,100.0,2000,null,null,30,1920,1080
2026-09-15T15:16:27.968Z,camera_0,1,3358.78,3162.25,196.52,147571.20,99.9,2000,null,null,30,854,480
2026-09-15T15:16:30.969Z,camera_0,1,28.58,0.00,28.58,147571.20,100.0,2000,null,null,30,854,480
2026-09-15T15:16:30.970Z,camera_1,1,88.74,0.00,88.74,746496.00,100.0,2000,null,null,30,1920,1080
2026-09-15T15:16:30.970Z,camera_0,1,3165.50,3048.18,117.31,147571.20,99.9,2000,null,null,30,854,480
2026-09-15T15:16:34.082Z,camera_0,1,36.10,0.00,36.10,147571.20,100.0,2000,null,null,30,854,480
2026-09-15T15:16:34.082Z,camera_1,1,197.02,0.00,197.02,746496.00,100.0,2000,null,null,30,1920,1080
2026-09-15T15:16:34.083Z,camera_0,1,3530.79,3297.67,233.12,147571.20,99.8,2000,null,null,30,854,480
2026-09-15T15:16:37.082Z,camera_0,1,27.57,0.00,27.57,147571.20,100.0,2000,null,null,30,854,480
2026-09-15T15:16:37.083Z,camera_1,1,115.81,0.00,115.81,746496.00,100.0,2000,null,null,30,1920,1080
2026-09-15T15:16:37.083Z,camera_0,1,1747.71,1604.33,143.38,147571.20,99.9,2000,null,null,30,854,480
2026-09-15T15:16:40.082Z,camera_0,1,55.15,0.00,55.15,147571.20,100.0,2000,null,null,30,854,480
2026-09-15T15:16:40.082Z,camera_1,1,107.29,0.00,107.29,746496.00,100.0,2000,null,null,30,1920,1080
2026-09-15T15:16:40.083Z,camera_0,1,2676.85,2514.42,162.43,147571.20,99.9,2000,null,null,30,854,480
2026-09-15T15:16:43.083Z,camera_0,1,37.10,0.00,37.10,147571.20,100.0,2000,null,null,30,854,480
2026-09-15T15:16:43.083Z,camera_1,1,187.00,0.00,187.00,746496.00,100.0,2000,null,null,30,1920,1080
2026-09-15T15:16:43.083Z,camera_0,1,2663.02,2438.93,224.10,147571.20,99.8,2000,null,null,30,854,480
2026-09-15T15:16:46.082Z,camera_0,1,36.10,0.00,36.10,147571.20,100.0,2000,null,null,30,854,480
2026-09-15T15:16:46.083Z,camera_1,1,164.44,0.00,164.44,746496.00,100.0,2000,null,null,30,1920,1080
2026-09-15T15:16:46.083Z,camera_0,1,2339.57,2139.04,200.53,147571.20,99.9,2000,null,null,30,854,480
2026-09-15T15:16:49.083Z,camera_0,1,0.00,0.00,0.00,110592.00,100.0,2000,null,null,120,640,480
2026-09-15T15:16:49.084Z,camera_1,1,55.15,0.00,55.15,746496.00,100.0,2000,null,null,30,1920,1080
2026-09-15T15:16:49.086Z,camera_0,1,2815.01,2759.86,55.15,110592.00,100.0,2000,null,null,120,640,480
2026-09-15T15:16:52.220Z,camera_0,1,19.05,0.00,19.05,110592.00,100.0,2000,null,null,120,640,480
2026-09-15T15:16:52.220Z,camera_1,1,21.56,0.00,21.56,746496.00,100.0,2000,null,null,30,1920,1080
2026-09-15T15:16:52.221Z,camera_0,1,2226.50,2185.90,40.61,110592.00,100.0,2000,null,null,120,640,480
2026-09-15T15:16:55.221Z,camera_0,1,23.06,0.00,23.06,110592.00,100.0,2000,null,null,120,640,480
2026-09-15T15:16:55.222Z,camera_1,1,263.70,0.00,263.70,746496.00,100.0,2000,null,null,30,1920,1080
2026-09-15T15:16:55.222Z,camera_0,1,3217.69,2930.93,286.76,110592.00,99.7,2000,null,null,120,640,480
2026-09-15T15:16:58.221Z,camera_0,1,64.17,0.00,64.17,110592.00,99.9,2000,null,null,120,640,480
2026-09-15T15:16:58.222Z,camera_1,1,168.95,0.00,168.95,746496.00,100.0,2000,null,null,30,1920,1080
2026-09-15T15:16:58.222Z,camera_0,1,3120.80,2887.68,233.12,110592.00,99.8,2000,null,null,120,640,480
2026-09-15T15:17:01.333Z,camera_0,1,52.14,0.00,52.14,110592.00,100.0,2000,null,null,120,640,480
2026-09-15T15:17:01.334Z,camera_1,1,185.99,0.00,185.99,746496.00,100.0,2000,null,null,30,1920,1080
2026-09-15T15:17:01.334Z,camera_0,1,3374.36,3136.23,238.13,110592.00,99.8,2000,null,null,120,640,480
2026-09-15T15:17:04.379Z,camera_0,1,3045.02,2844.49,200.53,110592.00,99.8,2000,null,null,120,640,480
2026-09-15T15:17:04.379Z,camera_1,1,142.88,0.00,142.88,746496.00,100.0,2000,null,null,30,1920,1080
2026-09-15T15:17:04.378Z,camera_0,1,57.65,0.00,57.65,110592.00,99.9,2000,null,null,120,640,480
2026-09-15T15:17:07.379Z,camera_0,1,49.63,0.00,49.63,110592.00,100.0,2000,null,null,120,640,480
2026-09-15T15:17:07.380Z,camera_1,1,148.39,0.00,148.39,746496.00,100.0,2000,null,null,30,1920,1080
2026-09-15T15:17:07.380Z,camera_0,1,2519.47,2321.45,198.03,110592.00,99.8,2000,null,null,120,640,480
2026-09-15T15:17:10.498Z,camera_0,1,46.62,0.00,46.62,110592.00,100.0,2000,null,null,120,640,480
2026-09-15T15:17:10.498Z,camera_1,1,125.83,0.00,125.83,746496.00,100.0,2000,null,null,30,1920,1080
2026-09-15T15:17:10.498Z,camera_0,1,3290.16,3117.70,172.46,110592.00,99.8,2000,null,null,120,640,480
2026-09-15T15:17:13.497Z,camera_0,1,45.12,0.00,45.12,110592.00,100.0,2000,null,null,120,640,480
2026-09-15T15:17:13.498Z,camera_1,1,98.26,0.00,98.26,746496.00,100.0,2000,null,null,30,1920,1080
2026-09-15T15:17:13.498Z,camera_0,1,2945.44,2802.06,143.38,110592.00,99.9,2000,null,null,120,640,480
2026-09-15T15:17:16.500Z,camera_0,1,43.62,0.00,43.62,110592.00,100.0,2000,null,null,120,640,480
2026-09-15T15:17:16.500Z,camera_1,1,137.37,0.00,137.37,746496.00,100.0,2000,null,null,30,1920,1080
2026-09-15T15:17:16.501Z,camera_0,1,2205.74,2024.75,180.98,110592.00,99.8,2000,null,null,120,640,480
2026-09-15T15:17:19.560Z,camera_0,1,2.01,0.00,2.01,147571.20,100.0,2000,null,null,30,854,480
2026-09-15T15:17:19.564Z,camera_0,1,2503.25,2421.54,81.72,147571.20,99.9,2000,null,null,30,854,480
2026-09-15T15:17:19.560Z,camera_1,1,79.71,0.00,79.71,746496.00,100.0,2000,null,null,30,1920,1080
2026-09-15T15:17:22.678Z,camera_0,1,0.00,0.00,0.00,147571.20,100.0,2000,null,null,30,854,480
2026-09-15T15:17:22.680Z,camera_1,1,248.90,0.00,248.90,746496.00,100.0,2000,null,null,30,1920,1080
2026-09-15T15:17:22.682Z,camera_0,1,2957.78,2708.88,248.90,147571.20,99.8,2000,null,null,30,854,480
2026-09-15T15:17:25.679Z,camera_0,1,0.00,0.00,0.00,147571.20,100.0,2000,null,null,30,854,480
2026-09-15T15:17:25.679Z,camera_1,1,74.46,0.00,74.46,746496.00,100.0,2000,null,null,30,1920,1080
2026-09-15T15:17:25.679Z,camera_0,1,1631.07,1556.61,74.46,147571.20,99.9,2000,null,null,30,854,480
2026-09-15T15:17:28.788Z,camera_0,1,31.58,0.00,31.58,147571.20,100.0,2000,null,null,30,854,480
2026-09-15T15:17:28.789Z,camera_0,1,2614.83,2414.80,200.03,147571.20,99.9,2000,null,null,30,854,480
2026-09-15T15:17:28.789Z,camera_1,1,168.45,0.00,168.45,746496.00,100.0,2000,null,null,30,1920,1080
2026-09-15T15:17:32.111Z,camera_0,1,8.02,0.00,8.02,110592.00,100.0,2000,null,null,120,640,480
2026-09-15T15:17:32.111Z,camera_1,1,114.81,0.00,114.81,746496.00,100.0,2000,null,null,30,1920,1080
2026-09-15T15:17:32.112Z,camera_0,1,1536.62,1413.79,122.83,110592.00,99.9,2000,null,null,120,640,480
2026-09-15T15:17:40.332Z,camera_0,1,0.00,0.00,0.00,110592.00,100.0,2000,null,null,120,640,480
2026-09-15T15:17:40.332Z,camera_1,1,0.00,0.00,0.00,746496.00,100.0,2000,null,null,30,1920,1080
2026-09-15T15:17:40.334Z,camera_0,1,5226.30,5226.30,0.00,110592.00,100.0,2000,null,null,120,640,480
2026-09-15T15:17:43.479Z,camera_0,1,32.09,0.00,32.09,110592.00,100.0,2000,null,null,120,640,480
2026-09-15T15:17:43.480Z,camera_0,1,1511.47,1140.48,370.99,110592.00,99.7,2000,null,null,120,640,480
2026-09-15T15:17:43.480Z,camera_1,1,338.90,0.00,338.90,746496.00,100.0,2000,null,null,30,1920,1080
2026-09-15T15:17:46.481Z,camera_0,1,14.54,0.00,14.54,110592.00,100.0,2000,null,null,120,640,480
2026-09-15T15:17:46.483Z,camera_1,1,82.22,0.00,82.22,746496.00,100.0,2000,null,null,30,1920,1080
2026-09-15T15:17:46.487Z,camera_0,1,2049.47,1952.71,96.76,110592.00,99.9,2000,null,null,120,640,480
2026-09-15T15:17:49.485Z,camera_1,1,122.33,0.00,122.33,746496.00,100.0,2000,null,null,30,1920,1080
2026-09-15T15:17:49.484Z,camera_0,1,32.59,0.00,32.59,110592.00,100.0,2000,null,null,120,640,480
2026-09-15T15:17:49.485Z,camera_0,1,1774.06,1619.15,154.91,110592.00,99.9,2000,null,null,120,640,480
2026-09-15T15:17:52.490Z,camera_0,1,19.55,0.00,19.55,110592.00,100.0,2000,null,null,120,640,480
2026-09-15T15:17:52.491Z,camera_1,1,79.21,0.00,79.21,746496.00,100.0,2000,null,null,30,1920,1080
2026-09-15T15:17:52.491Z,camera_0,1,1902.06,1803.30,98.76,110592.00,99.9,2000,null,null,120,640,480
2026-09-15T15:17:55.530Z,camera_0,1,20.05,0.00,20.05,110592.00,100.0,2000,null,null,120,640,480
2026-09-15T15:17:55.532Z,camera_1,1,27.57,0.00,27.57,746496.00,100.0,2000,null,null,30,1920,1080
2026-09-15T15:17:55.532Z,camera_0,1,1159.66,1112.04,47.63,110592.00,100.0,2000,null,null,120,640,480
2026-09-15T15:17:58.640Z,camera_0,1,31.58,0.00,31.58,110592.00,100.0,2000,null,null,120,640,480
2026-09-15T15:17:58.641Z,camera_1,1,127.34,0.00,127.34,746496.00,100.0,2000,null,null,30,1920,1080
2026-09-15T15:17:58.641Z,camera_0,1,1949.97,1791.04,158.92,110592.00,99.9,2000,null,null,120,640,480
2026-09-15T15:18:01.644Z,camera_0,1,11.03,0.00,11.03,110592.00,100.0,2000,null,null,120,640,480
2026-09-15T15:18:01.645Z,camera_1,1,47.13,0.00,47.13,746496.00,100.0,2000,null,null,30,1920,1080
2026-09-15T15:18:01.645Z,camera_0,1,1166.02,1107.86,58.15,110592.00,99.9,2000,null,null,120,640,480
2026-09-15T15:18:04.659Z,camera_0,1,18.05,0.00,18.05,110592.00,100.0,2000,null,null,120,640,480
2026-09-15T15:18:04.660Z,camera_1,1,0.00,0.00,0.00,746496.00,100.0,2000,null,null,30,1920,1080
2026-09-15T15:18:04.663Z,camera_0,1,1041.90,1023.85,18.05,110592.00,100.0,2000,null,null,120,640,480
2026-09-15T15:18:07.662Z,camera_0,1,19.55,0.00,19.55,110592.00,100.0,2000,null,null,120,640,480
2026-09-15T15:18:07.667Z,camera_1,1,181.48,0.00,181.48,746496.00,100.0,2000,null,null,30,1920,1080
2026-09-15T15:18:07.667Z,camera_0,1,1502.97,1301.93,201.03,110592.00,99.8,2000,null,null,120,640,480
2026-09-15T15:18:10.819Z,camera_0,1,16.04,0.00,16.04,110592.00,100.0,2000,null,null,120,640,480
2026-09-15T15:18:10.820Z,camera_1,1,37.10,0.00,37.10,746496.00,100.0,2000,null,null,30,1920,1080
2026-09-15T15:18:10.820Z,camera_0,1,851.09,797.95,53.14,110592.00,100.0,2000,null,null,120,640,480
2026-09-15T15:18:13.820Z,camera_0,1,28.07,0.00,28.07,110592.00,100.0,2000,null,null,120,640,480
2026-09-15T15:18:13.824Z,camera_1,1,65.67,0.00,65.67,746496.00,100.0,2000,null,null,30,1920,1080
2026-09-15T15:18:13.824Z,camera_0,1,2345.25,2251.50,93.75,110592.00,99.9,2000,null,null,120,640,480
2026-09-15T15:18:17.267Z,camera_0,1,36.60,0.00,36.60,110592.00,100.0,2000,null,null,120,640,480
2026-09-15T15:18:17.267Z,camera_1,1,100.27,0.00,100.27,746496.00,100.0,2000,null,null,30,1920,1080
2026-09-15T15:18:17.268Z,camera_0,1,1937.51,1800.65,136.86,110592.00,99.9,2000,null,null,120,640,480
2026-09-15T15:18:20.640Z,camera_0,1,18.05,0.00,18.05,110592.00,100.0,2000,null,null,120,640,480
2026-09-15T15:18:20.641Z,camera_1,1,126.84,0.00,126.84,746496.00,100.0,2000,null,null,30,1920,1080
2026-09-15T15:18:20.642Z,camera_0,1,1527.28,1382.40,144.89,110592.00,99.9,2000,null,null,120,640,480
2026-09-15T15:18:23.642Z,camera_0,1,23.56,0.00,23.56,110592.00,100.0,2000,null,null,120,640,480
2026-09-15T15:18:23.666Z,camera_1,1,131.85,0.00,131.85,746496.00,100.0,2000,null,null,30,1920,1080
2026-09-15T15:18:23.666Z,camera_0,1,1613.03,1457.61,155.41,110592.00,99.9,2000,null,null,120,640,480
2026-09-15T15:18:26.644Z,camera_0,1,10.03,0.00,10.03,110592.00,100.0,2000,null,null,120,640,480
2026-09-15T15:18:26.645Z,camera_1,1,58.15,0.00,58.15,746496.00,100.0,2000,null,null,30,1920,1080
2026-09-15T15:18:26.645Z,camera_0,1,850.01,781.83,68.18,110592.00,99.9,2000,null,null,120,640,480
2026-09-15T15:18:29.714Z,camera_0,1,20.55,0.00,20.55,110592.00,100.0,2000,null,null,120,640,480
2026-09-15T15:18:29.720Z,camera_1,1,63.67,0.00,63.67,746496.00,100.0,2000,null,null,30,1920,1080
2026-09-15T15:18:29.720Z,camera_0,1,1568.36,1484.14,84.22,110592.00,99.9,2000,null,null,120,640,480
2026-09-15T15:18:32.730Z,camera_0,1,32.09,0.00,32.09,110592.00,100.0,2000,null,null,120,640,480
2026-09-15T15:18:32.731Z,camera_1,1,101.77,0.00,101.77,746496.00,100.0,2000,null,null,30,1920,1080
2026-09-15T15:18:32.733Z,camera_0,1,1819.43,1685.57,133.86,110592.00,99.9,2000,null,null,120,640,480
2026-09-15T15:18:35.730Z,camera_0,1,19.55,0.00,19.55,110592.00,100.0,2000,null,null,120,640,480
2026-09-15T15:18:35.730Z,camera_1,1,64.17,0.00,64.17,746496.00,100.0,2000,null,null,30,1920,1080
2026-09-15T15:18:35.731Z,camera_0,1,1423.91,1340.19,83.72,110592.00,99.9,2000,null,null,120,640,480
2026-09-15T15:18:38.733Z,camera_0,1,20.05,0.00,20.05,110592.00,100.0,2000,null,null,120,640,480
2026-09-15T15:18:38.734Z,camera_1,1,32.09,0.00,32.09,746496.00,100.0,2000,null,null,30,1920,1080
2026-09-15T15:18:38.734Z,camera_0,1,1055.81,1003.67,52.14,110592.00,100.0,2000,null,null,120,640,480
2026-09-15T15:18:42.104Z,camera_0,1,26.57,0.00,26.57,110592.00,100.0,2000,null,null,120,640,480
2026-09-15T15:18:42.108Z,camera_1,1,123.83,0.00,123.83,746496.00,100.0,2000,null,null,30,1920,1080
2026-09-15T15:18:42.108Z,camera_0,1,1729.40,1579.00,150.40,110592.00,99.9,2000,null,null,120,640,480
2026-09-15T15:18:45.104Z,camera_0,1,23.06,0.00,23.06,110592.00,100.0,2000,null,null,120,640,480
2026-09-15T15:18:45.104Z,camera_1,1,73.70,0.00,73.70,746496.00,100.0,2000,null,null,30,1920,1080
2026-09-15T15:18:45.104Z,camera_0,1,2018.79,1922.03,96.76,110592.00,99.9,2000,null,null,120,640,480
2026-09-15T15:18:48.119Z,camera_0,1,9.02,0.00,9.02,110592.00,100.0,2000,null,null,120,640,480
2026-09-15T15:18:48.119Z,camera_1,1,67.68,0.00,67.68,746496.00,100.0,2000,null,null,30,1920,1080
2026-09-15T15:18:48.119Z,camera_0,1,1274.41,1197.70,76.70,110592.00,99.9,2000,null,null,120,640,480
2026-09-15T15:18:51.217Z,camera_0,1,66.18,0.00,66.18,110592.00,99.9,2000,null,null,120,640,480
2026-09-15T15:18:51.219Z,camera_1,1,79.21,0.00,79.21,746496.00,100.0,2000,null,null,30,1920,1080
2026-09-15T15:18:51.219Z,camera_0,1,2258.50,2113.11,145.39,110592.00,99.9,2000,null,null,120,640,480
2026-09-15T15:18:54.216Z,camera_0,1,30.58,0.00,30.58,110592.00,100.0,2000,null,null,120,640,480
2026-09-15T15:18:54.217Z,camera_1,1,21.06,0.00,21.06,746496.00,100.0,2000,null,null,30,1920,1080
2026-09-15T15:18:54.217Z,camera_0,1,1394.54,1342.90,51.64,110592.00,100.0,2000,null,null,120,640,480
2026-09-15T15:18:57.294Z,camera_0,1,42.11,0.00,42.11,110592.00,100.0,2000,null,null,120,640,480
2026-09-15T15:18:57.295Z,camera_1,1,0.00,0.00,0.00,746496.00,100.0,2000,null,null,30,1920,1080
2026-09-15T15:18:57.310Z,camera_0,1,1054.48,1012.37,42.11,110592.00,100.0,2000,null,null,120,640,480
2026-09-15T15:19:00.286Z,camera_0,1,19.05,0.00,19.05,110592.00,100.0,2000,null,null,120,640,480
2026-09-15T15:19:00.287Z,camera_1,1,257.69,0.00,257.69,746496.00,100.0,2000,null,null,30,1920,1080
2026-09-15T15:19:00.290Z,camera_0,1,2652.06,2375.32,276.74,110592.00,99.7,2000,null,null,120,640,480
2026-09-15T15:19:03.290Z,camera_0,1,30.08,0.00,30.08,110592.00,100.0,2000,null,null,120,640,480
2026-09-15T15:19:03.290Z,camera_1,1,205.55,0.00,205.55,746496.00,100.0,2000,null,null,30,1920,1080
2026-09-15T15:19:03.290Z,camera_0,1,1604.92,1369.29,235.63,110592.00,99.8,2000,null,null,120,640,480
2026-09-15T15:19:06.292Z,camera_0,1,0.00,0.00,0.00,147571.20,100.0,2000,null,null,30,854,480
2026-09-15T15:19:06.298Z,camera_1,1,145.39,0.00,145.39,746496.00,100.0,2000,null,null,30,1920,1080
2026-09-15T15:19:06.298Z,camera_0,1,2703.15,2557.76,145.39,147571.20,99.9,2000,null,null,30,854,480
2026-09-15T15:19:09.557Z,camera_0,1,0.00,0.00,0.00,147571.20,100.0,2000,null,null,30,854,480
2026-09-15T15:19:09.558Z,camera_1,1,103.27,0.00,103.27,746496.00,100.0,2000,null,null,30,1920,1080
2026-09-15T15:19:09.558Z,camera_0,1,2661.62,2558.34,103.27,147571.20,99.9,2000,null,null,30,854,480
2026-09-15T15:19:12.689Z,camera_0,1,24.57,0.00,24.57,147571.20,100.0,2000,null,null,30,854,480
2026-09-15T15:19:12.690Z,camera_1,1,103.78,0.00,103.78,746496.00,100.0,2000,null,null,30,1920,1080
2026-09-15T15:19:12.693Z,camera_0,1,2504.15,2375.81,128.34,147571.20,99.9,2000,null,null,30,854,480
2026-09-15T15:19:15.687Z,camera_0,1,20.55,0.00,20.55,147571.20,100.0,2000,null,null,30,854,480
2026-09-15T15:19:15.687Z,camera_1,1,121.82,0.00,121.82,746496.00,100.0,2000,null,null,30,1920,1080
2026-09-15T15:19:15.687Z,camera_0,1,2506.06,2363.69,142.38,147571.20,99.9,2000,null,null,30,854,480
2026-09-15T15:19:18.687Z,camera_0,1,1.00,0.00,1.00,110592.00,100.0,2000,null,null,120,640,480
2026-09-15T15:19:18.688Z,camera_1,1,161.43,0.00,161.43,746496.00,100.0,2000,null,null,30,1920,1080
2026-09-15T15:19:18.688Z,camera_0,1,2151.48,1989.05,162.43,110592.00,99.9,2000,null,null,120,640,480
2026-09-15T15:19:21.846Z,camera_0,1,0.00,0.00,0.00,110592.00,100.0,2000,null,null,120,640,480
2026-09-15T15:19:21.846Z,camera_1,1,120.31,0.00,120.31,746496.00,100.0,2000,null,null,30,1920,1080
2026-09-15T15:19:21.846Z,camera_0,1,2660.15,2539.84,120.31,110592.00,99.9,2000,null,null,120,640,480
2026-09-15T15:19:24.865Z,camera_0,1,0.00,0.00,0.00,110592.00,100.0,2000,null,null,120,640,480
2026-09-15T15:19:24.871Z,camera_1,1,73.21,0.00,73.21,746496.00,100.0,2000,null,null,30,1920,1080
2026-09-15T15:19:24.877Z,camera_0,1,2446.62,2373.42,73.21,110592.00,99.9,2000,null,null,120,640,480
2026-09-15T15:19:27.987Z,camera_0,1,35.09,0.00,35.09,110592.00,100.0,2000,null,null,120,640,480
2026-09-15T15:19:27.988Z,camera_1,1,29.58,0.00,29.58,746496.00,100.0,2000,null,null,30,1920,1080
2026-09-15T15:19:27.988Z,camera_0,1,1623.03,1558.36,64.67,110592.00,99.9,2000,null,null,120,640,480
2026-09-15T15:19:30.987Z,camera_0,1,50.63,0.00,50.63,110592.00,100.0,2000,null,null,120,640,480
2026-09-15T15:19:30.988Z,camera_1,1,172.96,0.00,172.96,746496.00,100.0,2000,null,null,30,1920,1080
2026-09-15T15:19:30.988Z,camera_0,1,1800.53,1576.93,223.59,110592.00,99.8,2000,null,null,120,640,480
2026-09-15T15:19:33.991Z,camera_0,1,22.06,0.00,22.06,110592.00,100.0,2000,null,null,120,640,480
2026-09-15T15:19:33.992Z,camera_1,1,68.68,0.00,68.68,746496.00,100.0,2000,null,null,30,1920,1080
2026-09-15T15:19:33.992Z,camera_0,1,2129.81,2039.07,90.74,110592.00,99.9,2000,null,null,120,640,480
2026-09-15T15:19:37.054Z,camera_0,1,38.60,0.00,38.60,110592.00,100.0,2000,null,null,120,640,480
2026-09-15T15:19:37.055Z,camera_1,1,136.36,0.00,136.36,746496.00,100.0,2000,null,null,30,1920,1080
2026-09-15T15:19:37.055Z,camera_0,1,2657.39,2482.42,174.97,110592.00,99.8,2000,null,null,120,640,480
2026-09-15T15:19:40.055Z,camera_0,1,32.59,0.00,32.59,110592.00,100.0,2000,null,null,120,640,480
2026-09-15T15:19:40.056Z,camera_1,1,116.81,0.00,116.81,746496.00,100.0,2000,null,null,30,1920,1080
2026-09-15T15:19:40.056Z,camera_0,1,2470.44,2321.04,149.40,110592.00,99.9,2000,null,null,120,640,480
2026-09-15T15:19:43.057Z,camera_0,1,27.07,0.00,27.07,110592.00,100.0,2000,null,null,120,640,480
2026-09-15T15:19:43.059Z,camera_1,1,114.30,0.00,114.30,746496.00,100.0,2000,null,null,30,1920,1080
2026-09-15T15:19:43.060Z,camera_0,1,1880.05,1738.67,141.38,110592.00,99.9,2000,null,null,120,640,480
2026-09-15T15:19:46.059Z,camera_0,1,23.06,0.00,23.06,110592.00,100.0,2000,null,null,120,640,480
2026-09-15T15:19:46.060Z,camera_1,1,142.38,0.00,142.38,746496.00,100.0,2000,null,null,30,1920,1080
2026-09-15T15:19:46.066Z,camera_0,1,2044.19,1878.75,165.44,110592.00,99.9,2000,null,null,120,640,480
2026-09-15T15:19:49.059Z,camera_0,1,30.58,0.00,30.58,110592.00,100.0,2000,null,null,120,640,480
2026-09-15T15:19:49.059Z,camera_1,1,104.28,0.00,104.28,746496.00,100.0,2000,null,null,30,1920,1080
2026-09-15T15:19:49.062Z,camera_0,1,2239.01,2104.15,134.86,110592.00,99.9,2000,null,null,120,640,480
2026-09-15T15:19:52.058Z,camera_0,1,38.60,0.00,38.60,110592.00,100.0,2000,null,null,120,640,480
2026-09-15T15:19:52.059Z,camera_1,1,84.73,0.00,84.73,746496.00,100.0,2000,null,null,30,1920,1080
2026-09-15T15:19:52.059Z,camera_0,1,2289.26,2165.93,123.33,110592.00,99.9,2000,null,null,120,640,480
2026-09-15T15:19:55.058Z,camera_0,1,30.58,0.00,30.58,110592.00,100.0,2000,null,null,120,640,480
2026-09-15T15:19:55.067Z,camera_1,1,127.34,0.00,127.34,746496.00,100.0,2000,null,null,30,1920,1080
2026-09-15T15:19:55.068Z,camera_0,1,1741.67,1583.75,157.92,110592.00,99.9,2000,null,null,120,640,480
2026-09-15T15:19:58.059Z,camera_0,1,37.60,0.00,37.60,110592.00,100.0,2000,null,null,120,640,480
2026-09-15T15:19:58.062Z,camera_1,1,82.22,0.00,82.22,746496.00,100.0,2000,null,null,30,1920,1080
2026-09-15T15:19:58.064Z,camera_0,1,2317.40,2197.58,119.82,110592.00,99.9,2000,null,null,120,640,480
2026-09-15T15:20:01.069Z,camera_0,1,28.07,0.00,28.07,110592.00,100.0,2000,null,null,120,640,480
2026-09-15T15:20:01.070Z,camera_1,1,130.85,0.00,130.85,746496.00,100.0,2000,null,null,30,1920,1080
2026-09-15T15:20:01.070Z,camera_0,1,1793.83,1634.91,158.92,110592.00,99.9,2000,null,null,120,640,480
2026-09-15T15:20:04.115Z,camera_0,1,45.12,0.00,45.12,110592.00,100.0,2000,null,null,120,640,480
2026-09-15T15:20:04.116Z,camera_1,1,83.22,0.00,83.22,746496.00,100.0,2000,null,null,30,1920,1080
2026-09-15T15:20:04.116Z,camera_0,1,2264.56,2136.22,128.34,110592.00,99.9,2000,null,null,120,640,480
2026-09-15T15:20:07.122Z,camera_0,1,22.56,0.00,22.56,147571.20,100.0,2000,null,null,30,854,480
2026-09-15T15:20:07.129Z,camera_1,1,212.06,0.00,212.06,746496.00,100.0,2000,null,null,30,1920,1080
2026-09-15T15:20:07.129Z,camera_0,1,1237.56,1002.93,234.62,147571.20,99.8,2000,null,null,30,854,480
2026-09-15T15:20:10.119Z,camera_0,1,0.00,0.00,0.00,147571.20,100.0,2000,null,null,30,854,480
2026-09-15T15:20:10.122Z,camera_1,1,83.22,0.00,83.22,746496.00,100.0,2000,null,null,30,1920,1080
2026-09-15T15:20:10.128Z,camera_0,1,2645.07,2561.85,83.22,147571.20,99.9,2000,null,null,30,854,480
2026-09-15T15:20:13.314Z,camera_0,1,0.00,0.00,0.00,147571.20,100.0,2000,null,null,30,854,480
2026-09-15T15:20:13.319Z,camera_1,1,95.75,0.00,95.75,746496.00,100.0,2000,null,null,30,1920,1080
2026-09-15T15:20:13.319Z,camera_0,1,1866.46,1770.71,95.75,147571.20,99.9,2000,null,null,30,854,480
2026-09-15T15:20:16.464Z,camera_0,1,23.56,0.00,23.56,147571.20,100.0,2000,null,null,30,854,480
2026-09-15T15:20:16.464Z,camera_1,1,128.84,0.00,128.84,746496.00,100.0,2000,null,null,30,1920,1080
2026-09-15T15:20:16.465Z,camera_0,1,1990.54,1838.14,152.41,147571.20,99.9,2000,null,null,30,854,480
2026-09-15T15:20:19.461Z,camera_0,1,21.56,0.00,21.56,147571.20,100.0,2000,null,null,30,854,480
2026-09-15T15:20:19.461Z,camera_1,1,163.43,0.00,163.43,746496.00,100.0,2000,null,null,30,1920,1080
2026-09-15T15:20:19.461Z,camera_0,1,2100.09,1915.10,184.99,147571.20,99.9,2000,null,null,30,854,480
2026-09-15T15:20:22.483Z,camera_0,1,2.01,0.00,2.01,110592.00,100.0,2000,null,null,120,640,480
2026-09-15T15:20:22.483Z,camera_1,1,65.17,0.00,65.17,746496.00,100.0,2000,null,null,30,1920,1080
2026-09-15T15:20:22.483Z,camera_0,1,2075.10,2007.92,67.18,110592.00,99.9,2000,null,null,120,640,480
2026-09-15T15:20:25.651Z,camera_0,1,0.00,0.00,0.00,110592.00,100.0,2000,null,null,120,640,480
2026-09-15T15:20:25.657Z,camera_1,1,183.99,0.00,183.99,746496.00,100.0,2000,null,null,30,1920,1080
2026-09-15T15:20:25.662Z,camera_0,1,2554.13,2370.14,183.99,110592.00,99.8,2000,null,null,120,640,480
2026-09-15T15:20:28.651Z,camera_0,1,20.05,0.00,20.05,110592.00,100.0,2000,null,null,120,640,480
2026-09-15T15:20:28.652Z,camera_1,1,174.97,0.00,174.97,746496.00,100.0,2000,null,null,30,1920,1080
2026-09-15T15:20:28.652Z,camera_0,1,2405.56,2210.54,195.02,110592.00,99.8,2000,null,null,120,640,480
2026-09-15T15:20:31.746Z,camera_0,1,24.57,0.00,24.57,110592.00,100.0,2000,null,null,120,640,480
2026-09-15T15:20:31.747Z,camera_1,1,28.58,0.00,28.58,746496.00,100.0,2000,null,null,30,1920,1080
2026-09-15T15:20:31.748Z,camera_0,1,2406.49,2353.34,53.14,110592.00,100.0,2000,null,null,120,640,480
2026-09-15T15:20:34.746Z,camera_0,1,30.58,0.00,30.58,110592.00,100.0,2000,null,null,120,640,480
2026-09-15T15:20:34.747Z,camera_1,1,132.85,0.00,132.85,746496.00,100.0,2000,null,null,30,1920,1080
2026-09-15T15:20:34.755Z,camera_0,1,2655.40,2491.96,163.43,110592.00,99.9,2000,null,null,120,640,480
2026-09-15T15:20:37.749Z,camera_0,1,46.62,0.00,46.62,110592.00,100.0,2000,null,null,120,640,480
2026-09-15T15:20:37.749Z,camera_1,1,93.75,0.00,93.75,746496.00,100.0,2000,null,null,30,1920,1080
2026-09-15T15:20:37.749Z,camera_0,1,2434.15,2293.78,140.37,110592.00,99.9,2000,null,null,120,640,480
2026-09-15T15:20:40.746Z,camera_0,1,40.11,0.00,40.11,110592.00,100.0,2000,null,null,120,640,480
2026-09-15T15:20:40.748Z,camera_1,1,24.57,0.00,24.57,746496.00,100.0,2000,null,null,30,1920,1080
2026-09-15T15:20:40.748Z,camera_0,1,1417.61,1352.94,64.67,110592.00,99.9,2000,null,null,120,640,480
2026-09-15T15:20:45.237Z,camera_0,1,39.61,0.00,39.61,110592.00,100.0,2000,null,null,120,640,480
2026-09-15T15:20:45.238Z,camera_1,1,287.26,0.00,287.26,746496.00,100.0,2000,null,null,30,1920,1080
2026-09-15T15:20:45.239Z,camera_0,1,3007.45,2680.58,326.87,110592.00,99.7,2000,null,null,120,640,480
2026-09-15T15:20:48.428Z,camera_0,1,44.12,0.00,44.12,110592.00,100.0,2000,null,null,120,640,480
2026-09-15T15:20:48.429Z,camera_1,1,155.41,0.00,155.41,746496.00,100.0,2000,null,null,30,1920,1080
2026-09-15T15:20:48.429Z,camera_0,1,3206.38,3006.85,199.53,110592.00,99.8,2000,null,null,120,640,480
2026-09-15T15:20:51.566Z,camera_0,1,39.10,0.00,39.10,110592.00,100.0,2000,null,null,120,640,480
2026-09-15T15:20:51.566Z,camera_1,1,103.78,0.00,103.78,746496.00,100.0,2000,null,null,30,1920,1080
2026-09-15T15:20:51.566Z,camera_0,1,2556.55,2413.67,142.88,110592.00,99.9,2000,null,null,120,640,480
2026-09-15T15:20:54.554Z,camera_0,1,32.09,0.00,32.09,110592.00,100.0,2000,null,null,120,640,480
2026-09-15T15:20:54.554Z,camera_1,1,200.03,0.00,200.03,746496.00,100.0,2000,null,null,30,1920,1080
2026-09-15T15:20:54.555Z,camera_0,1,2100.86,1868.75,232.12,110592.00,99.8,2000,null,null,120,640,480
2026-09-15T15:20:58.098Z,camera_0,1,0.00,0.00,0.00,147571.20,100.0,2000,null,null,30,854,480
2026-09-15T15:20:58.098Z,camera_1,1,170.45,0.00,170.45,746496.00,100.0,2000,null,null,30,1920,1080
2026-09-15T15:20:58.099Z,camera_0,1,2816.59,2646.14,170.45,147571.20,99.9,2000,null,null,30,854,480
2026-09-15T15:21:01.137Z,camera_0,1,0.00,0.00,0.00,147571.20,100.0,2000,null,null,30,854,480
2026-09-15T15:21:01.138Z,camera_1,1,89.74,0.00,89.74,746496.00,100.0,2000,null,null,30,1920,1080
2026-09-15T15:21:01.138Z,camera_0,1,2702.11,2612.37,89.74,147571.20,99.9,2000,null,null,30,854,480
2026-09-15T15:21:04.138Z,camera_0,1,0.00,0.00,0.00,147571.20,100.0,2000,null,null,30,854,480
2026-09-15T15:21:04.138Z,camera_1,1,185.99,0.00,185.99,746496.00,100.0,2000,null,null,30,1920,1080
2026-09-15T15:21:04.143Z,camera_0,1,2288.54,2102.54,185.99,147571.20,99.9,2000,null,null,30,854,480
2026-09-15T15:21:07.138Z,camera_0,1,33.59,0.00,33.59,147571.20,100.0,2000,null,null,30,854,480
2026-09-15T15:21:07.139Z,camera_1,1,115.31,0.00,115.31,746496.00,100.0,2000,null,null,30,1920,1080
2026-09-15T15:21:07.139Z,camera_0,1,2537.70,2388.80,148.90,147571.20,99.9,2000,null,null,30,854,480
2026-09-15T15:21:11.029Z,camera_0,1,25.07,0.00,25.07,110592.00,100.0,2000,null,null,120,640,480
2026-09-15T15:21:11.029Z,camera_1,1,98.76,0.00,98.76,746496.00,100.0,2000,null,null,30,1920,1080
2026-09-15T15:21:11.029Z,camera_0,1,2112.85,1989.02,123.83,110592.00,99.9,2000,null,null,120,640,480
2026-09-15T15:21:14.112Z,camera_0,1,0.00,0.00,0.00,110592.00,100.0,2000,null,null,120,640,480
2026-09-15T15:21:14.116Z,camera_1,1,25.57,0.00,25.57,746496.00,100.0,2000,null,null,30,1920,1080
2026-09-15T15:21:14.116Z,camera_0,1,2015.99,1990.42,25.57,110592.00,100.0,2000,null,null,120,640,480
2026-09-15T15:21:17.244Z,camera_0,1,22.56,0.00,22.56,110592.00,100.0,2000,null,null,120,640,480
2026-09-15T15:21:17.246Z,camera_1,1,257.69,0.00,257.69,746496.00,100.0,2000,null,null,30,1920,1080
2026-09-15T15:21:17.247Z,camera_0,1,3017.66,2737.41,280.25,110592.00,99.7,2000,null,null,120,640,480
2026-09-15T15:21:20.418Z,camera_0,1,20.05,0.00,20.05,110592.00,100.0,2000,null,null,120,640,480
2026-09-15T15:21:20.421Z,camera_1,1,197.02,0.00,197.02,746496.00,100.0,2000,null,null,30,1920,1080
2026-09-15T15:21:20.421Z,camera_0,1,3015.28,2798.20,217.08,110592.00,99.8,2000,null,null,120,640,480
2026-09-15T15:21:23.993Z,camera_0,1,47.63,0.00,47.63,110592.00,100.0,2000,null,null,120,640,480
2026-09-15T15:21:23.999Z,camera_1,1,183.22,0.00,183.22,746496.00,100.0,2000,null,null,30,1920,1080
2026-09-15T15:21:23.999Z,camera_0,1,2800.72,2569.87,230.85,110592.00,99.8,2000,null,null,120,640,480
2026-09-15T15:21:26.993Z,camera_0,1,17.55,0.00,17.55,110592.00,100.0,2000,null,null,120,640,480
2026-09-15T15:21:26.994Z,camera_1,1,106.05,0.00,106.05,746496.00,100.0,2000,null,null,30,1920,1080
2026-09-15T15:21:26.995Z,camera_0,1,2546.28,2422.69,123.59,110592.00,99.9,2000,null,null,120,640,480
2026-09-15T15:21:29.994Z,camera_0,1,22.06,0.00,22.06,110592.00,100.0,2000,null,null,120,640,480
2026-09-15T15:21:29.997Z,camera_1,1,109.79,0.00,109.79,746496.00,100.0,2000,null,null,30,1920,1080
2026-09-15T15:21:29.997Z,camera_0,1,1615.00,1483.15,131.85,110592.00,99.9,2000,null,null,120,640,480
2026-09-15T15:21:33.112Z,camera_0,1,14.04,0.00,14.04,110592.00,100.0,2000,null,null,120,640,480
2026-09-15T15:21:33.112Z,camera_1,1,63.17,0.00,63.17,746496.00,100.0,2000,null,null,30,1920,1080
2026-09-15T15:21:33.113Z,camera_0,1,1315.95,1238.74,77.21,110592.00,99.9,2000,null,null,120,640,480
2026-09-15T15:21:36.113Z,camera_0,1,12.03,0.00,12.03,110592.00,100.0,2000,null,null,120,640,480
2026-09-15T15:21:36.114Z,camera_1,1,138.87,0.00,138.87,746496.00,100.0,2000,null,null,30,1920,1080
2026-09-15T15:21:36.117Z,camera_0,1,1715.24,1564.34,150.90,110592.00,99.9,2000,null,null,120,640,480
2026-09-15T15:21:39.115Z,camera_0,1,14.54,0.00,14.54,110592.00,100.0,2000,null,null,120,640,480
2026-09-15T15:21:39.115Z,camera_0,1,800.61,761.00,39.61,110592.00,100.0,2000,null,null,120,640,480
2026-09-15T15:21:39.115Z,camera_1,1,25.07,0.00,25.07,746496.00,100.0,2000,null,null,30,1920,1080
2026-09-15T15:21:42.119Z,camera_0,1,10.53,0.00,10.53,147571.20,100.0,2000,null,null,30,854,480
2026-09-15T15:21:42.119Z,camera_1,1,48.63,0.00,48.63,746496.00,100.0,2000,null,null,30,1920,1080
2026-09-15T15:21:42.119Z,camera_0,1,1052.40,993.25,59.16,147571.20,100.0,2000,null,null,30,854,480
2026-09-15T15:21:45.119Z,camera_0,1,0.00,0.00,0.00,147571.20,100.0,2000,null,null,30,854,480
2026-09-15T15:21:45.119Z,camera_1,1,160.93,0.00,160.93,746496.00,100.0,2000,null,null,30,1920,1080
2026-09-15T15:21:45.120Z,camera_0,1,2253.39,2092.46,160.93,147571.20,99.9,2000,null,null,30,854,480
2026-09-15T15:21:48.200Z,camera_0,1,0.00,0.00,0.00,147571.20,100.0,2000,null,null,30,854,480
2026-09-15T15:21:48.201Z,camera_1,1,58.66,0.00,58.66,746496.00,100.0,2000,null,null,30,1920,1080
2026-09-15T15:21:48.201Z,camera_0,1,1898.34,1839.68,58.66,147571.20,100.0,2000,null,null,30,854,480
2026-09-15T15:21:51.380Z,camera_0,1,0.00,0.00,0.00,147571.20,100.0,2000,null,null,30,854,480
2026-09-15T15:21:51.381Z,camera_1,1,0.00,0.00,0.00,746496.00,100.0,2000,null,null,30,1920,1080
2026-09-15T15:21:51.382Z,camera_0,1,1314.19,1314.19,0.00,147571.20,100.0,2000,null,null,30,854,480
2026-09-15T15:21:54.652Z,camera_0,1,20.05,0.00,20.05,147571.20,100.0,2000,null,null,30,854,480
2026-09-15T15:21:54.655Z,camera_1,1,267.21,0.00,267.21,746496.00,100.0,2000,null,null,30,1920,1080
2026-09-15T15:21:54.655Z,camera_0,1,1553.91,1266.65,287.26,147571.20,99.8,2000,null,null,30,854,480
2026-09-15T15:21:57.901Z,camera_0,1,11.53,0.00,11.53,147571.20,100.0,2000,null,null,30,854,480
2026-09-15T15:21:57.905Z,camera_1,1,192.05,0.00,192.05,746496.00,100.0,2000,null,null,30,1920,1080
2026-09-15T15:21:57.905Z,camera_0,1,1866.57,1662.98,203.58,147571.20,99.9,2000,null,null,30,854,480
2026-09-15T15:22:00.900Z,camera_0,1,11.53,0.00,11.53,147571.20,100.0,2000,null,null,30,854,480
2026-09-15T15:22:00.902Z,camera_1,1,172.42,0.00,172.42,746496.00,100.0,2000,null,null,30,1920,1080
2026-09-15T15:22:00.902Z,camera_0,1,2133.05,1949.10,183.95,147571.20,99.9,2000,null,null,30,854,480
2026-09-15T15:22:04.042Z,camera_0,1,0.00,0.00,0.00,110592.00,100.0,2000,null,null,120,640,480
2026-09-15T15:22:04.045Z,camera_1,1,127.84,0.00,127.84,746496.00,100.0,2000,null,null,30,1920,1080
2026-09-15T15:22:04.045Z,camera_0,1,2254.43,2126.59,127.84,110592.00,99.9,2000,null,null,120,640,480
2026-09-15T15:22:07.184Z,camera_0,1,0.00,0.00,0.00,110592.00,100.0,2000,null,null,120,640,480
2026-09-15T15:22:07.187Z,camera_0,1,2734.08,2639.83,94.25,110592.00,99.9,2000,null,null,120,640,480
2026-09-15T15:22:07.185Z,camera_1,1,94.25,0.00,94.25,746496.00,100.0,2000,null,null,30,1920,1080
2026-09-15T15:22:10.391Z,camera_0,1,25.07,0.00,25.07,110592.00,100.0,2000,null,null,120,640,480
2026-09-15T15:22:10.394Z,camera_1,1,67.18,0.00,67.18,746496.00,100.0,2000,null,null,30,1920,1080
2026-09-15T15:22:10.394Z,camera_0,1,1965.71,1873.47,92.25,110592.00,99.9,2000,null,null,120,640,480
2026-09-15T15:22:13.391Z,camera_0,1,16.54,0.00,16.54,110592.00,100.0,2000,null,null,120,640,480
2026-09-15T15:22:13.391Z,camera_1,1,114.81,0.00,114.81,746496.00,100.0,2000,null,null,30,1920,1080
2026-09-15T15:22:13.391Z,camera_0,1,2089.27,1957.92,131.35,110592.00,99.9,2000,null,null,120,640,480
2026-09-15T15:22:16.393Z,camera_0,1,1618.09,1541.38,76.70,110592.00,99.9,2000,null,null,120,640,480
2026-09-15T15:22:16.392Z,camera_0,1,24.57,0.00,24.57,110592.00,100.0,2000,null,null,120,640,480
2026-09-15T15:22:16.392Z,camera_1,1,52.14,0.00,52.14,746496.00,100.0,2000,null,null,30,1920,1080
2026-09-15T15:22:19.392Z,camera_0,1,50.63,0.00,50.63,110592.00,100.0,2000,null,null,120,640,480
2026-09-15T15:22:19.399Z,camera_1,1,97.76,0.00,97.76,746496.00,100.0,2000,null,null,30,1920,1080
2026-09-15T15:22:19.402Z,camera_0,1,1753.53,1605.14,148.39,110592.00,99.9,2000,null,null,120,640,480
2026-09-15T15:22:22.503Z,camera_0,1,29.08,0.00,29.08,110592.00,100.0,2000,null,null,120,640,480
2026-09-15T15:22:22.503Z,camera_1,1,62.17,0.00,62.17,746496.00,100.0,2000,null,null,30,1920,1080
2026-09-15T15:22:22.503Z,camera_0,1,1596.27,1505.03,91.24,110592.00,99.9,2000,null,null,120,640,480
2026-09-15T15:22:25.507Z,camera_0,1,21.06,0.00,21.06,110592.00,100.0,2000,null,null,120,640,480
2026-09-15T15:22:25.507Z,camera_1,1,27.07,0.00,27.07,746496.00,100.0,2000,null,null,30,1920,1080
2026-09-15T15:22:25.507Z,camera_0,1,1069.71,1021.58,48.13,110592.00,100.0,2000,null,null,120,640,480
2026-09-15T15:22:28.507Z,camera_0,1,31.08,0.00,31.08,110592.00,100.0,2000,null,null,120,640,480
2026-09-15T15:22:28.507Z,camera_1,1,126.84,0.00,126.84,746496.00,100.0,2000,null,null,30,1920,1080
2026-09-15T15:22:28.510Z,camera_0,1,2414.34,2256.42,157.92,110592.00,99.9,2000,null,null,120,640,480
2026-09-15T15:22:31.508Z,camera_0,1,27.07,0.00,27.07,110592.00,100.0,2000,null,null,120,640,480
2026-09-15T15:22:31.509Z,camera_1,1,52.64,0.00,52.64,746496.00,100.0,2000,null,null,30,1920,1080
2026-09-15T15:22:31.509Z,camera_0,1,1826.69,1746.98,79.71,110592.00,99.9,2000,null,null,120,640,480
2026-09-15T15:22:34.729Z,camera_0,1,28.07,0.00,28.07,110592.00,100.0,2000,null,null,120,640,480
2026-09-15T15:22:34.730Z,camera_1,1,23.06,0.00,23.06,746496.00,100.0,2000,null,null,30,1920,1080
2026-09-15T15:22:34.730Z,camera_0,1,1307.91,1256.78,51.14,110592.00,100.0,2000,null,null,120,640,480
2026-09-15T15:22:37.844Z,camera_0,1,21.56,0.00,21.56,110592.00,100.0,2000,null,null,120,640,480
2026-09-15T15:22:37.844Z,camera_1,1,0.00,0.00,0.00,746496.00,100.0,2000,null,null,30,1920,1080
2026-09-15T15:22:37.851Z,camera_0,1,664.46,642.90,21.56,110592.00,100.0,2000,null,null,120,640,480
2026-09-15T15:22:40.880Z,camera_1,1,184.99,0.00,184.99,746496.00,100.0,2000,null,null,30,1920,1080
2026-09-15T15:22:40.880Z,camera_0,1,2028.52,1815.46,213.07,110592.00,99.8,2000,null,null,120,640,480
2026-09-15T15:22:40.879Z,camera_0,1,28.07,0.00,28.07,110592.00,100.0,2000,null,null,120,640,480
2026-09-15T15:22:44.215Z,camera_0,1,35.09,0.00,35.09,110592.00,100.0,2000,null,null,120,640,480
2026-09-15T15:22:44.216Z,camera_1,1,79.21,0.00,79.21,746496.00,100.0,2000,null,null,30,1920,1080
2026-09-15T15:22:44.216Z,camera_0,1,2531.06,2416.75,114.30,110592.00,99.9,2000,null,null,120,640,480
2026-09-15T15:22:47.219Z,camera_0,1,36.60,0.00,36.60,110592.00,100.0,2000,null,null,120,640,480
2026-09-15T15:22:47.219Z,camera_1,1,187.00,0.00,187.00,746496.00,100.0,2000,null,null,30,1920,1080
2026-09-15T15:22:47.219Z,camera_0,1,2461.19,2237.60,223.59,110592.00,99.8,2000,null,null,120,640,480
2026-09-15T15:22:50.241Z,camera_0,1,31.58,0.00,31.58,110592.00,100.0,2000,null,null,120,640,480
2026-09-15T15:22:50.241Z,camera_1,1,152.41,0.00,152.41,746496.00,100.0,2000,null,null,30,1920,1080
2026-09-15T15:22:50.241Z,camera_0,1,2550.11,2366.13,183.99,110592.00,99.8,2000,null,null,120,640,480
2026-09-15T15:22:53.266Z,camera_0,1,32.59,0.00,32.59,110592.00,100.0,2000,null,null,120,640,480
2026-09-15T15:22:53.267Z,camera_1,1,82.72,0.00,82.72,746496.00,100.0,2000,null,null,30,1920,1080
2026-09-15T15:22:53.267Z,camera_0,1,1954.29,1838.98,115.31,110592.00,99.9,2000,null,null,120,640,480
2026-09-15T15:22:56.270Z,camera_0,1,26.57,0.00,26.57,110592.00,100.0,2000,null,null,120,640,480
2026-09-15T15:22:56.270Z,camera_1,1,197.02,0.00,197.02,746496.00,100.0,2000,null,null,30,1920,1080
2026-09-15T15:22:56.271Z,camera_0,1,2922.50,2698.91,223.59,110592.00,99.8,2000,null,null,120,640,480
2026-09-15T15:22:59.271Z,camera_0,1,41.61,0.00,41.61,110592.00,100.0,2000,null,null,120,640,480
2026-09-15T15:22:59.271Z,camera_1,1,59.66,0.00,59.66,746496.00,100.0,2000,null,null,30,1920,1080
2026-09-15T15:22:59.274Z,camera_0,1,1527.78,1426.51,101.27,110592.00,99.9,2000,null,null,120,640,480
2026-09-15T15:23:02.308Z,camera_0,1,37.10,0.00,37.10,110592.00,100.0,2000,null,null,120,640,480
2026-09-15T15:23:02.308Z,camera_1,1,191.01,0.00,191.01,746496.00,100.0,2000,null,null,30,1920,1080
2026-09-15T15:23:02.308Z,camera_0,1,3084.46,2856.36,228.11,110592.00,99.8,2000,null,null,120,640,480
2026-09-15T15:23:05.309Z,camera_0,1,25.57,0.00,25.57,110592.00,100.0,2000,null,null,120,640,480
2026-09-15T15:23:05.309Z,camera_1,1,141.88,0.00,141.88,746496.00,100.0,2000,null,null,30,1920,1080
2026-09-15T15:23:05.310Z,camera_0,1,2377.11,2209.66,167.45,110592.00,99.8,2000,null,null,120,640,480
2026-09-15T15:23:08.360Z,camera_0,1,32.59,0.00,32.59,110592.00,100.0,2000,null,null,120,640,480
2026-09-15T15:23:08.373Z,camera_1,1,104.28,0.00,104.28,746496.00,100.0,2000,null,null,30,1920,1080
2026-09-15T15:23:08.373Z,camera_0,1,2519.18,2382.31,136.86,110592.00,99.9,2000,null,null,120,640,480
2026-09-15T15:23:11.397Z,camera_0,1,37.60,0.00,37.60,110592.00,100.0,2000,null,null,120,640,480
2026-09-15T15:23:11.397Z,camera_1,1,28.07,0.00,28.07,746496.00,100.0,2000,null,null,30,1920,1080
2026-09-15T15:23:11.397Z,camera_0,1,1432.58,1366.91,65.67,110592.00,99.9,2000,null,null,120,640,480
2026-09-15T15:23:14.400Z,camera_0,1,34.09,0.00,34.09,110592.00,100.0,2000,null,null,120,640,480
2026-09-15T15:23:14.400Z,camera_1,1,304.31,0.00,304.31,746496.00,100.0,2000,null,null,30,1920,1080
2026-09-15T15:23:14.401Z,camera_0,1,2866.68,2528.28,338.40,110592.00,99.7,2000,null,null,120,640,480
2026-09-15T15:23:17.400Z,camera_0,1,27.07,0.00,27.07,110592.00,100.0,2000,null,null,120,640,480
2026-09-15T15:23:17.400Z,camera_1,1,238.13,0.00,238.13,746496.00,100.0,2000,null,null,30,1920,1080
2026-09-15T15:23:17.401Z,camera_0,1,3011.19,2745.98,265.21,110592.00,99.8,2000,null,null,120,640,480
2026-09-15T15:23:20.400Z,camera_0,1,40.11,0.00,40.11,110592.00,100.0,2000,null,null,120,640,480
2026-09-15T15:23:20.401Z,camera_1,1,200.03,0.00,200.03,746496.00,100.0,2000,null,null,30,1920,1080
2026-09-15T15:23:20.401Z,camera_0,1,3288.96,3048.82,240.14,110592.00,99.8,2000,null,null,120,640,480
2026-09-15T15:23:23.505Z,camera_0,1,40.11,0.00,40.11,110592.00,100.0,2000,null,null,120,640,480
2026-09-15T15:23:23.505Z,camera_1,1,134.86,0.00,134.86,746496.00,100.0,2000,null,null,30,1920,1080
2026-09-15T15:23:23.506Z,camera_0,1,2889.96,2714.99,174.97,110592.00,99.8,2000,null,null,120,640,480
2026-09-15T15:23:26.583Z,camera_0,1,36.10,0.00,36.10,110592.00,100.0,2000,null,null,120,640,480
2026-09-15T15:23:26.583Z,camera_1,1,203.04,0.00,203.04,746496.00,100.0,2000,null,null,30,1920,1080
2026-09-15T15:23:26.583Z,camera_0,1,2937.82,2698.69,239.14,110592.00,99.8,2000,null,null,120,640,480
2026-09-15T15:23:29.722Z,camera_0,1,59.16,0.00,59.16,110592.00,99.9,2000,null,null,120,640,480
2026-09-15T15:23:29.723Z,camera_1,1,150.40,0.00,150.40,746496.00,100.0,2000,null,null,30,1920,1080
2026-09-15T15:23:29.723Z,camera_0,1,2753.44,2543.88,209.56,110592.00,99.8,2000,null,null,120,640,480
2026-09-15T15:23:32.816Z,camera_0,1,42.61,0.00,42.61,110592.00,100.0,2000,null,null,120,640,480
2026-09-15T15:23:32.816Z,camera_1,1,106.78,0.00,106.78,746496.00,100.0,2000,null,null,30,1920,1080
2026-09-15T15:23:32.816Z,camera_0,1,2648.70,2499.30,149.40,110592.00,99.9,2000,null,null,120,640,480
2026-09-15T15:23:35.921Z,camera_0,1,46.62,0.00,46.62,110592.00,100.0,2000,null,null,120,640,480
2026-09-15T15:23:35.926Z,camera_0,1,3204.73,2986.15,218.58,110592.00,99.8,2000,null,null,120,640,480
2026-09-15T15:23:35.926Z,camera_1,1,171.96,0.00,171.96,746496.00,100.0,2000,null,null,30,1920,1080
2026-09-15T15:23:38.921Z,camera_0,1,56.15,0.00,56.15,110592.00,99.9,2000,null,null,120,640,480
2026-09-15T15:23:38.922Z,camera_1,1,32.09,0.00,32.09,746496.00,100.0,2000,null,null,30,1920,1080
2026-09-15T15:23:38.922Z,camera_0,1,1305.42,1217.18,88.23,110592.00,99.9,2000,null,null,120,640,480
2026-09-15T15:23:42.011Z,camera_0,1,51.14,0.00,51.14,110592.00,100.0,2000,null,null,120,640,480
2026-09-15T15:23:42.011Z,camera_1,1,249.16,0.00,249.16,746496.00,100.0,2000,null,null,30,1920,1080
2026-09-15T15:23:42.011Z,camera_0,1,2474.82,2174.52,300.30,110592.00,99.7,2000,null,null,120,640,480
2026-09-15T15:23:45.086Z,camera_0,1,31.58,0.00,31.58,110592.00,100.0,2000,null,null,120,640,480
2026-09-15T15:23:45.086Z,camera_1,1,109.29,0.00,109.29,746496.00,100.0,2000,null,null,30,1920,1080
2026-09-15T15:23:45.087Z,camera_0,1,2682.21,2541.34,140.87,110592.00,99.9,2000,null,null,120,640,480
2026-09-15T15:23:48.092Z,camera_0,1,36.60,0.00,36.60,110592.00,100.0,2000,null,null,120,640,480
2026-09-15T15:23:48.093Z,camera_1,1,232.12,0.00,232.12,746496.00,100.0,2000,null,null,30,1920,1080
2026-09-15T15:23:48.093Z,camera_0,1,3163.57,2894.85,268.71,110592.00,99.8,2000,null,null,120,640,480
2026-09-15T15:23:51.096Z,camera_0,1,40.61,0.00,40.61,110592.00,100.0,2000,null,null,120,640,480
2026-09-15T15:23:51.096Z,camera_1,1,199.53,0.00,199.53,746496.00,100.0,2000,null,null,30,1920,1080
2026-09-15T15:23:51.097Z,camera_0,1,2964.63,2724.49,240.14,110592.00,99.8,2000,null,null,120,640,480
2026-09-15T15:23:54.198Z,camera_0,1,48.13,0.00,48.13,110592.00,100.0,2000,null,null,120,640,480
2026-09-15T15:23:54.199Z,camera_1,1,102.27,0.00,102.27,746496.00,100.0,2000,null,null,30,1920,1080
2026-09-15T15:23:54.199Z,camera_0,1,2252.97,2102.57,150.40,110592.00,99.9,2000,null,null,120,640,480
2026-09-15T15:23:57.289Z,camera_0,1,36.10,0.00,36.10,110592.00,100.0,2000,null,null,120,640,480
2026-09-15T15:23:57.290Z,camera_1,1,181.48,0.00,181.48,746496.00,100.0,2000,null,null,30,1920,1080
2026-09-15T15:23:57.290Z,camera_0,1,2258.29,2040.71,217.58,110592.00,99.8,2000,null,null,120,640,480
2026-09-15T15:24:00.421Z,camera_0,1,35.09,0.00,35.09,110592.00,100.0,2000,null,null,120,640,480
2026-09-15T15:24:00.421Z,camera_1,1,167.95,0.00,167.95,746496.00,100.0,2000,null,null,30,1920,1080
2026-09-15T15:24:00.421Z,camera_0,1,4327.56,4124.52,203.04,110592.00,99.8,2000,null,null,120,640,480
2026-09-15T15:24:03.726Z,camera_0,1,42.61,0.00,42.61,110592.00,100.0,2000,null,null,120,640,480
2026-09-15T15:24:03.726Z,camera_1,1,133.86,0.00,133.86,746496.00,100.0,2000,null,null,30,1920,1080
2026-09-15T15:24:03.726Z,camera_0,1,2925.25,2748.78,176.47,110592.00,99.8,2000,null,null,120,640,480
2026-09-15T15:24:06.726Z,camera_0,1,38.10,0.00,38.10,110592.00,100.0,2000,null,null,120,640,480
2026-09-15T15:24:06.734Z,camera_1,1,65.67,0.00,65.67,746496.00,100.0,2000,null,null,30,1920,1080
2026-09-15T15:24:06.734Z,camera_0,1,2689.94,2586.16,103.78,110592.00,99.9,2000,null,null,120,640,480
2026-09-15T15:24:09.734Z,camera_0,1,54.14,0.00,54.14,110592.00,100.0,2000,null,null,120,640,480
2026-09-15T15:24:09.734Z,camera_1,1,22.06,0.00,22.06,746496.00,100.0,2000,null,null,30,1920,1080
2026-09-15T15:24:09.734Z,camera_0,1,1892.99,1816.79,76.20,110592.00,99.9,2000,null,null,120,640,480
2026-09-15T15:24:12.734Z,camera_0,1,38.60,0.00,38.60,110592.00,100.0,2000,null,null,120,640,480
2026-09-15T15:24:12.734Z,camera_1,1,184.99,0.00,184.99,746496.00,100.0,2000,null,null,30,1920,1080
2026-09-15T15:24:12.734Z,camera_0,1,2355.51,2131.92,223.59,110592.00,99.8,2000,null,null,120,640,480
2026-09-15T15:24:15.891Z,camera_0,1,62.17,0.00,62.17,110592.00,99.9,2000,null,null,120,640,480
2026-09-15T15:24:15.896Z,camera_1,1,174.97,0.00,174.97,746496.00,100.0,2000,null,null,30,1920,1080
2026-09-15T15:24:15.896Z,camera_0,1,2656.58,2419.45,237.13,110592.00,99.8,2000,null,null,120,640,480
2026-09-15T15:24:18.946Z,camera_0,1,40.11,0.00,40.11,110592.00,100.0,2000,null,null,120,640,480
2026-09-15T15:24:18.946Z,camera_1,1,107.29,0.00,107.29,746496.00,100.0,2000,null,null,30,1920,1080
2026-09-15T15:24:18.949Z,camera_0,1,3015.74,2868.35,147.39,110592.00,99.9,2000,null,null,120,640,480
2026-09-15T15:24:22.091Z,camera_0,1,34.59,0.00,34.59,110592.00,100.0,2000,null,null,120,640,480
2026-09-15T15:24:22.092Z,camera_1,1,194.02,0.00,194.02,746496.00,100.0,2000,null,null,30,1920,1080
2026-09-15T15:24:22.092Z,camera_0,1,3096.10,2867.50,228.61,110592.00,99.8,2000,null,null,120,640,480
2026-09-15T15:24:25.096Z,camera_0,1,44.62,0.00,44.62,110592.00,100.0,2000,null,null,120,640,480
2026-09-15T15:24:25.097Z,camera_1,1,135.86,0.00,135.86,746496.00,100.0,2000,null,null,30,1920,1080
2026-09-15T15:24:25.097Z,camera_0,1,2704.97,2524.49,180.48,110592.00,99.8,2000,null,null,120,640,480
2026-09-15T15:24:28.240Z,camera_0,1,28.07,0.00,28.07,110592.00,100.0,2000,null,null,120,640,480
2026-09-15T15:24:28.240Z,camera_1,1,118.31,0.00,118.31,746496.00,100.0,2000,null,null,30,1920,1080
2026-09-15T15:24:28.241Z,camera_0,1,2376.19,2229.80,146.39,110592.00,99.9,2000,null,null,120,640,480
2026-09-15T15:24:31.241Z,camera_0,1,41.61,0.00,41.61,110592.00,100.0,2000,null,null,120,640,480
2026-09-15T15:24:31.241Z,camera_1,1,191.01,0.00,191.01,746496.00,100.0,2000,null,null,30,1920,1080
2026-09-15T15:24:31.246Z,camera_0,1,3120.34,2887.72,232.62,110592.00,99.8,2000,null,null,120,640,480
2026-09-15T15:24:34.440Z,camera_0,1,50.63,0.00,50.63,110592.00,100.0,2000,null,null,120,640,480
2026-09-15T15:24:34.441Z,camera_1,1,126.84,0.00,126.84,746496.00,100.0,2000,null,null,30,1920,1080
2026-09-15T15:24:34.441Z,camera_0,1,3011.08,2833.61,177.47,110592.00,99.8,2000,null,null,120,640,480
2026-09-15T15:24:37.515Z,camera_1,1,102.27,0.00,102.27,746496.00,100.0,2000,null,null,30,1920,1080
2026-09-15T15:24:37.517Z,camera_0,1,2879.77,2734.38,145.39,110592.00,99.9,2000,null,null,120,640,480
2026-09-15T15:24:37.514Z,camera_0,1,43.11,0.00,43.11,110592.00,100.0,2000,null,null,120,640,480
2026-09-15T15:24:40.540Z,camera_0,1,52.14,0.00,52.14,110592.00,100.0,2000,null,null,120,640,480
2026-09-15T15:24:40.543Z,camera_1,1,26.57,0.00,26.57,746496.00,100.0,2000,null,null,30,1920,1080
2026-09-15T15:24:40.543Z,camera_0,1,1709.38,1630.67,78.71,110592.00,99.9,2000,null,null,120,640,480
2026-09-15T15:24:43.603Z,camera_0,1,45.12,0.00,45.12,110592.00,100.0,2000,null,null,120,640,480
2026-09-15T15:24:43.603Z,camera_1,1,286.26,0.00,286.26,746496.00,100.0,2000,null,null,30,1920,1080
2026-09-15T15:24:43.604Z,camera_0,1,3101.13,2769.75,331.38,110592.00,99.7,2000,null,null,120,640,480
2026-09-15T15:24:46.602Z,camera_0,1,40.61,0.00,40.61,110592.00,100.0,2000,null,null,120,640,480
2026-09-15T15:24:46.603Z,camera_1,1,169.95,0.00,169.95,746496.00,100.0,2000,null,null,30,1920,1080
2026-09-15T15:24:46.603Z,camera_0,1,3061.08,2850.52,210.56,110592.00,99.8,2000,null,null,120,640,480
2026-09-15T15:24:49.624Z,camera_0,1,58.66,0.00,58.66,110592.00,99.9,2000,null,null,120,640,480
2026-09-15T15:24:49.625Z,camera_1,1,97.76,0.00,97.76,746496.00,100.0,2000,null,null,30,1920,1080
2026-09-15T15:24:49.625Z,camera_0,1,2389.07,2232.66,156.42,110592.00,99.9,2000,null,null,120,640,480
2026-09-15T15:24:52.654Z,camera_0,1,47.13,0.00,47.13,110592.00,100.0,2000,null,null,120,640,480
2026-09-15T15:24:52.658Z,camera_1,1,165.44,0.00,165.44,746496.00,100.0,2000,null,null,30,1920,1080
2026-09-15T15:24:52.658Z,camera_0,1,2537.07,2324.50,212.57,110592.00,99.8,2000,null,null,120,640,480
2026-09-15T15:24:55.654Z,camera_0,1,43.11,0.00,43.11,110592.00,100.0,2000,null,null,120,640,480
2026-09-15T15:24:55.661Z,camera_1,1,137.37,0.00,137.37,746496.00,100.0,2000,null,null,30,1920,1080
2026-09-15T15:24:55.662Z,camera_0,1,2646.78,2466.30,180.48,110592.00,99.8,2000,null,null,120,640,480
2026-09-15T15:24:58.727Z,camera_0,1,33.59,0.00,33.59,110592.00,100.0,2000,null,null,120,640,480
2026-09-15T15:24:58.727Z,camera_1,1,125.33,0.00,125.33,746496.00,100.0,2000,null,null,30,1920,1080
2026-09-15T15:24:58.727Z,camera_0,1,2966.95,2808.03,158.92,110592.00,99.9,2000,null,null,120,640,480
2026-09-15T15:25:01.823Z,camera_0,1,45.62,0.00,45.62,110592.00,100.0,2000,null,null,120,640,480
2026-09-15T15:25:01.824Z,camera_1,1,163.43,0.00,163.43,746496.00,100.0,2000,null,null,30,1920,1080
2026-09-15T15:25:01.824Z,camera_0,1,3464.65,3255.59,209.06,110592.00,99.8,2000,null,null,120,640,480
2026-09-15T15:25:04.846Z,camera_0,1,39.10,0.00,39.10,147571.20,100.0,2000,null,null,30,854,480
2026-09-15T15:25:04.846Z,camera_1,1,141.88,0.00,141.88,746496.00,100.0,2000,null,null,30,1920,1080
2026-09-15T15:25:04.846Z,camera_0,1,1649.14,1468.16,180.98,147571.20,99.9,2000,null,null,30,854,480
2026-09-15T15:25:07.845Z,camera_0,1,0.00,0.00,0.00,147571.20,100.0,2000,null,null,30,854,480
2026-09-15T15:25:07.846Z,camera_1,1,72.69,0.00,72.69,746496.00,100.0,2000,null,null,30,1920,1080
2026-09-15T15:25:07.846Z,camera_0,1,3038.43,2965.74,72.69,147571.20,100.0,2000,null,null,30,854,480
2026-09-15T15:25:10.874Z,camera_0,1,27.57,0.00,27.57,110592.00,100.0,2000,null,null,120,640,480
2026-09-15T15:25:10.875Z,camera_1,1,247.16,0.00,247.16,746496.00,100.0,2000,null,null,30,1920,1080
2026-09-15T15:25:10.875Z,camera_0,1,1915.07,1640.34,274.73,110592.00,99.8,2000,null,null,120,640,480
2026-09-15T15:25:13.949Z,camera_0,1,0.00,0.00,0.00,110592.00,100.0,2000,null,null,120,640,480
2026-09-15T15:25:13.950Z,camera_1,1,57.15,0.00,57.15,746496.00,100.0,2000,null,null,30,1920,1080
2026-09-15T15:25:13.950Z,camera_0,1,2563.34,2506.18,57.15,110592.00,99.9,2000,null,null,120,640,480
2026-09-15T15:25:17.119Z,camera_0,1,20.05,0.00,20.05,110592.00,100.0,2000,null,null,120,640,480
2026-09-15T15:25:17.121Z,camera_1,1,165.94,0.00,165.94,746496.00,100.0,2000,null,null,30,1920,1080
2026-09-15T15:25:17.121Z,camera_0,1,2909.73,2723.73,185.99,110592.00,99.8,2000,null,null,120,640,480
2026-09-15T15:25:20.119Z,camera_0,1,39.10,0.00,39.10,110592.00,100.0,2000,null,null,120,640,480
2026-09-15T15:25:20.120Z,camera_1,1,207.55,0.00,207.55,746496.00,100.0,2000,null,null,30,1920,1080
2026-09-15T15:25:20.120Z,camera_0,1,3472.95,3226.30,246.66,110592.00,99.8,2000,null,null,120,640,480
2026-09-15T15:25:23.120Z,camera_1,1,95.75,0.00,95.75,746496.00,100.0,2000,null,null,30,1920,1080
2026-09-15T15:25:23.120Z,camera_0,1,2869.37,2725.49,143.88,110592.00,99.9,2000,null,null,120,640,480
2026-09-15T15:25:23.119Z,camera_0,1,48.13,0.00,48.13,110592.00,100.0,2000,null,null,120,640,480
2026-09-15T15:25:26.221Z,camera_0,1,46.12,0.00,46.12,110592.00,100.0,2000,null,null,120,640,480
2026-09-15T15:25:26.222Z,camera_1,1,190.51,0.00,190.51,746496.00,100.0,2000,null,null,30,1920,1080
2026-09-15T15:25:26.225Z,camera_0,1,2868.06,2631.43,236.63,110592.00,99.8,2000,null,null,120,640,480
2026-09-15T15:25:29.548Z,camera_0,1,55.15,0.00,55.15,110592.00,100.0,2000,null,null,120,640,480
2026-09-15T15:25:29.548Z,camera_1,1,133.86,0.00,133.86,746496.00,100.0,2000,null,null,30,1920,1080
2026-09-15T15:25:29.548Z,camera_0,1,3661.73,3472.73,189.00,110592.00,99.8,2000,null,null,120,640,480
2026-09-15T15:25:32.550Z,camera_0,1,41.11,0.00,41.11,110592.00,100.0,2000,null,null,120,640,480
2026-09-15T15:25:32.550Z,camera_1,1,154.91,0.00,154.91,746496.00,100.0,2000,null,null,30,1920,1080
2026-09-15T15:25:32.551Z,camera_0,1,3311.09,3115.07,196.02,110592.00,99.8,2000,null,null,120,640,480
2026-09-15T15:25:35.553Z,camera_0,1,40.61,0.00,40.61,110592.00,100.0,2000,null,null,120,640,480
2026-09-15T15:25:35.554Z,camera_1,1,64.67,0.00,64.67,746496.00,100.0,2000,null,null,30,1920,1080
2026-09-15T15:25:35.554Z,camera_0,1,2246.39,2141.11,105.28,110592.00,99.9,2000,null,null,120,640,480
2026-09-15T15:25:38.551Z,camera_0,1,42.11,0.00,42.11,110592.00,100.0,2000,null,null,120,640,480
2026-09-15T15:25:38.551Z,camera_1,1,48.63,0.00,48.63,746496.00,100.0,2000,null,null,30,1920,1080
2026-09-15T15:25:38.551Z,camera_0,1,2192.68,2101.94,90.74,110592.00,99.9,2000,null,null,120,640,480
2026-09-15T15:25:41.678Z,camera_0,1,44.12,0.00,44.12,110592.00,100.0,2000,null,null,120,640,480
2026-09-15T15:25:41.678Z,camera_1,1,287.77,0.00,287.77,746496.00,100.0,2000,null,null,30,1920,1080
2026-09-15T15:25:41.679Z,camera_0,1,2954.07,2622.18,331.88,110592.00,99.7,2000,null,null,120,640,480
2026-09-15T15:25:44.681Z,camera_0,1,41.11,0.00,41.11,110592.00,100.0,2000,null,null,120,640,480
2026-09-15T15:25:44.683Z,camera_1,1,140.87,0.00,140.87,746496.00,100.0,2000,null,null,30,1920,1080
2026-09-15T15:25:44.683Z,camera_0,1,2823.55,2641.57,181.98,110592.00,99.8,2000,null,null,120,640,480
2026-09-15T15:25:47.682Z,camera_0,1,30.08,0.00,30.08,110592.00,100.0,2000,null,null,120,640,480
2026-09-15T15:25:47.682Z,camera_1,1,127.34,0.00,127.34,746496.00,100.0,2000,null,null,30,1920,1080
2026-09-15T15:25:47.682Z,camera_0,1,2446.22,2288.80,157.42,110592.00,99.9,2000,null,null,120,640,480
2026-09-15T15:25:50.682Z,camera_0,1,35.09,0.00,35.09,110592.00,100.0,2000,null,null,120,640,480
2026-09-15T15:25:50.683Z,camera_1,1,195.52,0.00,195.52,746496.00,100.0,2000,null,null,30,1920,1080
2026-09-15T15:25:50.683Z,camera_0,1,2727.77,2497.15,230.61,110592.00,99.8,2000,null,null,120,640,480
2026-09-15T15:25:53.820Z,camera_0,1,67.68,0.00,67.68,110592.00,99.9,2000,null,null,120,640,480
2026-09-15T15:25:53.821Z,camera_1,1,104.78,0.00,104.78,746496.00,100.0,2000,null,null,30,1920,1080
2026-09-15T15:25:53.821Z,camera_0,1,1959.26,1786.80,172.46,110592.00,99.8,2000,null,null,120,640,480
2026-09-15T15:25:56.822Z,camera_0,1,32.09,0.00,32.09,110592.00,100.0,2000,null,null,120,640,480
2026-09-15T15:25:56.822Z,camera_1,1,131.35,0.00,131.35,746496.00,100.0,2000,null,null,30,1920,1080
2026-09-15T15:25:56.823Z,camera_0,1,2195.92,2032.48,163.43,110592.00,99.9,2000,null,null,120,640,480
2026-09-15T15:25:59.825Z,camera_0,1,32.59,0.00,32.59,110592.00,100.0,2000,null,null,120,640,480
2026-09-15T15:25:59.825Z,camera_1,1,94.25,0.00,94.25,746496.00,100.0,2000,null,null,30,1920,1080
2026-09-15T15:25:59.826Z,camera_0,1,2272.06,2145.23,126.84,110592.00,99.9,2000,null,null,120,640,480
2026-09-15T15:26:02.828Z,camera_0,1,32.59,0.00,32.59,110592.00,100.0,2000,null,null,120,640,480
2026-09-15T15:26:02.828Z,camera_1,1,157.92,0.00,157.92,746496.00,100.0,2000,null,null,30,1920,1080
2026-09-15T15:26:02.828Z,camera_0,1,2448.29,2257.78,190.51,110592.00,99.8,2000,null,null,120,640,480
2026-09-15T15:26:05.885Z,camera_0,1,37.60,0.00,37.60,110592.00,100.0,2000,null,null,120,640,480
2026-09-15T15:26:05.887Z,camera_1,1,146.39,0.00,146.39,746496.00,100.0,2000,null,null,30,1920,1080
2026-09-15T15:26:05.890Z,camera_0,1,2525.22,2341.23,183.99,110592.00,99.8,2000,null,null,120,640,480
2026-09-15T15:26:10.047Z,camera_0,1,29.58,0.00,29.58,110592.00,100.0,2000,null,null,120,640,480
2026-09-15T15:26:10.047Z,camera_1,1,101.27,0.00,101.27,746496.00,100.0,2000,null,null,30,1920,1080
2026-09-15T15:26:10.048Z,camera_0,1,3249.79,3118.95,130.85,110592.00,99.9,2000,null,null,120,640,480
2026-09-15T15:26:13.047Z,camera_0,1,94.25,0.00,94.25,110592.00,99.9,2000,null,null,120,640,480
2026-09-15T15:26:13.048Z,camera_1,1,28.07,0.00,28.07,746496.00,100.0,2000,null,null,30,1920,1080
2026-09-15T15:26:13.048Z,camera_0,1,979.35,857.02,122.33,110592.00,99.9,2000,null,null,120,640,480
2026-09-15T15:26:16.216Z,camera_0,1,9.02,0.00,9.02,147571.20,100.0,2000,null,null,30,854,480
2026-09-15T15:26:16.217Z,camera_1,1,435.66,0.00,435.66,746496.00,99.9,2000,null,null,30,1920,1080
2026-09-15T15:26:16.218Z,camera_0,1,3525.12,3080.43,444.68,147571.20,99.7,2000,null,null,30,854,480
2026-09-15T15:26:19.303Z,camera_0,1,0.00,0.00,0.00,147571.20,100.0,2000,null,null,30,854,480
2026-09-15T15:26:19.306Z,camera_1,1,130.35,0.00,130.35,746496.00,100.0,2000,null,null,30,1920,1080
2026-09-15T15:26:19.306Z,camera_0,1,2535.26,2404.91,130.35,147571.20,99.9,2000,null,null,30,854,480
2026-09-15T15:26:22.304Z,camera_0,1,0.00,0.00,0.00,147571.20,100.0,2000,null,null,30,854,480
2026-09-15T15:26:22.305Z,camera_1,1,187.50,0.00,187.50,746496.00,100.0,2000,null,null,30,1920,1080
2026-09-15T15:26:22.306Z,camera_0,1,3014.16,2826.66,187.50,147571.20,99.9,2000,null,null,30,854,480
2026-09-15T15:26:25.591Z,camera_0,1,30.58,0.00,30.58,147571.20,100.0,2000,null,null,30,854,480
2026-09-15T15:26:25.592Z,camera_1,1,109.79,0.00,109.79,746496.00,100.0,2000,null,null,30,1920,1080
2026-09-15T15:26:25.592Z,camera_0,1,2235.15,2094.77,140.37,147571.20,99.9,2000,null,null,30,854,480
2026-09-15T15:26:28.597Z,camera_0,1,15.04,0.00,15.04,147571.20,100.0,2000,null,null,30,854,480
2026-09-15T15:26:28.597Z,camera_1,1,142.38,0.00,142.38,746496.00,100.0,2000,null,null,30,1920,1080
2026-09-15T15:26:28.597Z,camera_0,1,1858.95,1701.53,157.42,147571.20,99.9,2000,null,null,30,854,480
2026-09-15T15:26:32.251Z,camera_0,1,20.05,0.00,20.05,110592.00,100.0,2000,null,null,120,640,480
2026-09-15T15:26:32.251Z,camera_1,1,103.78,0.00,103.78,746496.00,100.0,2000,null,null,30,1920,1080
2026-09-15T15:26:32.251Z,camera_0,1,2713.57,2589.74,123.83,110592.00,99.9,2000,null,null,120,640,480
2026-09-15T15:26:35.250Z,camera_0,1,0.00,0.00,0.00,110592.00,100.0,2000,null,null,120,640,480
2026-09-15T15:26:35.251Z,camera_1,1,220.09,0.00,220.09,746496.00,100.0,2000,null,null,30,1920,1080
2026-09-15T15:26:35.251Z,camera_0,1,2256.42,2036.33,220.09,110592.00,99.8,2000,null,null,120,640,480
2026-09-15T15:26:38.253Z,camera_0,1,0.00,0.00,0.00,110592.00,100.0,2000,null,null,120,640,480
2026-09-15T15:26:38.256Z,camera_1,1,32.09,0.00,32.09,746496.00,100.0,2000,null,null,30,1920,1080
2026-09-15T15:26:38.256Z,camera_0,1,1389.52,1357.43,32.09,110592.00,100.0,2000,null,null,120,640,480
2026-09-15T15:26:41.285Z,camera_0,1,0.00,0.00,0.00,147571.20,100.0,2000,null,null,30,854,480
2026-09-15T15:26:41.335Z,camera_1,1,189.00,0.00,189.00,746496.00,100.0,2000,null,null,30,1920,1080
2026-09-15T15:26:41.335Z,camera_0,1,2394.06,2205.06,189.00,147571.20,99.9,2000,null,null,30,854,480
2026-09-15T15:26:44.286Z,camera_0,1,31.58,0.00,31.58,147571.20,100.0,2000,null,null,30,854,480
2026-09-15T15:26:44.286Z,camera_1,1,190.51,0.00,190.51,746496.00,100.0,2000,null,null,30,1920,1080
2026-09-15T15:26:44.291Z,camera_0,1,1847.20,1625.11,222.09,147571.20,99.8,2000,null,null,30,854,480
2026-09-15T15:26:47.507Z,camera_0,1,0.00,0.00,0.00,110592.00,100.0,2000,null,null,120,640,480
2026-09-15T15:26:47.507Z,camera_1,1,70.19,0.00,70.19,746496.00,100.0,2000,null,null,30,1920,1080
2026-09-15T15:26:47.508Z,camera_0,1,3529.39,3459.21,70.19,110592.00,99.9,2000,null,null,120,640,480
2026-09-15T15:26:50.571Z,camera_0,1,28.58,0.00,28.58,147571.20,100.0,2000,null,null,30,854,480
2026-09-15T15:26:50.573Z,camera_1,1,230.61,0.00,230.61,746496.00,100.0,2000,null,null,30,1920,1080
2026-09-15T15:26:50.573Z,camera_0,1,2855.89,2596.70,259.19,147571.20,99.8,2000,null,null,30,854,480
2026-09-15T15:26:53.826Z,camera_0,1,0.00,0.00,0.00,147571.20,100.0,2000,null,null,30,854,480
2026-09-15T15:26:53.826Z,camera_1,1,242.65,0.00,242.65,746496.00,100.0,2000,null,null,30,1920,1080
2026-09-15T15:26:53.826Z,camera_0,1,3733.36,3490.71,242.65,147571.20,99.8,2000,null,null,30,854,480
2026-09-15T15:26:56.826Z,camera_0,1,28.58,0.00,28.58,147571.20,100.0,2000,null,null,30,854,480
2026-09-15T15:26:56.826Z,camera_1,1,150.90,0.00,150.90,746496.00,100.0,2000,null,null,30,1920,1080
2026-09-15T15:26:56.827Z,camera_0,1,2401.50,2222.02,179.48,147571.20,99.9,2000,null,null,30,854,480
2026-09-15T15:26:59.902Z,camera_0,1,0.00,0.00,0.00,110592.00,100.0,2000,null,null,120,640,480
2026-09-15T15:26:59.903Z,camera_1,1,200.53,0.00,200.53,746496.00,100.0,2000,null,null,30,1920,1080
2026-09-15T15:26:59.903Z,camera_0,1,3390.92,3190.39,200.53,110592.00,99.8,2000,null,null,120,640,480
2026-09-15T15:27:02.902Z,camera_0,1,29.58,0.00,29.58,110592.00,100.0,2000,null,null,120,640,480
2026-09-15T15:27:02.903Z,camera_1,1,88.74,0.00,88.74,746496.00,100.0,2000,null,null,30,1920,1080
2026-09-15T15:27:02.903Z,camera_0,1,2509.65,2391.34,118.31,110592.00,99.9,2000,null,null,120,640,480
2026-09-15T15:27:06.728Z,camera_0,1,13.54,0.00,13.54,147571.20,100.0,2000,null,null,30,854,480
2026-09-15T15:27:06.728Z,camera_1,1,171.46,0.00,171.46,746496.00,100.0,2000,null,null,30,1920,1080
2026-09-15T15:27:06.728Z,camera_0,1,4236.73,4051.74,184.99,147571.20,99.9,2000,null,null,30,854,480
2026-09-15T15:27:09.727Z,camera_0,1,39.61,0.00,39.61,147571.20,100.0,2000,null,null,30,854,480
2026-09-15T15:27:09.728Z,camera_1,1,23.06,0.00,23.06,746496.00,100.0,2000,null,null,30,1920,1080
2026-09-15T15:27:09.728Z,camera_0,1,960.29,897.62,62.67,147571.20,100.0,2000,null,null,30,854,480
2026-09-15T15:27:12.730Z,camera_0,1,0.00,0.00,0.00,110592.00,100.0,2000,null,null,120,640,480
2026-09-15T15:27:12.730Z,camera_1,1,260.69,0.00,260.69,746496.00,100.0,2000,null,null,30,1920,1080
2026-09-15T15:27:12.731Z,camera_0,1,3207.45,2946.76,260.69,110592.00,99.8,2000,null,null,120,640,480
2026-09-15T15:27:15.926Z,camera_0,1,24.57,0.00,24.57,147571.20,100.0,2000,null,null,30,854,480
2026-09-15T15:27:15.926Z,camera_1,1,221.59,0.00,221.59,746496.00,100.0,2000,null,null,30,1920,1080
2026-09-15T15:27:15.926Z,camera_0,1,3202.20,2956.04,246.15,147571.20,99.8,2000,null,null,30,854,480
2026-09-15T15:27:18.958Z,camera_0,1,0.00,0.00,0.00,147571.20,100.0,2000,null,null,30,854,480
2026-09-15T15:27:18.959Z,camera_1,1,198.53,0.00,198.53,746496.00,100.0,2000,null,null,30,1920,1080
2026-09-15T15:27:18.960Z,camera_0,1,3710.73,3512.20,198.53,147571.20,99.9,2000,null,null,30,854,480
2026-09-15T15:27:21.959Z,camera_0,1,26.57,0.00,26.57,147571.20,100.0,2000,null,null,30,854,480
2026-09-15T15:27:21.959Z,camera_1,1,134.36,0.00,134.36,746496.00,100.0,2000,null,null,30,1920,1080
2026-09-15T15:27:21.959Z,camera_0,1,2700.51,2539.58,160.93,147571.20,99.9,2000,null,null,30,854,480
2026-09-15T15:27:24.959Z,camera_0,1,39.10,0.00,39.10,147571.20,100.0,2000,null,null,30,854,480
2026-09-15T15:27:24.959Z,camera_1,1,120.32,0.00,120.32,746496.00,100.0,2000,null,null,30,1920,1080
2026-09-15T15:27:24.961Z,camera_0,1,2543.21,2383.79,159.42,147571.20,99.9,2000,null,null,30,854,480
2026-09-15T15:27:27.959Z,camera_0,1,23.06,0.00,23.06,110592.00,100.0,2000,null,null,120,640,480
2026-09-15T15:27:27.960Z,camera_1,1,167.45,0.00,167.45,746496.00,100.0,2000,null,null,30,1920,1080
2026-09-15T15:27:27.960Z,camera_0,1,2673.29,2482.78,190.51,110592.00,99.8,2000,null,null,120,640,480
2026-09-15T15:27:31.136Z,camera_0,1,0.00,0.00,0.00,110592.00,100.0,2000,null,null,120,640,480
2026-09-15T15:27:31.137Z,camera_1,1,52.14,0.00,52.14,746496.00,100.0,2000,null,null,30,1920,1080
2026-09-15T15:27:31.137Z,camera_0,1,3764.17,3712.03,52.14,110592.00,100.0,2000,null,null,120,640,480
2026-09-15T15:27:34.258Z,camera_0,1,33.59,0.00,33.59,110592.00,100.0,2000,null,null,120,640,480
2026-09-15T15:27:34.258Z,camera_1,1,160.43,0.00,160.43,746496.00,100.0,2000,null,null,30,1920,1080
2026-09-15T15:27:34.258Z,camera_0,1,2761.50,2567.48,194.02,110592.00,99.8,2000,null,null,120,640,480
2026-09-15T15:27:37.258Z,camera_0,1,50.13,0.00,50.13,110592.00,100.0,2000,null,null,120,640,480
2026-09-15T15:27:37.258Z,camera_1,1,27.57,0.00,27.57,746496.00,100.0,2000,null,null,30,1920,1080
2026-09-15T15:27:37.258Z,camera_0,1,1475.53,1397.83,77.71,110592.00,99.9,2000,null,null,120,640,480
2026-09-15T15:27:40.273Z,camera_0,1,40.61,0.00,40.61,110592.00,100.0,2000,null,null,120,640,480
2026-09-15T15:27:40.274Z,camera_1,1,258.19,0.00,258.19,746496.00,100.0,2000,null,null,30,1920,1080
2026-09-15T15:27:40.274Z,camera_0,1,3746.94,3448.14,298.79,110592.00,99.7,2000,null,null,120,640,480
2026-09-15T15:27:43.434Z,camera_0,1,41.11,0.00,41.11,110592.00,100.0,2000,null,null,120,640,480
2026-09-15T15:27:43.435Z,camera_1,1,203.54,0.00,203.54,746496.00,100.0,2000,null,null,30,1920,1080
2026-09-15T15:27:43.435Z,camera_0,1,2806.67,2562.02,244.65,110592.00,99.8,2000,null,null,120,640,480
2026-09-15T15:27:46.511Z,camera_0,1,41.11,0.00,41.11,110592.00,100.0,2000,null,null,120,640,480
2026-09-15T15:27:46.511Z,camera_1,1,143.38,0.00,143.38,746496.00,100.0,2000,null,null,30,1920,1080
2026-09-15T15:27:46.511Z,camera_0,1,3164.66,2980.17,184.49,110592.00,99.8,2000,null,null,120,640,480
2026-09-15T15:27:49.513Z,camera_0,1,38.10,0.00,38.10,110592.00,100.0,2000,null,null,120,640,480
2026-09-15T15:27:49.513Z,camera_1,1,116.81,0.00,116.81,746496.00,100.0,2000,null,null,30,1920,1080
2026-09-15T15:27:49.514Z,camera_0,1,2584.49,2429.58,154.91,110592.00,99.9,2000,null,null,120,640,480
2026-09-15T15:27:52.514Z,camera_0,1,55.15,0.00,55.15,110592.00,100.0,2000,null,null,120,640,480
2026-09-15T15:27:52.514Z,camera_1,1,161.93,0.00,161.93,746496.00,100.0,2000,null,null,30,1920,1080
2026-09-15T15:27:52.514Z,camera_0,1,2309.96,2092.88,217.08,110592.00,99.8,2000,null,null,120,640,480
2026-09-15T15:27:55.541Z,camera_0,1,0.00,0.00,0.00,147571.20,100.0,2000,null,null,30,854,480
2026-09-15T15:27:55.543Z,camera_1,1,179.98,0.00,179.98,746496.00,100.0,2000,null,null,30,1920,1080
2026-09-15T15:27:55.543Z,camera_0,1,3088.43,2908.46,179.98,147571.20,99.9,2000,null,null,30,854,480
2026-09-15T15:27:58.556Z,camera_0,1,28.58,0.00,28.58,110592.00,100.0,2000,null,null,120,640,480
2026-09-15T15:27:58.556Z,camera_1,1,77.71,0.00,77.71,746496.00,100.0,2000,null,null,30,1920,1080
2026-09-15T15:27:58.559Z,camera_0,1,2465.74,2359.46,106.28,110592.00,99.9,2000,null,null,120,640,480
2026-09-15T15:28:01.655Z,camera_0,1,0.00,0.00,0.00,110592.00,100.0,2000,null,null,120,640,480
2026-09-15T15:28:01.655Z,camera_1,1,148.90,0.00,148.90,746496.00,100.0,2000,null,null,30,1920,1080
2026-09-15T15:28:01.655Z,camera_0,1,3790.43,3641.53,148.90,110592.00,99.9,2000,null,null,120,640,480
2026-09-15T15:28:04.656Z,camera_0,1,64.67,0.00,64.67,110592.00,99.9,2000,null,null,120,640,480
2026-09-15T15:28:04.656Z,camera_1,1,0.00,0.00,0.00,746496.00,100.0,2000,null,null,30,1920,1080
2026-09-15T15:28:04.671Z,camera_0,1,856.32,791.65,64.67,110592.00,99.9,2000,null,null,120,640,480
2026-09-15T15:28:07.670Z,camera_0,1,6.02,0.00,6.02,147571.20,100.0,2000,null,null,30,854,480
2026-09-15T15:28:07.670Z,camera_1,1,267.71,0.00,267.71,746496.00,100.0,2000,null,null,30,1920,1080
2026-09-15T15:28:07.670Z,camera_0,1,3226.69,2952.96,273.73,147571.20,99.8,2000,null,null,30,854,480
2026-09-15T15:28:10.978Z,camera_0,1,0.00,0.00,0.00,147571.20,100.0,2000,null,null,30,854,480
2026-09-15T15:28:10.979Z,camera_1,1,131.35,0.00,131.35,746496.00,100.0,2000,null,null,30,1920,1080
2026-09-15T15:28:10.979Z,camera_0,1,3740.75,3609.40,131.35,147571.20,99.9,2000,null,null,30,854,480
2026-09-15T15:28:13.981Z,camera_0,1,31.58,0.00,31.58,147571.20,100.0,2000,null,null,30,854,480
2026-09-15T15:28:13.981Z,camera_1,1,155.41,0.00,155.41,746496.00,100.0,2000,null,null,30,1920,1080
2026-09-15T15:28:13.981Z,camera_0,1,2481.62,2294.63,187.00,147571.20,99.9,2000,null,null,30,854,480
2026-09-15T15:28:17.093Z,camera_0,1,33.09,0.00,33.09,110592.00,100.0,2000,null,null,120,640,480
2026-09-15T15:28:17.095Z,camera_1,1,241.14,0.00,241.14,746496.00,100.0,2000,null,null,30,1920,1080
2026-09-15T15:28:17.095Z,camera_0,1,3115.78,2841.55,274.23,110592.00,99.8,2000,null,null,120,640,480
2026-09-15T15:28:20.095Z,camera_0,1,0.00,0.00,0.00,110592.00,100.0,2000,null,null,120,640,480
2026-09-15T15:28:20.095Z,camera_1,1,143.88,0.00,143.88,746496.00,100.0,2000,null,null,30,1920,1080
2026-09-15T15:28:20.095Z,camera_0,1,2710.32,2566.44,143.88,110592.00,99.9,2000,null,null,120,640,480
2026-09-15T15:28:23.110Z,camera_0,1,27.57,0.00,27.57,110592.00,100.0,2000,null,null,120,640,480
2026-09-15T15:28:23.110Z,camera_1,1,136.86,0.00,136.86,746496.00,100.0,2000,null,null,30,1920,1080
2026-09-15T15:28:23.111Z,camera_0,1,3166.36,3001.92,164.44,110592.00,99.9,2000,null,null,120,640,480
2026-09-15T15:28:26.180Z,camera_0,1,29.08,0.00,29.08,110592.00,100.0,2000,null,null,120,640,480
2026-09-15T15:28:26.181Z,camera_1,1,89.74,0.00,89.74,746496.00,100.0,2000,null,null,30,1920,1080
2026-09-15T15:28:26.181Z,camera_0,1,2722.67,2603.86,118.82,110592.00,99.9,2000,null,null,120,640,480
2026-09-15T15:28:29.185Z,camera_0,1,44.12,0.00,44.12,110592.00,100.0,2000,null,null,120,640,480
2026-09-15T15:28:29.185Z,camera_1,1,170.45,0.00,170.45,746496.00,100.0,2000,null,null,30,1920,1080
2026-09-15T15:28:29.188Z,camera_0,1,3012.70,2798.13,214.57,110592.00,99.8,2000,null,null,120,640,480
2026-09-15T15:28:32.186Z,camera_0,1,50.13,0.00,50.13,110592.00,100.0,2000,null,null,120,640,480
2026-09-15T15:28:32.186Z,camera_1,1,51.14,0.00,51.14,746496.00,100.0,2000,null,null,30,1920,1080
2026-09-15T15:28:32.186Z,camera_0,1,1942.42,1841.15,101.27,110592.00,99.9,2000,null,null,120,640,480
2026-09-15T15:28:35.222Z,camera_0,1,57.15,0.00,57.15,110592.00,99.9,2000,null,null,120,640,480
2026-09-15T15:28:35.222Z,camera_1,1,173.46,0.00,173.46,746496.00,100.0,2000,null,null,30,1920,1080
2026-09-15T15:28:35.222Z,camera_0,1,2062.54,1831.92,230.61,110592.00,99.8,2000,null,null,120,640,480
2026-09-15T15:28:38.298Z,camera_0,1,32.59,0.00,32.59,110592.00,100.0,2000,null,null,120,640,480
2026-09-15T15:28:38.298Z,camera_1,1,129.85,0.00,129.85,746496.00,100.0,2000,null,null,30,1920,1080
2026-09-15T15:28:38.299Z,camera_0,1,3016.66,2854.23,162.43,110592.00,99.9,2000,null,null,120,640,480
2026-09-15T15:28:41.392Z,camera_0,1,40.11,0.00,40.11,110592.00,100.0,2000,null,null,120,640,480
2026-09-15T15:28:41.392Z,camera_1,1,224.10,0.00,224.10,746496.00,100.0,2000,null,null,30,1920,1080
2026-09-15T15:28:41.393Z,camera_0,1,3403.54,3139.33,264.20,110592.00,99.8,2000,null,null,120,640,480
2026-09-15T15:28:44.486Z,camera_0,1,46.12,0.00,46.12,110592.00,100.0,2000,null,null,120,640,480
2026-09-15T15:28:44.486Z,camera_1,1,153.41,0.00,153.41,746496.00,100.0,2000,null,null,30,1920,1080
2026-09-15T15:28:44.486Z,camera_0,1,2940.32,2740.79,199.53,110592.00,99.8,2000,null,null,120,640,480
2026-09-15T15:28:47.489Z,camera_0,1,39.10,0.00,39.10,110592.00,100.0,2000,null,null,120,640,480
2026-09-15T15:28:47.489Z,camera_1,1,65.67,0.00,65.67,746496.00,100.0,2000,null,null,30,1920,1080
2026-09-15T15:28:47.489Z,camera_0,1,2709.88,2605.10,104.78,110592.00,99.9,2000,null,null,120,640,480
2026-09-15T15:28:50.490Z,camera_0,1,29.08,0.00,29.08,110592.00,100.0,2000,null,null,120,640,480
2026-09-15T15:28:50.490Z,camera_1,1,175.97,0.00,175.97,746496.00,100.0,2000,null,null,30,1920,1080
2026-09-15T15:28:50.492Z,camera_0,1,2926.74,2721.69,205.05,110592.00,99.8,2000,null,null,120,640,480
2026-09-15T15:28:53.491Z,camera_0,1,37.10,0.00,37.10,110592.00,100.0,2000,null,null,120,640,480
2026-09-15T15:28:53.492Z,camera_1,1,142.38,0.00,142.38,746496.00,100.0,2000,null,null,30,1920,1080
2026-09-15T15:28:53.492Z,camera_0,1,2618.75,2439.27,179.48,110592.00,99.8,2000,null,null,120,640,480
2026-09-15T15:28:56.581Z,camera_0,1,43.11,0.00,43.11,110592.00,100.0,2000,null,null,120,640,480
2026-09-15T15:28:56.584Z,camera_1,1,86.23,0.00,86.23,746496.00,100.0,2000,null,null,30,1920,1080
2026-09-15T15:28:56.584Z,camera_0,1,2718.08,2588.74,129.34,110592.00,99.9,2000,null,null,120,640,480
2026-09-15T15:28:59.654Z,camera_0,1,63.17,0.00,63.17,110592.00,99.9,2000,null,null,120,640,480
2026-09-15T15:28:59.654Z,camera_1,1,163.43,0.00,163.43,746496.00,100.0,2000,null,null,30,1920,1080
2026-09-15T15:28:59.655Z,camera_0,1,2813.51,2586.91,226.60,110592.00,99.8,2000,null,null,120,640,480
2026-09-15T15:29:02.655Z,camera_0,1,51.64,0.00,51.64,110592.00,100.0,2000,null,null,120,640,480
2026-09-15T15:29:02.655Z,camera_1,1,24.57,0.00,24.57,746496.00,100.0,2000,null,null,30,1920,1080
2026-09-15T15:29:02.655Z,camera_0,1,2024.43,1948.22,76.20,110592.00,99.9,2000,null,null,120,640,480
2026-09-15T15:29:05.661Z,camera_0,1,53.64,0.00,53.64,110592.00,100.0,2000,null,null,120,640,480
2026-09-15T15:29:05.661Z,camera_1,1,222.59,0.00,222.59,746496.00,100.0,2000,null,null,30,1920,1080
2026-09-15T15:29:05.662Z,camera_0,1,2226.83,1950.59,276.23,110592.00,99.8,2000,null,null,120,640,480
2026-09-15T15:29:08.753Z,camera_0,1,37.60,0.00,37.60,110592.00,100.0,2000,null,null,120,640,480
2026-09-15T15:29:08.753Z,camera_1,1,139.87,0.00,139.87,746496.00,100.0,2000,null,null,30,1920,1080
2026-09-15T15:29:08.754Z,camera_0,1,3235.27,3057.80,177.47,110592.00,99.8,2000,null,null,120,640,480
2026-09-15T15:29:11.824Z,camera_0,1,31.08,0.00,31.08,110592.00,100.0,2000,null,null,120,640,480
2026-09-15T15:29:11.824Z,camera_1,1,198.03,0.00,198.03,746496.00,100.0,2000,null,null,30,1920,1080
2026-09-15T15:29:11.824Z,camera_0,1,2710.67,2481.56,229.11,110592.00,99.8,2000,null,null,120,640,480
2026-09-15T15:29:14.899Z,camera_0,1,29.58,0.00,29.58,110592.00,100.0,2000,null,null,120,640,480
2026-09-15T15:29:14.900Z,camera_1,1,74.20,0.00,74.20,746496.00,100.0,2000,null,null,30,1920,1080
2026-09-15T15:29:14.900Z,camera_0,1,1768.98,1665.20,103.78,110592.00,99.9,2000,null,null,120,640,480
2026-09-15T15:29:17.899Z,camera_0,1,44.12,0.00,44.12,110592.00,100.0,2000,null,null,120,640,480
2026-09-15T15:29:17.899Z,camera_1,1,168.45,0.00,168.45,746496.00,100.0,2000,null,null,30,1920,1080
2026-09-15T15:29:17.899Z,camera_0,1,2348.26,2135.70,212.57,110592.00,99.8,2000,null,null,120,640,480
2026-09-15T15:29:20.899Z,camera_0,1,35.09,0.00,35.09,147571.20,100.0,2000,null,null,30,854,480
2026-09-15T15:29:20.900Z,camera_1,1,188.00,0.00,188.00,746496.00,100.0,2000,null,null,30,1920,1080
2026-09-15T15:29:20.900Z,camera_0,1,2149.72,1926.63,223.09,147571.20,99.8,2000,null,null,30,854,480
2026-09-15T15:29:23.900Z,camera_0,1,15.04,0.00,15.04,110592.00,100.0,2000,null,null,120,640,480
2026-09-15T15:29:23.901Z,camera_1,1,97.26,0.00,97.26,746496.00,100.0,2000,null,null,30,1920,1080
2026-09-15T15:29:23.901Z,camera_0,1,2479.06,2366.76,112.30,110592.00,99.9,2000,null,null,120,640,480
